#2510.sql
#  1) Added new report column types 'selected_set_as_enabled' and 'selected_set_as_disabled'
#  2) For 'navbuttons':                        Added filter presets for 'Enabled' and 'Disabled'
#                                              Added operations 'with selected - enable' and 'with selected - disable'
#  3) For 'navbuttons_for_navsuite':           Added filter presets for 'Enabled' and 'Disabled'
#                                              Added operations 'with selected - enable' and 'with selected - disable'
#  4) For 'articles':                          Added filter presets for 'Enabled' and 'Disabled'
#                                              Added operations 'with selected - enable' and 'with selected - disable'
#  5) For 'events':                            Added filter presets for 'Enabled' and 'Disabled'
#                                              Added operations 'with selected - enable' and 'with selected - disable'
#  6) For 'gallery-albums':                    Added filter presets for 'Enabled' and 'Disabled'
#                                              Added operations 'with selected - enable' and 'with selected - disable'
#  7) For 'gallery-albums-for-gallery-album':  Added filter presets for 'Enabled' and 'Disabled'
#                                              Added operations 'with selected - enable' and 'with selected - disable'
#  8) For 'gallery-images':                    Added filter presets for 'Enabled' and 'Disabled'
#                                              Added operations 'with selected - enable' and 'with selected - disable'
#  9) For 'gallery-images-for-gallery-album':  Added filter presets for 'Enabled' and 'Disabled'
#                                              Added operations 'with selected - enable' and 'with selected - disable'
# 10) For 'job-postings':                      Added filter presets for 'Enabled' and 'Disabled'
#                                              Added operations 'with selected - enable' and 'with selected - disable'
# 11) For 'news-items':                        Added filter presets for 'Enabled' and 'Disabled'
#                                              Added operations 'with selected - enable' and 'with selected - disable'
# 12) For 'podcast-albums':                    Added filter presets for 'Enabled' and 'Disabled'
#                                              Added operations 'with selected - enable' and 'with selected - disable'
# 13) For 'podcast-albums-for-podcast-album':  Added filter presets for 'Enabled' and 'Disabled'
#                                              Added operations 'with selected - enable' and 'with selected - disable'
# 14) For 'podcasts':                          Added filter presets for 'Enabled' and 'Disabled'
#                                              Added operations 'with selected - enable' and 'with selected - disable'
# 15) For 'podcasts-for-podcast-album':        Added filter presets for 'Enabled' and 'Disabled'
#                                              Added operations 'with selected - enable' and 'with selected - disable'
# 16) Set version information


#  1) Added new report column types 'selected_set_as_enabled' and 'selected_set_as_disabled'
DELETE FROM `listdata`               WHERE `listTypeID` = 11 AND `ID` IN (2041861255,505876356);
INSERT INTO `listdata`               (`ID`,`archive`,`archiveID`,`deleted`,`systemID`,`color_background`,`color_text`,`content`,`custom_1`,`custom_2`,`custom_3`,`custom_4`,`custom_5`,`isHeader`,`listTypeID`,`parentID`,`seq`,`textEnglish`,`thumbnail`,`value`,`history_created_by`,`history_created_date`,`history_created_IP`,`history_modified_by`,`history_modified_date`,`history_modified_IP`) VALUES (505876356,0,0,0,1,'BFFFFF','000000','','','','','','',0,11,0,0,'SELECTED: Enable','','selected_set_as_enabled',1,'2017-11-11 09:18:52','127.0.0.1',1,'2017-11-11 09:19:08','127.0.0.1');
INSERT INTO `listdata`               (`ID`,`archive`,`archiveID`,`deleted`,`systemID`,`color_background`,`color_text`,`content`,`custom_1`,`custom_2`,`custom_3`,`custom_4`,`custom_5`,`isHeader`,`listTypeID`,`parentID`,`seq`,`textEnglish`,`thumbnail`,`value`,`history_created_by`,`history_created_date`,`history_created_IP`,`history_modified_by`,`history_modified_date`,`history_modified_IP`) VALUES (2041861255,0,0,0,1,'BFFFFF','000000','','','','','','',0,11,0,0,'SELECTED: Disable','','selected_set_as_disabled',1,'2017-11-11 09:19:24','127.0.0.1',1,'2017-11-11 09:19:31','127.0.0.1');

#  2) For 'navbuttons':                        Added filter presets for 'Enabled' and 'Disabled'
#                                              Added operations 'with selected - enable' and 'with selected - disable'
DELETE FROM `report_columns`         WHERE `ID` IN (247699980,1614786421);
INSERT INTO `report_columns`         (`ID`,`archive`,`archiveID`,`deleted`,`systemID`,`reportID`,`group_assign_csv`,`seq`,`tab`,`defaultValue`,`fieldType`,`formField`,`formFieldHeight`,`formFieldSpecial`,`formFieldTooltip`,`formFieldUnique`,`formFieldWidth`,`formLabel`,`formSelectorSQLMaster`,`formSelectorSQLMember`,`permCOMMUNITYADMIN`,`permGROUPVIEWER`,`permGROUPEDITOR`,`permMASTERADMIN`,`permPUBLIC`,`permSYSADMIN`,`permSYSAPPROVER`,`permSYSEDITOR`,`permSYSLOGON`,`permSYSMEMBER`,`permUSERADMIN`,`reportField`,`reportFieldSpecial`,`reportFilter`,`reportFilterLabel`,`reportLabel`,`reportSortBy_AZ`,`reportSortBy_a`,`reportSortBy_d`,`required_feature`,`required_feature_invert`,`history_created_by`,`history_created_date`,`history_created_IP`,`history_modified_by`,`history_modified_date`,`history_modified_IP`) VALUES (247699980,0,0,0,1,14,'',0,'0.','','selected_set_as_disabled','',0,'','',0,0,'','','',0,0,0,2,0,2,0,0,0,0,0,'','','','','',0,'','','',0,1,'2017-11-11 16:54:32','127.0.0.1',1,'2017-11-11 16:54:43','127.0.0.1');
INSERT INTO `report_columns`         (`ID`,`archive`,`archiveID`,`deleted`,`systemID`,`reportID`,`group_assign_csv`,`seq`,`tab`,`defaultValue`,`fieldType`,`formField`,`formFieldHeight`,`formFieldSpecial`,`formFieldTooltip`,`formFieldUnique`,`formFieldWidth`,`formLabel`,`formSelectorSQLMaster`,`formSelectorSQLMember`,`permCOMMUNITYADMIN`,`permGROUPVIEWER`,`permGROUPEDITOR`,`permMASTERADMIN`,`permPUBLIC`,`permSYSADMIN`,`permSYSAPPROVER`,`permSYSEDITOR`,`permSYSLOGON`,`permSYSMEMBER`,`permUSERADMIN`,`reportField`,`reportFieldSpecial`,`reportFilter`,`reportFilterLabel`,`reportLabel`,`reportSortBy_AZ`,`reportSortBy_a`,`reportSortBy_d`,`required_feature`,`required_feature_invert`,`history_created_by`,`history_created_date`,`history_created_IP`,`history_modified_by`,`history_modified_date`,`history_modified_IP`) VALUES (1614786421,0,0,0,1,14,'',0,'0.','','selected_set_as_enabled','',0,'','',0,0,'','','',0,0,0,2,0,2,0,0,0,0,0,'','','','','',0,'','','',0,1,'2017-11-11 16:54:47','127.0.0.1',1,'2017-11-11 16:54:59','127.0.0.1');

DELETE FROM `report_settings`        WHERE `reportID` IN (14) AND (`destinationType`='global');
DELETE FROM `report_filter_criteria` WHERE `filterID` IN (2067907451,1315932500);
DELETE FROM `report_filter`          WHERE `ID` IN (2067907451,1315932500);

INSERT INTO `report_filter`          (`ID`,`archive`,`archiveID`,`deleted`,`systemID`,`destinationID`,`destinationType`,`label`,`reportID`,`seq`,`history_created_by`,`history_created_date`,`history_created_IP`,`history_modified_by`,`history_modified_date`,`history_modified_IP`) VALUES (2067907451,0,0,0,1,0,'global','[ICON]16 16 8316 Enabled[/ICON]',14,0,1,'2017-11-11 08:58:10','127.0.0.1',1,'2017-11-11 08:58:29','127.0.0.1');
INSERT INTO `report_filter_criteria` (`ID`,`archive`,`archiveID`,`deleted`,`systemID`,`filterID`,`filter_criterion`,`filter_matchmodeID`,`filter_seq`,`filter_value`,`history_created_by`,`history_created_date`,`history_created_IP`,`history_modified_by`,`history_modified_date`,`history_modified_IP`) VALUES (182433298,0,0,0,1,2067907451,'641729401','1',1,'1',1,'2017-11-11 08:58:10','127.0.0.1',0,'0000-00-00 00:00:00','');
INSERT INTO `report_filter`          (`ID`,`archive`,`archiveID`,`deleted`,`systemID`,`destinationID`,`destinationType`,`label`,`reportID`,`seq`,`history_created_by`,`history_created_date`,`history_created_IP`,`history_modified_by`,`history_modified_date`,`history_modified_IP`) VALUES (1315932500,0,0,0,1,0,'global','[ICON]16 16 8332 Disabled[/ICON]',14,0,1,'2017-11-11 08:58:57','127.0.0.1',1,'2017-11-11 08:59:02','127.0.0.1');
INSERT INTO `report_filter_criteria` (`ID`,`archive`,`archiveID`,`deleted`,`systemID`,`filterID`,`filter_criterion`,`filter_matchmodeID`,`filter_seq`,`filter_value`,`history_created_by`,`history_created_date`,`history_created_IP`,`history_modified_by`,`history_modified_date`,`history_modified_IP`) VALUES (1012508695,0,0,0,1,1315932500,'641729401','1',1,'0',1,'2017-11-11 08:58:57','127.0.0.1',0,'0000-00-00 00:00:00','');
INSERT INTO `report_settings`        (`ID`,`archive`,`archiveID`,`deleted`,`systemID`,`destinationID`,`destinationType`,`reportID`,`report_columns_csv`,`report_filters_csv`,`history_created_by`,`history_created_date`,`history_created_IP`,`history_modified_by`,`history_modified_date`,`history_modified_IP`) VALUES (1296971771,0,0,0,1,0,'global',14,'','1763175919,679715069,1964679044,2067907451,1315932500',1,'2010-09-24 16:30:00','127.0.0.1',1,'2017-11-11 08:59:05','127.0.0.1');

#  3) For 'navbuttons_for_navsuite':           Added filter presets for 'Enabled' and 'Disabled'
#                                              Added operations 'with selected - enable' and 'with selected - disable'
DELETE FROM `report_columns`         WHERE `ID` IN (301638402,726789314);
INSERT INTO `report_columns`         (`ID`,`archive`,`archiveID`,`deleted`,`systemID`,`reportID`,`group_assign_csv`,`seq`,`tab`,`defaultValue`,`fieldType`,`formField`,`formFieldHeight`,`formFieldSpecial`,`formFieldTooltip`,`formFieldUnique`,`formFieldWidth`,`formLabel`,`formSelectorSQLMaster`,`formSelectorSQLMember`,`permCOMMUNITYADMIN`,`permGROUPVIEWER`,`permGROUPEDITOR`,`permMASTERADMIN`,`permPUBLIC`,`permSYSADMIN`,`permSYSAPPROVER`,`permSYSEDITOR`,`permSYSLOGON`,`permSYSMEMBER`,`permUSERADMIN`,`reportField`,`reportFieldSpecial`,`reportFilter`,`reportFilterLabel`,`reportLabel`,`reportSortBy_AZ`,`reportSortBy_a`,`reportSortBy_d`,`required_feature`,`required_feature_invert`,`history_created_by`,`history_created_date`,`history_created_IP`,`history_modified_by`,`history_modified_date`,`history_modified_IP`) VALUES (301638402,0,0,0,1,387825988,'',0,'0.','','selected_set_as_disabled','',0,'','',0,0,'','','',0,0,0,2,0,2,0,0,0,0,0,'','','','','',0,'','','',0,1,'2017-11-11 16:55:34','127.0.0.1',1,'2017-11-11 16:55:43','127.0.0.1');
INSERT INTO `report_columns`         (`ID`,`archive`,`archiveID`,`deleted`,`systemID`,`reportID`,`group_assign_csv`,`seq`,`tab`,`defaultValue`,`fieldType`,`formField`,`formFieldHeight`,`formFieldSpecial`,`formFieldTooltip`,`formFieldUnique`,`formFieldWidth`,`formLabel`,`formSelectorSQLMaster`,`formSelectorSQLMember`,`permCOMMUNITYADMIN`,`permGROUPVIEWER`,`permGROUPEDITOR`,`permMASTERADMIN`,`permPUBLIC`,`permSYSADMIN`,`permSYSAPPROVER`,`permSYSEDITOR`,`permSYSLOGON`,`permSYSMEMBER`,`permUSERADMIN`,`reportField`,`reportFieldSpecial`,`reportFilter`,`reportFilterLabel`,`reportLabel`,`reportSortBy_AZ`,`reportSortBy_a`,`reportSortBy_d`,`required_feature`,`required_feature_invert`,`history_created_by`,`history_created_date`,`history_created_IP`,`history_modified_by`,`history_modified_date`,`history_modified_IP`) VALUES (726789314,0,0,0,1,387825988,'',0,'0.','','selected_set_as_enabled','',0,'','',0,0,'','','',0,0,0,2,0,2,0,0,0,0,0,'','','','','',0,'','','',0,1,'2017-11-11 16:55:49','127.0.0.1',1,'2017-11-11 16:55:56','127.0.0.1');

DELETE FROM `report_settings`        WHERE `reportID` IN (1902651071) AND (`destinationType`='global');
DELETE FROM `report_filter_criteria` WHERE `filterID` IN (1689899436,1657631559);
DELETE FROM `report_filter`          WHERE `ID` IN (1689899436,1657631559);

INSERT INTO `report_filter`          (`ID`,`archive`,`archiveID`,`deleted`,`systemID`,`destinationID`,`destinationType`,`label`,`reportID`,`seq`,`history_created_by`,`history_created_date`,`history_created_IP`,`history_modified_by`,`history_modified_date`,`history_modified_IP`) VALUES (1657631559,0,0,0,1,0,'global','[ICON]16 16 8332 Disabled[/ICON]',387825988,0,1,'2017-11-11 17:51:30','127.0.0.1',1,'2017-11-11 17:51:48','127.0.0.1');
INSERT INTO `report_filter_criteria` (`ID`,`archive`,`archiveID`,`deleted`,`systemID`,`filterID`,`filter_criterion`,`filter_matchmodeID`,`filter_seq`,`filter_value`,`history_created_by`,`history_created_date`,`history_created_IP`,`history_modified_by`,`history_modified_date`,`history_modified_IP`) VALUES (1184254307,0,0,0,1,1657631559,'449865849','1',1,'0',1,'2017-11-11 17:51:30','127.0.0.1',0,'0000-00-00 00:00:00','');
INSERT INTO `report_filter`          (`ID`,`archive`,`archiveID`,`deleted`,`systemID`,`destinationID`,`destinationType`,`label`,`reportID`,`seq`,`history_created_by`,`history_created_date`,`history_created_IP`,`history_modified_by`,`history_modified_date`,`history_modified_IP`) VALUES (1689899436,0,0,0,1,0,'global','[ICON]16 16 8316 Enabled[/ICON]',387825988,0,1,'2017-11-11 17:51:00','127.0.0.1',1,'2017-11-11 17:51:44','127.0.0.1');
INSERT INTO `report_filter_criteria` (`ID`,`archive`,`archiveID`,`deleted`,`systemID`,`filterID`,`filter_criterion`,`filter_matchmodeID`,`filter_seq`,`filter_value`,`history_created_by`,`history_created_date`,`history_created_IP`,`history_modified_by`,`history_modified_date`,`history_modified_IP`) VALUES (2110118899,0,0,0,1,1689899436,'449865849','1',1,'1',1,'2017-11-11 17:51:00','127.0.0.1',0,'0000-00-00 00:00:00','');

#  4) For 'articles':                          Added filter presets for 'Enabled' and 'Disabled'
#                                              Added operations 'with selected - enable' and 'with selected - disable'
DELETE FROM `report_filter_criteria` WHERE `filterID` IN (SELECT `ID` FROM `report_filter`  WHERE `reportID` IN (1156338204) AND (`destinationType`='global'));
DELETE FROM `report_filter`          WHERE `reportID` IN (1156338204) AND (`destinationType`='global');
DELETE FROM `report_settings`        WHERE `reportID` IN (1156338204) AND (`destinationType`='global');

INSERT INTO `report_filter`          (`ID`,`archive`,`archiveID`,`deleted`,`systemID`,`destinationID`,`destinationType`,`label`,`reportID`,`seq`,`history_created_by`,`history_created_date`,`history_created_IP`,`history_modified_by`,`history_modified_date`,`history_modified_IP`) VALUES (101753706,0,0,0,1,0,'global','[ICON]11 11 6576 Has Categories - Yes[/ICON]',1156338204,0,1,'2011-05-13 20:14:46','127.0.0.1',1,'2012-08-02 18:37:23','127.0.0.1');
INSERT INTO `report_filter`          (`ID`,`archive`,`archiveID`,`deleted`,`systemID`,`destinationID`,`destinationType`,`label`,`reportID`,`seq`,`history_created_by`,`history_created_date`,`history_created_IP`,`history_modified_by`,`history_modified_date`,`history_modified_IP`) VALUES (206983399,0,0,0,1,0,'global','2011',1156338204,0,1,'2012-08-02 19:26:26','127.0.0.1',1,'2012-08-02 19:28:01','127.0.0.1');
INSERT INTO `report_filter`          (`ID`,`archive`,`archiveID`,`deleted`,`systemID`,`destinationID`,`destinationType`,`label`,`reportID`,`seq`,`history_created_by`,`history_created_date`,`history_created_IP`,`history_modified_by`,`history_modified_date`,`history_modified_IP`) VALUES (244410364,0,0,0,1,0,'global','[ICON]16 16 8332 Disabled[/ICON]',1156338204,0,1,'2017-11-11 18:02:08','127.0.0.1',1,'2017-11-11 18:02:19','127.0.0.1');
INSERT INTO `report_filter`          (`ID`,`archive`,`archiveID`,`deleted`,`systemID`,`destinationID`,`destinationType`,`label`,`reportID`,`seq`,`history_created_by`,`history_created_date`,`history_created_IP`,`history_modified_by`,`history_modified_date`,`history_modified_IP`) VALUES (280150779,0,0,0,1,0,'global','[ICON]18 18 6352 Comments -No[/ICON]',1156338204,0,1,'2012-08-02 19:23:04','127.0.0.1',1,'2012-08-02 19:23:31','127.0.0.1');
INSERT INTO `report_filter`          (`ID`,`archive`,`archiveID`,`deleted`,`systemID`,`destinationID`,`destinationType`,`label`,`reportID`,`seq`,`history_created_by`,`history_created_date`,`history_created_IP`,`history_modified_by`,`history_modified_date`,`history_modified_IP`) VALUES (397633470,0,0,0,1,0,'global','2015',1156338204,0,1,'2017-11-11 17:58:46','127.0.0.1',1,'2017-11-11 18:00:26','127.0.0.1');
INSERT INTO `report_filter`          (`ID`,`archive`,`archiveID`,`deleted`,`systemID`,`destinationID`,`destinationType`,`label`,`reportID`,`seq`,`history_created_by`,`history_created_date`,`history_created_IP`,`history_modified_by`,`history_modified_date`,`history_modified_IP`) VALUES (412393374,0,0,0,1,0,'global','&lt; Earlier',1156338204,0,1,'2012-08-02 19:25:54','127.0.0.1',1,'2017-11-11 18:01:16','127.0.0.1');
INSERT INTO `report_filter`          (`ID`,`archive`,`archiveID`,`deleted`,`systemID`,`destinationID`,`destinationType`,`label`,`reportID`,`seq`,`history_created_by`,`history_created_date`,`history_created_IP`,`history_modified_by`,`history_modified_date`,`history_modified_IP`) VALUES (462763093,0,0,0,1,0,'global','[ICON]21 21 7527 Has been Published to Public - No[/ICON]',1156338204,0,1,'2012-08-03 11:31:17','127.0.0.1',1,'2012-08-03 11:31:25','127.0.0.1');
INSERT INTO `report_filter`          (`ID`,`archive`,`archiveID`,`deleted`,`systemID`,`destinationID`,`destinationType`,`label`,`reportID`,`seq`,`history_created_by`,`history_created_date`,`history_created_IP`,`history_modified_by`,`history_modified_date`,`history_modified_IP`) VALUES (516452389,0,0,0,1,0,'global','2012',1156338204,0,1,'2012-08-02 19:26:35','127.0.0.1',1,'2012-08-02 19:28:04','127.0.0.1');
INSERT INTO `report_filter`          (`ID`,`archive`,`archiveID`,`deleted`,`systemID`,`destinationID`,`destinationType`,`label`,`reportID`,`seq`,`history_created_by`,`history_created_date`,`history_created_IP`,`history_modified_by`,`history_modified_date`,`history_modified_IP`) VALUES (527197028,0,0,0,1,0,'global','[ICON]19 19 6370 Has been Published to Groups - Yes[/ICON]',1156338204,5,1,'2009-04-22 14:32:26','127.0.0.1',1,'2012-08-02 19:23:50','127.0.0.1');
INSERT INTO `report_filter`          (`ID`,`archive`,`archiveID`,`deleted`,`systemID`,`destinationID`,`destinationType`,`label`,`reportID`,`seq`,`history_created_by`,`history_created_date`,`history_created_IP`,`history_modified_by`,`history_modified_date`,`history_modified_IP`) VALUES (707696861,0,0,0,1,0,'global','2016',1156338204,0,1,'2017-11-11 17:58:52','127.0.0.1',1,'2017-11-11 18:00:31','127.0.0.1');
INSERT INTO `report_filter`          (`ID`,`archive`,`archiveID`,`deleted`,`systemID`,`destinationID`,`destinationType`,`label`,`reportID`,`seq`,`history_created_by`,`history_created_date`,`history_created_IP`,`history_modified_by`,`history_modified_date`,`history_modified_IP`) VALUES (793937694,0,0,0,1,0,'global','[ICON]19 19 6389 Has been Published to Groups - No[/ICON]',1156338204,0,1,'2012-08-02 19:25:02','127.0.0.1',1,'2012-08-02 19:25:08','127.0.0.1');
INSERT INTO `report_filter`          (`ID`,`archive`,`archiveID`,`deleted`,`systemID`,`destinationID`,`destinationType`,`label`,`reportID`,`seq`,`history_created_by`,`history_created_date`,`history_created_IP`,`history_modified_by`,`history_modified_date`,`history_modified_IP`) VALUES (824299826,0,0,0,1,0,'global','Later &gt;',1156338204,0,1,'2017-11-11 17:59:23','127.0.0.1',1,'2017-11-11 18:01:28','127.0.0.1');
INSERT INTO `report_filter`          (`ID`,`archive`,`archiveID`,`deleted`,`systemID`,`destinationID`,`destinationType`,`label`,`reportID`,`seq`,`history_created_by`,`history_created_date`,`history_created_IP`,`history_modified_by`,`history_modified_date`,`history_modified_IP`) VALUES (834363754,0,0,0,1,0,'global','[ICON]21 21 7506 Has been Published to Public - Yes[/ICON]',1156338204,0,1,'2012-08-03 11:31:05','127.0.0.1',1,'2012-08-03 11:31:22','127.0.0.1');
INSERT INTO `report_filter`          (`ID`,`archive`,`archiveID`,`deleted`,`systemID`,`destinationID`,`destinationType`,`label`,`reportID`,`seq`,`history_created_by`,`history_created_date`,`history_created_IP`,`history_modified_by`,`history_modified_date`,`history_modified_IP`) VALUES (855885923,0,0,0,1,0,'global','2017',1156338204,0,1,'2017-11-11 17:59:02','127.0.0.1',1,'2017-11-11 18:00:34','127.0.0.1');
INSERT INTO `report_filter`          (`ID`,`archive`,`archiveID`,`deleted`,`systemID`,`destinationID`,`destinationType`,`label`,`reportID`,`seq`,`history_created_by`,`history_created_date`,`history_created_IP`,`history_modified_by`,`history_modified_date`,`history_modified_IP`) VALUES (979858008,0,0,0,1,0,'global','[ICON]17 17 6768 Modified Today[/ICON]',1156338204,3,1,'2008-04-26 05:50:26','',1,'2012-08-03 02:59:06','127.0.0.1');
INSERT INTO `report_filter`          (`ID`,`archive`,`archiveID`,`deleted`,`systemID`,`destinationID`,`destinationType`,`label`,`reportID`,`seq`,`history_created_by`,`history_created_date`,`history_created_IP`,`history_modified_by`,`history_modified_date`,`history_modified_IP`) VALUES (982224333,0,0,0,1,0,'global','[ICON]11 11 6587 Has Categories - No[/ICON]',1156338204,0,1,'2012-08-02 18:37:55','127.0.0.1',1,'2012-08-02 18:37:59','127.0.0.1');
INSERT INTO `report_filter`          (`ID`,`archive`,`archiveID`,`deleted`,`systemID`,`destinationID`,`destinationType`,`label`,`reportID`,`seq`,`history_created_by`,`history_created_date`,`history_created_IP`,`history_modified_by`,`history_modified_date`,`history_modified_IP`) VALUES (1113037329,0,0,0,1,0,'global','[ICON]13 13 6611 Marked as Important - No[/ICON]',1156338204,0,1,'2011-05-13 20:07:44','127.0.0.1',1,'2012-08-02 18:36:57','127.0.0.1');
INSERT INTO `report_filter`          (`ID`,`archive`,`archiveID`,`deleted`,`systemID`,`destinationID`,`destinationType`,`label`,`reportID`,`seq`,`history_created_by`,`history_created_date`,`history_created_IP`,`history_modified_by`,`history_modified_date`,`history_modified_IP`) VALUES (1184588047,0,0,0,1,0,'global','2014',1156338204,0,1,'2017-11-11 17:58:39','127.0.0.1',1,'2017-11-11 18:00:18','127.0.0.1');
INSERT INTO `report_filter`          (`ID`,`archive`,`archiveID`,`deleted`,`systemID`,`destinationID`,`destinationType`,`label`,`reportID`,`seq`,`history_created_by`,`history_created_date`,`history_created_IP`,`history_modified_by`,`history_modified_date`,`history_modified_IP`) VALUES (1289231874,0,0,0,1,0,'global','[ICON]17 17 6751 Created Today[/ICON]',1156338204,2,1,'2008-04-26 05:50:14','',1,'2012-08-03 02:58:55','127.0.0.1');
INSERT INTO `report_filter`          (`ID`,`archive`,`archiveID`,`deleted`,`systemID`,`destinationID`,`destinationType`,`label`,`reportID`,`seq`,`history_created_by`,`history_created_date`,`history_created_IP`,`history_modified_by`,`history_modified_date`,`history_modified_IP`) VALUES (1297776136,0,0,0,1,0,'global','[ICON]21 21 7359 Modified This Week[/ICON]',1156338204,0,1,'2012-08-03 11:30:28','127.0.0.1',1,'2012-08-03 11:30:36','127.0.0.1');
INSERT INTO `report_filter`          (`ID`,`archive`,`archiveID`,`deleted`,`systemID`,`destinationID`,`destinationType`,`label`,`reportID`,`seq`,`history_created_by`,`history_created_date`,`history_created_IP`,`history_modified_by`,`history_modified_date`,`history_modified_IP`) VALUES (1494999200,0,0,0,1,0,'global','[ICON]16 16 8316 Enabled[/ICON]',1156338204,0,1,'2017-11-11 18:01:57','127.0.0.1',1,'2017-11-11 18:02:14','127.0.0.1');
INSERT INTO `report_filter`          (`ID`,`archive`,`archiveID`,`deleted`,`systemID`,`destinationID`,`destinationType`,`label`,`reportID`,`seq`,`history_created_by`,`history_created_date`,`history_created_IP`,`history_modified_by`,`history_modified_date`,`history_modified_IP`) VALUES (1638442776,0,0,0,1,0,'global','[ICON]14 14 6912 (All Records - Unfiltered View)[/ICON](All)',1156338204,1,1,'2008-04-26 05:38:25','',1,'2012-08-03 02:58:40','127.0.0.1');
INSERT INTO `report_filter`          (`ID`,`archive`,`archiveID`,`deleted`,`systemID`,`destinationID`,`destinationType`,`label`,`reportID`,`seq`,`history_created_by`,`history_created_date`,`history_created_IP`,`history_modified_by`,`history_modified_date`,`history_modified_IP`) VALUES (1649582431,0,0,0,1,0,'global','2018',1156338204,0,1,'2017-11-11 17:59:09','127.0.0.1',1,'2017-11-11 18:00:44','127.0.0.1');
INSERT INTO `report_filter`          (`ID`,`archive`,`archiveID`,`deleted`,`systemID`,`destinationID`,`destinationType`,`label`,`reportID`,`seq`,`history_created_by`,`history_created_date`,`history_created_IP`,`history_modified_by`,`history_modified_date`,`history_modified_IP`) VALUES (1803497994,0,0,0,1,0,'global','2013',1156338204,0,1,'2012-08-02 19:26:44','127.0.0.1',1,'2012-08-02 19:28:07','127.0.0.1');
INSERT INTO `report_filter`          (`ID`,`archive`,`archiveID`,`deleted`,`systemID`,`destinationID`,`destinationType`,`label`,`reportID`,`seq`,`history_created_by`,`history_created_date`,`history_created_IP`,`history_modified_by`,`history_modified_date`,`history_modified_IP`) VALUES (1839755563,0,0,0,1,0,'global','[ICON]21 21 7338 Created This Week[/ICON]',1156338204,0,1,'2012-08-03 11:30:17','127.0.0.1',1,'2012-08-03 11:30:32','127.0.0.1');
INSERT INTO `report_filter`          (`ID`,`archive`,`archiveID`,`deleted`,`systemID`,`destinationID`,`destinationType`,`label`,`reportID`,`seq`,`history_created_by`,`history_created_date`,`history_created_IP`,`history_modified_by`,`history_modified_date`,`history_modified_IP`) VALUES (1845789176,0,0,0,1,0,'global','[ICON]13 13 6598 Marked as Important - Yes[/ICON]',1156338204,0,1,'2011-05-13 20:07:12','127.0.0.1',1,'2012-08-02 19:13:56','127.0.0.1');
INSERT INTO `report_filter`          (`ID`,`archive`,`archiveID`,`deleted`,`systemID`,`destinationID`,`destinationType`,`label`,`reportID`,`seq`,`history_created_by`,`history_created_date`,`history_created_IP`,`history_modified_by`,`history_modified_date`,`history_modified_IP`) VALUES (2038996216,0,0,0,1,0,'global','[ICON]18 18 6334 Has Received Comments - Yes[/ICON]',1156338204,4,1,'2009-04-22 14:40:42','127.0.0.1',1,'2012-08-02 19:22:41','127.0.0.1');
INSERT INTO `report_filter`          (`ID`,`archive`,`archiveID`,`deleted`,`systemID`,`destinationID`,`destinationType`,`label`,`reportID`,`seq`,`history_created_by`,`history_created_date`,`history_created_IP`,`history_modified_by`,`history_modified_date`,`history_modified_IP`) VALUES (2088611992,0,0,0,1,0,'global','2010',1156338204,0,1,'2012-08-02 19:26:19','127.0.0.1',1,'2012-08-02 19:26:56','127.0.0.1');
INSERT INTO `report_filter_criteria` (`ID`,`archive`,`archiveID`,`deleted`,`systemID`,`filterID`,`filter_criterion`,`filter_matchmodeID`,`filter_seq`,`filter_value`,`history_created_by`,`history_created_date`,`history_created_IP`,`history_modified_by`,`history_modified_date`,`history_modified_IP`) VALUES (1164640,0,0,0,1,280150779,'1504822871','1',1,'0',1,'2012-08-02 19:23:04','127.0.0.1',0,'0000-00-00 00:00:00','');
INSERT INTO `report_filter_criteria` (`ID`,`archive`,`archiveID`,`deleted`,`systemID`,`filterID`,`filter_criterion`,`filter_matchmodeID`,`filter_seq`,`filter_value`,`history_created_by`,`history_created_date`,`history_created_IP`,`history_modified_by`,`history_modified_date`,`history_modified_IP`) VALUES (26848292,0,0,0,1,824299826,'1568190515','8',1,'2018-12-31',1,'2017-11-11 17:59:23','127.0.0.1',0,'0000-00-00 00:00:00','');
INSERT INTO `report_filter_criteria` (`ID`,`archive`,`archiveID`,`deleted`,`systemID`,`filterID`,`filter_criterion`,`filter_matchmodeID`,`filter_seq`,`filter_value`,`history_created_by`,`history_created_date`,`history_created_IP`,`history_modified_by`,`history_modified_date`,`history_modified_IP`) VALUES (67974142,0,0,0,1,1803497994,'1568190515','3',1,'2013',1,'2012-08-02 19:26:44','127.0.0.1',0,'0000-00-00 00:00:00','');
INSERT INTO `report_filter_criteria` (`ID`,`archive`,`archiveID`,`deleted`,`systemID`,`filterID`,`filter_criterion`,`filter_matchmodeID`,`filter_seq`,`filter_value`,`history_created_by`,`history_created_date`,`history_created_IP`,`history_modified_by`,`history_modified_date`,`history_modified_IP`) VALUES (160649699,0,0,0,1,412393374,'1568190515','9',1,'2010-01-01',1,'2012-08-02 19:25:54','127.0.0.1',0,'0000-00-00 00:00:00','');
INSERT INTO `report_filter_criteria` (`ID`,`archive`,`archiveID`,`deleted`,`systemID`,`filterID`,`filter_criterion`,`filter_matchmodeID`,`filter_seq`,`filter_value`,`history_created_by`,`history_created_date`,`history_created_IP`,`history_modified_by`,`history_modified_date`,`history_modified_IP`) VALUES (215846370,0,0,0,1,979858008,'385336007','11',1,'TODAY',1,'2008-04-26 05:50:26','',0,'0000-00-00 00:00:00','');
INSERT INTO `report_filter_criteria` (`ID`,`archive`,`archiveID`,`deleted`,`systemID`,`filterID`,`filter_criterion`,`filter_matchmodeID`,`filter_seq`,`filter_value`,`history_created_by`,`history_created_date`,`history_created_IP`,`history_modified_by`,`history_modified_date`,`history_modified_IP`) VALUES (299047084,0,0,0,1,2088611992,'1568190515','3',1,'2010',1,'2012-08-02 19:26:19','127.0.0.1',0,'0000-00-00 00:00:00','');
INSERT INTO `report_filter_criteria` (`ID`,`archive`,`archiveID`,`deleted`,`systemID`,`filterID`,`filter_criterion`,`filter_matchmodeID`,`filter_seq`,`filter_value`,`history_created_by`,`history_created_date`,`history_created_IP`,`history_modified_by`,`history_modified_date`,`history_modified_IP`) VALUES (383484519,0,0,0,1,1184588047,'1568190515','3',1,'2014',1,'2017-11-11 17:58:39','127.0.0.1',0,'0000-00-00 00:00:00','');
INSERT INTO `report_filter_criteria` (`ID`,`archive`,`archiveID`,`deleted`,`systemID`,`filterID`,`filter_criterion`,`filter_matchmodeID`,`filter_seq`,`filter_value`,`history_created_by`,`history_created_date`,`history_created_IP`,`history_modified_by`,`history_modified_date`,`history_modified_IP`) VALUES (543942772,0,0,0,1,855885923,'1568190515','3',1,'2017',1,'2017-11-11 17:59:02','127.0.0.1',0,'0000-00-00 00:00:00','');
INSERT INTO `report_filter_criteria` (`ID`,`archive`,`archiveID`,`deleted`,`systemID`,`filterID`,`filter_criterion`,`filter_matchmodeID`,`filter_seq`,`filter_value`,`history_created_by`,`history_created_date`,`history_created_IP`,`history_modified_by`,`history_modified_date`,`history_modified_IP`) VALUES (728978544,0,0,0,1,1839755563,'47244117','11',1,'THIS_WEEK',1,'2012-08-03 11:30:17','127.0.0.1',0,'0000-00-00 00:00:00','');
INSERT INTO `report_filter_criteria` (`ID`,`archive`,`archiveID`,`deleted`,`systemID`,`filterID`,`filter_criterion`,`filter_matchmodeID`,`filter_seq`,`filter_value`,`history_created_by`,`history_created_date`,`history_created_IP`,`history_modified_by`,`history_modified_date`,`history_modified_IP`) VALUES (933184078,0,0,0,1,101753706,'1071043942','2',1,'',1,'2011-05-13 20:14:46','127.0.0.1',0,'0000-00-00 00:00:00','');
INSERT INTO `report_filter_criteria` (`ID`,`archive`,`archiveID`,`deleted`,`systemID`,`filterID`,`filter_criterion`,`filter_matchmodeID`,`filter_seq`,`filter_value`,`history_created_by`,`history_created_date`,`history_created_IP`,`history_modified_by`,`history_modified_date`,`history_modified_IP`) VALUES (935407638,0,0,0,1,527197028,'1233473409','8',1,'0',1,'2009-04-22 14:32:26','127.0.0.1',0,'0000-00-00 00:00:00','');
INSERT INTO `report_filter_criteria` (`ID`,`archive`,`archiveID`,`deleted`,`systemID`,`filterID`,`filter_criterion`,`filter_matchmodeID`,`filter_seq`,`filter_value`,`history_created_by`,`history_created_date`,`history_created_IP`,`history_modified_by`,`history_modified_date`,`history_modified_IP`) VALUES (1038167062,0,0,0,1,982224333,'1071043942','1',1,'',1,'2012-08-02 18:37:55','127.0.0.1',0,'0000-00-00 00:00:00','');
INSERT INTO `report_filter_criteria` (`ID`,`archive`,`archiveID`,`deleted`,`systemID`,`filterID`,`filter_criterion`,`filter_matchmodeID`,`filter_seq`,`filter_value`,`history_created_by`,`history_created_date`,`history_created_IP`,`history_modified_by`,`history_modified_date`,`history_modified_IP`) VALUES (1169313570,0,0,0,1,834363754,'1889932212','1',1,'1',1,'2012-08-03 11:31:05','127.0.0.1',0,'0000-00-00 00:00:00','');
INSERT INTO `report_filter_criteria` (`ID`,`archive`,`archiveID`,`deleted`,`systemID`,`filterID`,`filter_criterion`,`filter_matchmodeID`,`filter_seq`,`filter_value`,`history_created_by`,`history_created_date`,`history_created_IP`,`history_modified_by`,`history_modified_date`,`history_modified_IP`) VALUES (1290145065,0,0,0,1,397633470,'1568190515','3',1,'2015',1,'2017-11-11 17:58:46','127.0.0.1',0,'0000-00-00 00:00:00','');
INSERT INTO `report_filter_criteria` (`ID`,`archive`,`archiveID`,`deleted`,`systemID`,`filterID`,`filter_criterion`,`filter_matchmodeID`,`filter_seq`,`filter_value`,`history_created_by`,`history_created_date`,`history_created_IP`,`history_modified_by`,`history_modified_date`,`history_modified_IP`) VALUES (1367074687,0,0,0,1,1845789176,'1303292083','1',1,'Y',1,'2011-05-13 20:07:12','127.0.0.1',0,'0000-00-00 00:00:00','');
INSERT INTO `report_filter_criteria` (`ID`,`archive`,`archiveID`,`deleted`,`systemID`,`filterID`,`filter_criterion`,`filter_matchmodeID`,`filter_seq`,`filter_value`,`history_created_by`,`history_created_date`,`history_created_IP`,`history_modified_by`,`history_modified_date`,`history_modified_IP`) VALUES (1417047272,0,0,0,1,516452389,'1568190515','3',1,'2012',1,'2012-08-02 19:26:35','127.0.0.1',0,'0000-00-00 00:00:00','');
INSERT INTO `report_filter_criteria` (`ID`,`archive`,`archiveID`,`deleted`,`systemID`,`filterID`,`filter_criterion`,`filter_matchmodeID`,`filter_seq`,`filter_value`,`history_created_by`,`history_created_date`,`history_created_IP`,`history_modified_by`,`history_modified_date`,`history_modified_IP`) VALUES (1445994166,0,0,0,1,1289231874,'47244117','11',1,'TODAY',1,'2008-04-26 05:50:14','',0,'0000-00-00 00:00:00','');
INSERT INTO `report_filter_criteria` (`ID`,`archive`,`archiveID`,`deleted`,`systemID`,`filterID`,`filter_criterion`,`filter_matchmodeID`,`filter_seq`,`filter_value`,`history_created_by`,`history_created_date`,`history_created_IP`,`history_modified_by`,`history_modified_date`,`history_modified_IP`) VALUES (1511565756,0,0,0,1,1638442776,'','',1,'',1,'2008-04-26 05:38:25','',0,'0000-00-00 00:00:00','');
INSERT INTO `report_filter_criteria` (`ID`,`archive`,`archiveID`,`deleted`,`systemID`,`filterID`,`filter_criterion`,`filter_matchmodeID`,`filter_seq`,`filter_value`,`history_created_by`,`history_created_date`,`history_created_IP`,`history_modified_by`,`history_modified_date`,`history_modified_IP`) VALUES (1522343851,0,0,0,1,707696861,'1568190515','3',1,'2016',1,'2017-11-11 17:58:52','127.0.0.1',0,'0000-00-00 00:00:00','');
INSERT INTO `report_filter_criteria` (`ID`,`archive`,`archiveID`,`deleted`,`systemID`,`filterID`,`filter_criterion`,`filter_matchmodeID`,`filter_seq`,`filter_value`,`history_created_by`,`history_created_date`,`history_created_IP`,`history_modified_by`,`history_modified_date`,`history_modified_IP`) VALUES (1613138131,0,0,0,1,1494999200,'534379156','1',1,'1',1,'2017-11-11 18:01:57','127.0.0.1',0,'0000-00-00 00:00:00','');
INSERT INTO `report_filter_criteria` (`ID`,`archive`,`archiveID`,`deleted`,`systemID`,`filterID`,`filter_criterion`,`filter_matchmodeID`,`filter_seq`,`filter_value`,`history_created_by`,`history_created_date`,`history_created_IP`,`history_modified_by`,`history_modified_date`,`history_modified_IP`) VALUES (1639210953,0,0,0,1,244410364,'534379156','1',1,'0',1,'2017-11-11 18:02:08','127.0.0.1',0,'0000-00-00 00:00:00','');
INSERT INTO `report_filter_criteria` (`ID`,`archive`,`archiveID`,`deleted`,`systemID`,`filterID`,`filter_criterion`,`filter_matchmodeID`,`filter_seq`,`filter_value`,`history_created_by`,`history_created_date`,`history_created_IP`,`history_modified_by`,`history_modified_date`,`history_modified_IP`) VALUES (1652862834,0,0,0,1,2038996216,'1504822871','8',1,'0',1,'2009-04-22 14:40:42','127.0.0.1',0,'0000-00-00 00:00:00','');
INSERT INTO `report_filter_criteria` (`ID`,`archive`,`archiveID`,`deleted`,`systemID`,`filterID`,`filter_criterion`,`filter_matchmodeID`,`filter_seq`,`filter_value`,`history_created_by`,`history_created_date`,`history_created_IP`,`history_modified_by`,`history_modified_date`,`history_modified_IP`) VALUES (1707970189,0,0,0,1,1297776136,'385336007','11',1,'THIS_WEEK',1,'2012-08-03 11:30:28','127.0.0.1',0,'0000-00-00 00:00:00','');
INSERT INTO `report_filter_criteria` (`ID`,`archive`,`archiveID`,`deleted`,`systemID`,`filterID`,`filter_criterion`,`filter_matchmodeID`,`filter_seq`,`filter_value`,`history_created_by`,`history_created_date`,`history_created_IP`,`history_modified_by`,`history_modified_date`,`history_modified_IP`) VALUES (1786404382,0,0,0,1,462763093,'1889932212','1',1,'0',1,'2012-08-03 11:31:17','127.0.0.1',0,'0000-00-00 00:00:00','');
INSERT INTO `report_filter_criteria` (`ID`,`archive`,`archiveID`,`deleted`,`systemID`,`filterID`,`filter_criterion`,`filter_matchmodeID`,`filter_seq`,`filter_value`,`history_created_by`,`history_created_date`,`history_created_IP`,`history_modified_by`,`history_modified_date`,`history_modified_IP`) VALUES (1856117779,0,0,0,1,206983399,'1568190515','3',1,'2011',1,'2012-08-02 19:26:26','127.0.0.1',0,'0000-00-00 00:00:00','');
INSERT INTO `report_filter_criteria` (`ID`,`archive`,`archiveID`,`deleted`,`systemID`,`filterID`,`filter_criterion`,`filter_matchmodeID`,`filter_seq`,`filter_value`,`history_created_by`,`history_created_date`,`history_created_IP`,`history_modified_by`,`history_modified_date`,`history_modified_IP`) VALUES (1913984680,0,0,0,1,1113037329,'1303292083','1',1,'N',1,'2011-05-13 20:07:44','127.0.0.1',0,'0000-00-00 00:00:00','');
INSERT INTO `report_filter_criteria` (`ID`,`archive`,`archiveID`,`deleted`,`systemID`,`filterID`,`filter_criterion`,`filter_matchmodeID`,`filter_seq`,`filter_value`,`history_created_by`,`history_created_date`,`history_created_IP`,`history_modified_by`,`history_modified_date`,`history_modified_IP`) VALUES (2001764509,0,0,0,1,793937694,'1233473409','1',1,'0',1,'2012-08-02 19:25:02','127.0.0.1',0,'0000-00-00 00:00:00','');
INSERT INTO `report_filter_criteria` (`ID`,`archive`,`archiveID`,`deleted`,`systemID`,`filterID`,`filter_criterion`,`filter_matchmodeID`,`filter_seq`,`filter_value`,`history_created_by`,`history_created_date`,`history_created_IP`,`history_modified_by`,`history_modified_date`,`history_modified_IP`) VALUES (2066797959,0,0,0,1,1649582431,'1568190515','3',1,'2018',1,'2017-11-11 17:59:09','127.0.0.1',0,'0000-00-00 00:00:00','');
INSERT INTO `report_settings`        (`ID`,`archive`,`archiveID`,`deleted`,`systemID`,`destinationID`,`destinationType`,`reportID`,`report_columns_csv`,`report_filters_csv`,`history_created_by`,`history_created_date`,`history_created_IP`,`history_modified_by`,`history_modified_date`,`history_modified_IP`) VALUES (1698821619,0,0,0,1,0,'global',1156338204,'','1638442776,1289231874,1839755563,979858008,1297776136,1494999200,244410364,834363754,462763093,527197028,793937694,2038996216,280150779,1845789176,1113037329,101753706,982224333,412393374,2088611992,206983399,516452389,1803497994,1184588047,397633470,707696861,855885923,1649582431,824299826',1,'2010-09-24 16:30:00','127.0.0.1',1,'2017-11-11 18:02:26','127.0.0.1');


#  5) For 'events':                            Added filter presets for 'Enabled' and 'Disabled'
#                                              Added operations 'with selected - enable' and 'with selected - disable'
DELETE FROM `report_columns`         WHERE `ID` IN (1872094313,632177340);
INSERT INTO `report_columns`         (`ID`,`archive`,`archiveID`,`deleted`,`systemID`,`reportID`,`group_assign_csv`,`seq`,`tab`,`defaultValue`,`fieldType`,`formField`,`formFieldHeight`,`formFieldSpecial`,`formFieldTooltip`,`formFieldUnique`,`formFieldWidth`,`formLabel`,`formSelectorSQLMaster`,`formSelectorSQLMember`,`permCOMMUNITYADMIN`,`permGROUPVIEWER`,`permGROUPEDITOR`,`permMASTERADMIN`,`permPUBLIC`,`permSYSADMIN`,`permSYSAPPROVER`,`permSYSEDITOR`,`permSYSLOGON`,`permSYSMEMBER`,`permUSERADMIN`,`reportField`,`reportFieldSpecial`,`reportFilter`,`reportFilterLabel`,`reportLabel`,`reportSortBy_AZ`,`reportSortBy_a`,`reportSortBy_d`,`required_feature`,`required_feature_invert`,`history_created_by`,`history_created_date`,`history_created_IP`,`history_modified_by`,`history_modified_date`,`history_modified_IP`) VALUES (632177340,0,0,0,1,1,'',0,'0.','','selected_set_as_enabled','',0,'','',0,0,'','','',0,0,0,2,0,2,0,0,0,0,0,'','','','','',0,'','','',0,1,'2017-11-11 18:13:03','127.0.0.1',1,'2017-11-11 18:13:19','127.0.0.1');
INSERT INTO `report_columns`         (`ID`,`archive`,`archiveID`,`deleted`,`systemID`,`reportID`,`group_assign_csv`,`seq`,`tab`,`defaultValue`,`fieldType`,`formField`,`formFieldHeight`,`formFieldSpecial`,`formFieldTooltip`,`formFieldUnique`,`formFieldWidth`,`formLabel`,`formSelectorSQLMaster`,`formSelectorSQLMember`,`permCOMMUNITYADMIN`,`permGROUPVIEWER`,`permGROUPEDITOR`,`permMASTERADMIN`,`permPUBLIC`,`permSYSADMIN`,`permSYSAPPROVER`,`permSYSEDITOR`,`permSYSLOGON`,`permSYSMEMBER`,`permUSERADMIN`,`reportField`,`reportFieldSpecial`,`reportFilter`,`reportFilterLabel`,`reportLabel`,`reportSortBy_AZ`,`reportSortBy_a`,`reportSortBy_d`,`required_feature`,`required_feature_invert`,`history_created_by`,`history_created_date`,`history_created_IP`,`history_modified_by`,`history_modified_date`,`history_modified_IP`) VALUES (1872094313,0,0,0,1,1,'',0,'0.','','selected_set_as_disabled','',0,'','',0,0,'','','',0,0,0,2,0,2,0,0,0,0,0,'','','','','',0,'','','',0,1,'2017-11-11 18:12:58','127.0.0.1',1,'2017-11-11 18:13:19','127.0.0.1');

DELETE FROM `report_filter_criteria` WHERE `filterID` IN (SELECT `ID` FROM `report_filter`  WHERE `reportID` IN (1) AND (`destinationType`='global'));
DELETE FROM `report_filter`          WHERE `reportID` IN (1) AND (`destinationType`='global');
DELETE FROM `report_settings`        WHERE `reportID` IN (1) AND (`destinationType`='global');

INSERT INTO `report_filter`          (`ID`,`archive`,`archiveID`,`deleted`,`systemID`,`destinationID`,`destinationType`,`label`,`reportID`,`seq`,`history_created_by`,`history_created_date`,`history_created_IP`,`history_modified_by`,`history_modified_date`,`history_modified_IP`) VALUES (6994375,0,0,0,1,0,'global','[ICON]21 21 7527 Has been Published to Public - No[/ICON]',1,0,1,'2012-08-03 11:28:19','127.0.0.1',1,'2012-08-03 11:28:27','127.0.0.1');
INSERT INTO `report_filter`          (`ID`,`archive`,`archiveID`,`deleted`,`systemID`,`destinationID`,`destinationType`,`label`,`reportID`,`seq`,`history_created_by`,`history_created_date`,`history_created_IP`,`history_modified_by`,`history_modified_date`,`history_modified_IP`) VALUES (78638039,0,0,0,1,0,'global','2016',1,0,1,'2017-11-11 18:11:34','127.0.0.1',1,'2017-11-11 18:35:41','127.0.0.1');
INSERT INTO `report_filter`          (`ID`,`archive`,`archiveID`,`deleted`,`systemID`,`destinationID`,`destinationType`,`label`,`reportID`,`seq`,`history_created_by`,`history_created_date`,`history_created_IP`,`history_modified_by`,`history_modified_date`,`history_modified_IP`) VALUES (129588831,0,0,0,1,0,'global','[ICON]19 19 6389 Has been Published to Groups - No[/ICON]',1,0,1,'2012-08-02 15:10:59','127.0.0.1',1,'2012-08-02 15:11:05','127.0.0.1');
INSERT INTO `report_filter`          (`ID`,`archive`,`archiveID`,`deleted`,`systemID`,`destinationID`,`destinationType`,`label`,`reportID`,`seq`,`history_created_by`,`history_created_date`,`history_created_IP`,`history_modified_by`,`history_modified_date`,`history_modified_IP`) VALUES (245226001,0,0,0,1,0,'global','Member',1,0,1,'2012-05-20 08:05:57','70.26.63.142',1,'2017-11-11 18:35:20','127.0.0.1');
INSERT INTO `report_filter`          (`ID`,`archive`,`archiveID`,`deleted`,`systemID`,`destinationID`,`destinationType`,`label`,`reportID`,`seq`,`history_created_by`,`history_created_date`,`history_created_IP`,`history_modified_by`,`history_modified_date`,`history_modified_IP`) VALUES (268391465,0,0,0,1,0,'global','[ICON]18 18 6334 Has Received Comments - Yes[/ICON]',1,10,1,'2009-04-22 14:35:12','127.0.0.1',1,'2012-08-02 15:05:39','127.0.0.1');
INSERT INTO `report_filter`          (`ID`,`archive`,`archiveID`,`deleted`,`systemID`,`destinationID`,`destinationType`,`label`,`reportID`,`seq`,`history_created_by`,`history_created_date`,`history_created_IP`,`history_modified_by`,`history_modified_date`,`history_modified_IP`) VALUES (432464216,0,0,0,1,0,'global','[ICON]18 18 6426 Has Related Products - No[/ICON]',1,0,1,'2012-08-02 15:15:04','127.0.0.1',1,'2012-08-02 15:15:40','127.0.0.1');
INSERT INTO `report_filter`          (`ID`,`archive`,`archiveID`,`deleted`,`systemID`,`destinationID`,`destinationType`,`label`,`reportID`,`seq`,`history_created_by`,`history_created_date`,`history_created_IP`,`history_modified_by`,`history_modified_date`,`history_modified_IP`) VALUES (460013495,0,0,0,1,0,'global','[ICON]21 21 7506 Has been Published to Public - Yes[/ICON]',1,0,1,'2012-08-03 11:28:11','127.0.0.1',1,'2012-08-03 11:28:23','127.0.0.1');
INSERT INTO `report_filter`          (`ID`,`archive`,`archiveID`,`deleted`,`systemID`,`destinationID`,`destinationType`,`label`,`reportID`,`seq`,`history_created_by`,`history_created_date`,`history_created_IP`,`history_modified_by`,`history_modified_date`,`history_modified_IP`) VALUES (495141540,0,0,0,1,0,'global','[ICON]11 11 6587 Has Categories - No[/ICON]',1,0,1,'2012-08-02 16:27:07','127.0.0.1',1,'2012-08-02 16:27:12','127.0.0.1');
INSERT INTO `report_filter`          (`ID`,`archive`,`archiveID`,`deleted`,`systemID`,`destinationID`,`destinationType`,`label`,`reportID`,`seq`,`history_created_by`,`history_created_date`,`history_created_IP`,`history_modified_by`,`history_modified_date`,`history_modified_IP`) VALUES (562102668,0,0,0,1,0,'global','[ICON]16 16 8063 Lower Accuracy[/ICON]',1,0,1,'2014-02-22 09:00:31','127.0.0.1',1,'2014-02-22 09:00:44','127.0.0.1');
INSERT INTO `report_filter`          (`ID`,`archive`,`archiveID`,`deleted`,`systemID`,`destinationID`,`destinationType`,`label`,`reportID`,`seq`,`history_created_by`,`history_created_date`,`history_created_IP`,`history_modified_by`,`history_modified_date`,`history_modified_IP`) VALUES (697466165,0,0,0,1,0,'global','[ICON]21 21 7338 Created This Week[/ICON]',1,0,1,'2012-08-03 11:25:57','127.0.0.1',1,'2012-08-03 11:26:22','127.0.0.1');
INSERT INTO `report_filter`          (`ID`,`archive`,`archiveID`,`deleted`,`systemID`,`destinationID`,`destinationType`,`label`,`reportID`,`seq`,`history_created_by`,`history_created_date`,`history_created_IP`,`history_modified_by`,`history_modified_date`,`history_modified_IP`) VALUES (776728736,0,0,0,1,0,'global','[ICON]31 31 7742 Is a Recurrence[/ICON]',1,0,1,'2012-08-02 14:51:44','127.0.0.1',1,'2012-08-07 15:23:39','127.0.0.1');
INSERT INTO `report_filter`          (`ID`,`archive`,`archiveID`,`deleted`,`systemID`,`destinationID`,`destinationType`,`label`,`reportID`,`seq`,`history_created_by`,`history_created_date`,`history_created_IP`,`history_modified_by`,`history_modified_date`,`history_modified_IP`) VALUES (809917535,0,0,0,1,0,'global','2014',1,0,1,'2017-11-11 18:11:21','127.0.0.1',1,'2017-11-11 18:35:25','127.0.0.1');
INSERT INTO `report_filter`          (`ID`,`archive`,`archiveID`,`deleted`,`systemID`,`destinationID`,`destinationType`,`label`,`reportID`,`seq`,`history_created_by`,`history_created_date`,`history_created_IP`,`history_modified_by`,`history_modified_date`,`history_modified_IP`) VALUES (817696260,0,0,0,1,0,'global','[ICON]18 18 6352 Has Received Comments - No[/ICON]',1,0,1,'2012-08-02 15:06:07','127.0.0.1',1,'2012-08-02 19:24:12','127.0.0.1');
INSERT INTO `report_filter`          (`ID`,`archive`,`archiveID`,`deleted`,`systemID`,`destinationID`,`destinationType`,`label`,`reportID`,`seq`,`history_created_by`,`history_created_date`,`history_created_IP`,`history_modified_by`,`history_modified_date`,`history_modified_IP`) VALUES (834420004,0,0,0,1,0,'global','[ICON]21 21 7359 Modified This Week[/ICON]',1,0,1,'2012-08-03 11:26:18','127.0.0.1',1,'2012-08-03 11:26:26','127.0.0.1');
INSERT INTO `report_filter`          (`ID`,`archive`,`archiveID`,`deleted`,`systemID`,`destinationID`,`destinationType`,`label`,`reportID`,`seq`,`history_created_by`,`history_created_date`,`history_created_IP`,`history_modified_by`,`history_modified_date`,`history_modified_IP`) VALUES (834856711,0,0,0,1,0,'global','[ICON]22 22 6554 Has Registrants - No[/ICON]',1,6,1,'2008-01-05 23:10:15','',1,'2012-08-02 16:16:16','127.0.0.1');
INSERT INTO `report_filter`          (`ID`,`archive`,`archiveID`,`deleted`,`systemID`,`destinationID`,`destinationType`,`label`,`reportID`,`seq`,`history_created_by`,`history_created_date`,`history_created_IP`,`history_modified_by`,`history_modified_date`,`history_modified_IP`) VALUES (879980022,0,0,0,1,0,'global','[ICON]14 14 6912 (All Records - Unfiltered View)[/ICON](All)',1,1,1,'2007-07-11 22:04:19','',1,'2012-08-03 03:00:10','127.0.0.1');
INSERT INTO `report_filter`          (`ID`,`archive`,`archiveID`,`deleted`,`systemID`,`destinationID`,`destinationType`,`label`,`reportID`,`seq`,`history_created_by`,`history_created_date`,`history_created_IP`,`history_modified_by`,`history_modified_date`,`history_modified_IP`) VALUES (965890414,0,0,0,1,0,'global','2011',1,0,1,'2012-08-02 16:34:28','127.0.0.1',1,'2012-08-02 16:34:48','127.0.0.1');
INSERT INTO `report_filter`          (`ID`,`archive`,`archiveID`,`deleted`,`systemID`,`destinationID`,`destinationType`,`label`,`reportID`,`seq`,`history_created_by`,`history_created_date`,`history_created_IP`,`history_modified_by`,`history_modified_date`,`history_modified_IP`) VALUES (1003858021,0,0,0,1,0,'global','2018',1,0,1,'2017-11-11 18:11:49','127.0.0.1',1,'2017-11-11 18:35:55','127.0.0.1');
INSERT INTO `report_filter`          (`ID`,`archive`,`archiveID`,`deleted`,`systemID`,`destinationID`,`destinationType`,`label`,`reportID`,`seq`,`history_created_by`,`history_created_date`,`history_created_IP`,`history_modified_by`,`history_modified_date`,`history_modified_IP`) VALUES (1053473123,0,0,0,1,0,'global','[ICON]16 16 6082 Has Map[/ICON]',1,0,1,'2013-05-29 11:39:49','127.0.0.1',1,'2013-05-29 11:42:12','127.0.0.1');
INSERT INTO `report_filter`          (`ID`,`archive`,`archiveID`,`deleted`,`systemID`,`destinationID`,`destinationType`,`label`,`reportID`,`seq`,`history_created_by`,`history_created_date`,`history_created_IP`,`history_modified_by`,`history_modified_date`,`history_modified_IP`) VALUES (1122871854,0,0,0,1,0,'global','2015',1,0,1,'2017-11-11 18:11:28','127.0.0.1',1,'2017-11-11 18:35:29','127.0.0.1');
INSERT INTO `report_filter`          (`ID`,`archive`,`archiveID`,`deleted`,`systemID`,`destinationID`,`destinationType`,`label`,`reportID`,`seq`,`history_created_by`,`history_created_date`,`history_created_IP`,`history_modified_by`,`history_modified_date`,`history_modified_IP`) VALUES (1158991491,0,0,0,1,0,'global','[ICON]18 18 6408 Has Related Products - Yes[/ICON]',1,9,1,'2009-04-22 14:29:17','127.0.0.1',1,'2012-08-02 15:14:36','127.0.0.1');
INSERT INTO `report_filter`          (`ID`,`archive`,`archiveID`,`deleted`,`systemID`,`destinationID`,`destinationType`,`label`,`reportID`,`seq`,`history_created_by`,`history_created_date`,`history_created_IP`,`history_modified_by`,`history_modified_date`,`history_modified_IP`) VALUES (1226330053,0,0,0,1,0,'global','2010',1,0,1,'2012-08-02 16:35:23','127.0.0.1',1,'2012-08-02 16:35:37','127.0.0.1');
INSERT INTO `report_filter`          (`ID`,`archive`,`archiveID`,`deleted`,`systemID`,`destinationID`,`destinationType`,`label`,`reportID`,`seq`,`history_created_by`,`history_created_date`,`history_created_IP`,`history_modified_by`,`history_modified_date`,`history_modified_IP`) VALUES (1250858174,0,0,0,1,0,'global','[ICON]17 17 6751 Created Today[/ICON]',1,2,1,'2008-04-21 10:39:40','',1,'2012-08-03 03:00:21','127.0.0.1');
INSERT INTO `report_filter`          (`ID`,`archive`,`archiveID`,`deleted`,`systemID`,`destinationID`,`destinationType`,`label`,`reportID`,`seq`,`history_created_by`,`history_created_date`,`history_created_IP`,`history_modified_by`,`history_modified_date`,`history_modified_IP`) VALUES (1293625290,0,0,0,1,0,'global','[ICON]13 13 6598 Marked as Important - Yes[/ICON]',1,0,1,'2011-05-13 19:31:12','127.0.0.1',1,'2012-08-02 16:29:57','127.0.0.1');
INSERT INTO `report_filter`          (`ID`,`archive`,`archiveID`,`deleted`,`systemID`,`destinationID`,`destinationType`,`label`,`reportID`,`seq`,`history_created_by`,`history_created_date`,`history_created_IP`,`history_modified_by`,`history_modified_date`,`history_modified_IP`) VALUES (1294431677,0,0,0,1,0,'global','[ICON]16 16 8316 Enabled[/ICON]',1,0,1,'2017-11-11 18:36:43','127.0.0.1',1,'2017-11-11 18:36:58','127.0.0.1');
INSERT INTO `report_filter`          (`ID`,`archive`,`archiveID`,`deleted`,`systemID`,`destinationID`,`destinationType`,`label`,`reportID`,`seq`,`history_created_by`,`history_created_date`,`history_created_IP`,`history_modified_by`,`history_modified_date`,`history_modified_IP`) VALUES (1405761152,0,0,0,1,0,'global','2013',1,0,1,'2012-08-02 16:34:43','127.0.0.1',1,'2012-08-02 16:34:56','127.0.0.1');
INSERT INTO `report_filter`          (`ID`,`archive`,`archiveID`,`deleted`,`systemID`,`destinationID`,`destinationType`,`label`,`reportID`,`seq`,`history_created_by`,`history_created_date`,`history_created_IP`,`history_modified_by`,`history_modified_date`,`history_modified_IP`) VALUES (1440218741,0,0,0,1,0,'global','[ICON]19 19 6370 Has been Published to Groups - Yes[/ICON]',1,8,1,'2009-04-22 14:19:51','127.0.0.1',1,'2012-08-02 15:07:27','127.0.0.1');
INSERT INTO `report_filter`          (`ID`,`archive`,`archiveID`,`deleted`,`systemID`,`destinationID`,`destinationType`,`label`,`reportID`,`seq`,`history_created_by`,`history_created_date`,`history_created_IP`,`history_modified_by`,`history_modified_date`,`history_modified_IP`) VALUES (1457981787,0,0,0,1,0,'global','Later &gt;',1,0,1,'2017-11-11 18:34:48','127.0.0.1',1,'2017-11-11 18:35:59','127.0.0.1');
INSERT INTO `report_filter`          (`ID`,`archive`,`archiveID`,`deleted`,`systemID`,`destinationID`,`destinationType`,`label`,`reportID`,`seq`,`history_created_by`,`history_created_date`,`history_created_IP`,`history_modified_by`,`history_modified_date`,`history_modified_IP`) VALUES (1491671224,0,0,0,1,0,'global','[ICON]22 22 6444 Has Recurrences - Yes[/ICON]',1,0,1,'2012-08-02 16:09:33','127.0.0.1',1,'2012-08-02 16:10:58','127.0.0.1');
INSERT INTO `report_filter`          (`ID`,`archive`,`archiveID`,`deleted`,`systemID`,`destinationID`,`destinationType`,`label`,`reportID`,`seq`,`history_created_by`,`history_created_date`,`history_created_IP`,`history_modified_by`,`history_modified_date`,`history_modified_IP`) VALUES (1538071809,0,0,0,1,0,'global','2017',1,0,1,'2017-11-11 18:11:42','127.0.0.1',1,'2017-11-11 18:35:46','127.0.0.1');
INSERT INTO `report_filter`          (`ID`,`archive`,`archiveID`,`deleted`,`systemID`,`destinationID`,`destinationType`,`label`,`reportID`,`seq`,`history_created_by`,`history_created_date`,`history_created_IP`,`history_modified_by`,`history_modified_date`,`history_modified_IP`) VALUES (1574576951,0,0,0,1,0,'global','[ICON]16 16 8332 Disabled[/ICON]',1,0,1,'2017-11-11 18:36:54','127.0.0.1',1,'2017-11-11 18:37:02','127.0.0.1');
INSERT INTO `report_filter`          (`ID`,`archive`,`archiveID`,`deleted`,`systemID`,`destinationID`,`destinationType`,`label`,`reportID`,`seq`,`history_created_by`,`history_created_date`,`history_created_IP`,`history_modified_by`,`history_modified_date`,`history_modified_IP`) VALUES (1582460282,0,0,0,1,0,'global','[ICON]22 22 6466 Has Recurrences - No[/ICON]',1,0,1,'2012-08-02 16:10:29','127.0.0.1',1,'2012-08-02 16:12:49','127.0.0.1');
INSERT INTO `report_filter`          (`ID`,`archive`,`archiveID`,`deleted`,`systemID`,`destinationID`,`destinationType`,`label`,`reportID`,`seq`,`history_created_by`,`history_created_date`,`history_created_IP`,`history_modified_by`,`history_modified_date`,`history_modified_IP`) VALUES (1590958880,0,0,0,1,0,'global','&lt; Earlier',1,0,1,'2012-08-02 16:57:47','127.0.0.1',1,'2017-11-11 18:11:58','127.0.0.1');
INSERT INTO `report_filter`          (`ID`,`archive`,`archiveID`,`deleted`,`systemID`,`destinationID`,`destinationType`,`label`,`reportID`,`seq`,`history_created_by`,`history_created_date`,`history_created_IP`,`history_modified_by`,`history_modified_date`,`history_modified_IP`) VALUES (1674546640,0,0,0,1,0,'global','[ICON]13 13 6611 Marked as Important - No[/ICON]',1,0,1,'2011-05-13 19:31:38','127.0.0.1',1,'2012-08-02 16:30:36','127.0.0.1');
INSERT INTO `report_filter`          (`ID`,`archive`,`archiveID`,`deleted`,`systemID`,`destinationID`,`destinationType`,`label`,`reportID`,`seq`,`history_created_by`,`history_created_date`,`history_created_IP`,`history_modified_by`,`history_modified_date`,`history_modified_IP`) VALUES (1680580275,0,0,0,1,0,'global','[ICON]11 11 6576 Has Categories - Yes[/ICON]',1,0,1,'2011-05-13 20:15:28','127.0.0.1',1,'2012-08-02 16:26:42','127.0.0.1');
INSERT INTO `report_filter`          (`ID`,`archive`,`archiveID`,`deleted`,`systemID`,`destinationID`,`destinationType`,`label`,`reportID`,`seq`,`history_created_by`,`history_created_date`,`history_created_IP`,`history_modified_by`,`history_modified_date`,`history_modified_IP`) VALUES (1741822258,0,0,0,1,0,'global','[ICON]16 16 6098 No Map[/ICON]',1,0,1,'2013-05-29 11:42:07','127.0.0.1',1,'2013-05-29 11:42:16','127.0.0.1');
INSERT INTO `report_filter`          (`ID`,`archive`,`archiveID`,`deleted`,`systemID`,`destinationID`,`destinationType`,`label`,`reportID`,`seq`,`history_created_by`,`history_created_date`,`history_created_IP`,`history_modified_by`,`history_modified_date`,`history_modified_IP`) VALUES (1781047317,0,0,0,1,0,'global','[ICON]26 26 7716 Is a Master Event[/ICON]',1,0,1,'2012-08-02 14:52:28','127.0.0.1',1,'2012-08-07 15:24:01','127.0.0.1');
INSERT INTO `report_filter`          (`ID`,`archive`,`archiveID`,`deleted`,`systemID`,`destinationID`,`destinationType`,`label`,`reportID`,`seq`,`history_created_by`,`history_created_date`,`history_created_IP`,`history_modified_by`,`history_modified_date`,`history_modified_IP`) VALUES (1807514446,0,0,0,1,0,'global','2012',1,0,1,'2012-08-02 16:34:35','127.0.0.1',1,'2012-08-02 16:34:51','127.0.0.1');
INSERT INTO `report_filter`          (`ID`,`archive`,`archiveID`,`deleted`,`systemID`,`destinationID`,`destinationType`,`label`,`reportID`,`seq`,`history_created_by`,`history_created_date`,`history_created_IP`,`history_modified_by`,`history_modified_date`,`history_modified_IP`) VALUES (1810758058,0,0,0,1,0,'global','[ICON]22 22 6532 Has Registrants - Yes[/ICON]',1,7,1,'2008-01-05 23:10:41','',1,'2012-08-02 16:15:57','127.0.0.1');
INSERT INTO `report_filter`          (`ID`,`archive`,`archiveID`,`deleted`,`systemID`,`destinationID`,`destinationType`,`label`,`reportID`,`seq`,`history_created_by`,`history_created_date`,`history_created_IP`,`history_modified_by`,`history_modified_date`,`history_modified_IP`) VALUES (1836960862,0,0,0,1,0,'global','[ICON]17 17 6768 Modified Today[/ICON]',1,3,1,'2008-04-21 10:39:54','',1,'2012-08-03 03:00:34','127.0.0.1');
INSERT INTO `report_filter`          (`ID`,`archive`,`archiveID`,`deleted`,`systemID`,`destinationID`,`destinationType`,`label`,`reportID`,`seq`,`history_created_by`,`history_created_date`,`history_created_IP`,`history_modified_by`,`history_modified_date`,`history_modified_IP`) VALUES (1845975802,0,0,0,1,0,'global','[ICON]16 16 8079 Maps processing[/ICON]',1,0,1,'2014-02-22 09:01:17','127.0.0.1',1,'2014-02-22 09:01:30','127.0.0.1');
INSERT INTO `report_filter_criteria` (`ID`,`archive`,`archiveID`,`deleted`,`systemID`,`filterID`,`filter_criterion`,`filter_matchmodeID`,`filter_seq`,`filter_value`,`history_created_by`,`history_created_date`,`history_created_IP`,`history_modified_by`,`history_modified_date`,`history_modified_IP`) VALUES (10811128,0,0,0,1,1741822258,'680088775','1',1,'No',1,'2013-05-29 11:42:07','127.0.0.1',0,'0000-00-00 00:00:00','');
INSERT INTO `report_filter_criteria` (`ID`,`archive`,`archiveID`,`deleted`,`systemID`,`filterID`,`filter_criterion`,`filter_matchmodeID`,`filter_seq`,`filter_value`,`history_created_by`,`history_created_date`,`history_created_IP`,`history_modified_by`,`history_modified_date`,`history_modified_IP`) VALUES (72910597,0,0,0,1,1158991491,'819487627','8',1,'0',1,'2009-04-22 14:29:17','127.0.0.1',0,'0000-00-00 00:00:00','');
INSERT INTO `report_filter_criteria` (`ID`,`archive`,`archiveID`,`deleted`,`systemID`,`filterID`,`filter_criterion`,`filter_matchmodeID`,`filter_seq`,`filter_value`,`history_created_by`,`history_created_date`,`history_created_IP`,`history_modified_by`,`history_modified_date`,`history_modified_IP`) VALUES (137092149,0,0,0,1,562102668,'975868132','9',1,'75',1,'2014-02-22 09:00:31','127.0.0.1',0,'0000-00-00 00:00:00','');
INSERT INTO `report_filter_criteria` (`ID`,`archive`,`archiveID`,`deleted`,`systemID`,`filterID`,`filter_criterion`,`filter_matchmodeID`,`filter_seq`,`filter_value`,`history_created_by`,`history_created_date`,`history_created_IP`,`history_modified_by`,`history_modified_date`,`history_modified_IP`) VALUES (208825906,0,0,0,1,1491671224,'1520208414','8',1,'0',1,'2012-08-02 16:09:33','127.0.0.1',0,'0000-00-00 00:00:00','');
INSERT INTO `report_filter_criteria` (`ID`,`archive`,`archiveID`,`deleted`,`systemID`,`filterID`,`filter_criterion`,`filter_matchmodeID`,`filter_seq`,`filter_value`,`history_created_by`,`history_created_date`,`history_created_IP`,`history_modified_by`,`history_modified_date`,`history_modified_IP`) VALUES (215642454,0,0,0,1,834856711,'1100367189','1',1,'0',1,'2008-01-05 23:10:15','',0,'0000-00-00 00:00:00','');
INSERT INTO `report_filter_criteria` (`ID`,`archive`,`archiveID`,`deleted`,`systemID`,`filterID`,`filter_criterion`,`filter_matchmodeID`,`filter_seq`,`filter_value`,`history_created_by`,`history_created_date`,`history_created_IP`,`history_modified_by`,`history_modified_date`,`history_modified_IP`) VALUES (243289657,0,0,0,1,1674546640,'1801122283','1',1,'N',1,'2011-05-13 19:31:38','127.0.0.1',0,'0000-00-00 00:00:00','');
INSERT INTO `report_filter_criteria` (`ID`,`archive`,`archiveID`,`deleted`,`systemID`,`filterID`,`filter_criterion`,`filter_matchmodeID`,`filter_seq`,`filter_value`,`history_created_by`,`history_created_date`,`history_created_IP`,`history_modified_by`,`history_modified_date`,`history_modified_IP`) VALUES (262068853,0,0,0,1,697466165,'90331627','11',1,'THIS_WEEK',1,'2012-08-03 11:25:57','127.0.0.1',0,'0000-00-00 00:00:00','');
INSERT INTO `report_filter_criteria` (`ID`,`archive`,`archiveID`,`deleted`,`systemID`,`filterID`,`filter_criterion`,`filter_matchmodeID`,`filter_seq`,`filter_value`,`history_created_by`,`history_created_date`,`history_created_IP`,`history_modified_by`,`history_modified_date`,`history_modified_IP`) VALUES (315657391,0,0,0,1,1053473123,'680088775','1',1,'Yes',1,'2013-05-29 11:39:49','127.0.0.1',0,'0000-00-00 00:00:00','');
INSERT INTO `report_filter_criteria` (`ID`,`archive`,`archiveID`,`deleted`,`systemID`,`filterID`,`filter_criterion`,`filter_matchmodeID`,`filter_seq`,`filter_value`,`history_created_by`,`history_created_date`,`history_created_IP`,`history_modified_by`,`history_modified_date`,`history_modified_IP`) VALUES (337411190,0,0,0,1,817696260,'1195579358','1',1,'0',1,'2012-08-02 15:06:07','127.0.0.1',0,'0000-00-00 00:00:00','');
INSERT INTO `report_filter_criteria` (`ID`,`archive`,`archiveID`,`deleted`,`systemID`,`filterID`,`filter_criterion`,`filter_matchmodeID`,`filter_seq`,`filter_value`,`history_created_by`,`history_created_date`,`history_created_IP`,`history_modified_by`,`history_modified_date`,`history_modified_IP`) VALUES (385639585,0,0,0,1,78638039,'3','3',1,'2016',1,'2017-11-11 18:11:34','127.0.0.1',0,'0000-00-00 00:00:00','');
INSERT INTO `report_filter_criteria` (`ID`,`archive`,`archiveID`,`deleted`,`systemID`,`filterID`,`filter_criterion`,`filter_matchmodeID`,`filter_seq`,`filter_value`,`history_created_by`,`history_created_date`,`history_created_IP`,`history_modified_by`,`history_modified_date`,`history_modified_IP`) VALUES (402567634,0,0,0,1,1122871854,'3','3',1,'2015',1,'2017-11-11 18:11:28','127.0.0.1',0,'0000-00-00 00:00:00','');
INSERT INTO `report_filter_criteria` (`ID`,`archive`,`archiveID`,`deleted`,`systemID`,`filterID`,`filter_criterion`,`filter_matchmodeID`,`filter_seq`,`filter_value`,`history_created_by`,`history_created_date`,`history_created_IP`,`history_modified_by`,`history_modified_date`,`history_modified_IP`) VALUES (416096010,0,0,0,1,776728736,'1839913840','1',1,'Y',1,'2012-08-02 14:51:44','127.0.0.1',0,'0000-00-00 00:00:00','');
INSERT INTO `report_filter_criteria` (`ID`,`archive`,`archiveID`,`deleted`,`systemID`,`filterID`,`filter_criterion`,`filter_matchmodeID`,`filter_seq`,`filter_value`,`history_created_by`,`history_created_date`,`history_created_IP`,`history_modified_by`,`history_modified_date`,`history_modified_IP`) VALUES (422548798,0,0,0,1,1440218741,'833040012','2',1,'0',1,'2009-04-22 14:19:51','127.0.0.1',0,'0000-00-00 00:00:00','');
INSERT INTO `report_filter_criteria` (`ID`,`archive`,`archiveID`,`deleted`,`systemID`,`filterID`,`filter_criterion`,`filter_matchmodeID`,`filter_seq`,`filter_value`,`history_created_by`,`history_created_date`,`history_created_IP`,`history_modified_by`,`history_modified_date`,`history_modified_IP`) VALUES (478038814,0,0,0,1,1781047317,'1839913840','1',1,'N',1,'2012-08-02 14:52:28','127.0.0.1',0,'0000-00-00 00:00:00','');
INSERT INTO `report_filter_criteria` (`ID`,`archive`,`archiveID`,`deleted`,`systemID`,`filterID`,`filter_criterion`,`filter_matchmodeID`,`filter_seq`,`filter_value`,`history_created_by`,`history_created_date`,`history_created_IP`,`history_modified_by`,`history_modified_date`,`history_modified_IP`) VALUES (486890021,0,0,0,1,834420004,'120562653','11',1,'THIS_WEEK',1,'2012-08-03 11:26:18','127.0.0.1',0,'0000-00-00 00:00:00','');
INSERT INTO `report_filter_criteria` (`ID`,`archive`,`archiveID`,`deleted`,`systemID`,`filterID`,`filter_criterion`,`filter_matchmodeID`,`filter_seq`,`filter_value`,`history_created_by`,`history_created_date`,`history_created_IP`,`history_modified_by`,`history_modified_date`,`history_modified_IP`) VALUES (511871959,0,0,0,1,965890414,'3','3',1,'2011',1,'2012-08-02 16:34:28','127.0.0.1',0,'0000-00-00 00:00:00','');
INSERT INTO `report_filter_criteria` (`ID`,`archive`,`archiveID`,`deleted`,`systemID`,`filterID`,`filter_criterion`,`filter_matchmodeID`,`filter_seq`,`filter_value`,`history_created_by`,`history_created_date`,`history_created_IP`,`history_modified_by`,`history_modified_date`,`history_modified_IP`) VALUES (590494485,0,0,0,1,1293625290,'1801122283','1',1,'Y',1,'2011-05-13 19:31:12','127.0.0.1',0,'0000-00-00 00:00:00','');
INSERT INTO `report_filter_criteria` (`ID`,`archive`,`archiveID`,`deleted`,`systemID`,`filterID`,`filter_criterion`,`filter_matchmodeID`,`filter_seq`,`filter_value`,`history_created_by`,`history_created_date`,`history_created_IP`,`history_modified_by`,`history_modified_date`,`history_modified_IP`) VALUES (719780087,0,0,0,1,495141540,'2036296585','1',1,'',1,'2012-08-02 16:27:07','127.0.0.1',0,'0000-00-00 00:00:00','');
INSERT INTO `report_filter_criteria` (`ID`,`archive`,`archiveID`,`deleted`,`systemID`,`filterID`,`filter_criterion`,`filter_matchmodeID`,`filter_seq`,`filter_value`,`history_created_by`,`history_created_date`,`history_created_IP`,`history_modified_by`,`history_modified_date`,`history_modified_IP`) VALUES (806388936,0,0,0,1,1574576951,'686534420','1',1,'0',1,'2017-11-11 18:36:54','127.0.0.1',0,'0000-00-00 00:00:00','');
INSERT INTO `report_filter_criteria` (`ID`,`archive`,`archiveID`,`deleted`,`systemID`,`filterID`,`filter_criterion`,`filter_matchmodeID`,`filter_seq`,`filter_value`,`history_created_by`,`history_created_date`,`history_created_IP`,`history_modified_by`,`history_modified_date`,`history_modified_IP`) VALUES (992256125,0,0,0,1,6994375,'71','1',1,'0',1,'2012-08-03 11:28:19','127.0.0.1',0,'0000-00-00 00:00:00','');
INSERT INTO `report_filter_criteria` (`ID`,`archive`,`archiveID`,`deleted`,`systemID`,`filterID`,`filter_criterion`,`filter_matchmodeID`,`filter_seq`,`filter_value`,`history_created_by`,`history_created_date`,`history_created_IP`,`history_modified_by`,`history_modified_date`,`history_modified_IP`) VALUES (1050940123,0,0,0,1,460013495,'71','1',1,'1',1,'2012-08-03 11:28:11','127.0.0.1',0,'0000-00-00 00:00:00','');
INSERT INTO `report_filter_criteria` (`ID`,`archive`,`archiveID`,`deleted`,`systemID`,`filterID`,`filter_criterion`,`filter_matchmodeID`,`filter_seq`,`filter_value`,`history_created_by`,`history_created_date`,`history_created_IP`,`history_modified_by`,`history_modified_date`,`history_modified_IP`) VALUES (1109795229,0,0,0,1,1226330053,'3','3',1,'2010',1,'2012-08-02 16:35:23','127.0.0.1',0,'0000-00-00 00:00:00','');
INSERT INTO `report_filter_criteria` (`ID`,`archive`,`archiveID`,`deleted`,`systemID`,`filterID`,`filter_criterion`,`filter_matchmodeID`,`filter_seq`,`filter_value`,`history_created_by`,`history_created_date`,`history_created_IP`,`history_modified_by`,`history_modified_date`,`history_modified_IP`) VALUES (1143705372,0,0,0,1,1582460282,'1520208414','1',1,'0',1,'2012-08-02 16:10:29','127.0.0.1',0,'0000-00-00 00:00:00','');
INSERT INTO `report_filter_criteria` (`ID`,`archive`,`archiveID`,`deleted`,`systemID`,`filterID`,`filter_criterion`,`filter_matchmodeID`,`filter_seq`,`filter_value`,`history_created_by`,`history_created_date`,`history_created_IP`,`history_modified_by`,`history_modified_date`,`history_modified_IP`) VALUES (1185698055,0,0,0,1,1405761152,'3','3',1,'2013',1,'2012-08-02 16:34:43','127.0.0.1',0,'0000-00-00 00:00:00','');
INSERT INTO `report_filter_criteria` (`ID`,`archive`,`archiveID`,`deleted`,`systemID`,`filterID`,`filter_criterion`,`filter_matchmodeID`,`filter_seq`,`filter_value`,`history_created_by`,`history_created_date`,`history_created_IP`,`history_modified_by`,`history_modified_date`,`history_modified_IP`) VALUES (1208496109,0,0,0,1,1294431677,'686534420','1',1,'1',1,'2017-11-11 18:36:43','127.0.0.1',0,'0000-00-00 00:00:00','');
INSERT INTO `report_filter_criteria` (`ID`,`archive`,`archiveID`,`deleted`,`systemID`,`filterID`,`filter_criterion`,`filter_matchmodeID`,`filter_seq`,`filter_value`,`history_created_by`,`history_created_date`,`history_created_IP`,`history_modified_by`,`history_modified_date`,`history_modified_IP`) VALUES (1316419176,0,0,0,1,432464216,'819487627','1',1,'0',1,'2012-08-02 15:15:04','127.0.0.1',0,'0000-00-00 00:00:00','');
INSERT INTO `report_filter_criteria` (`ID`,`archive`,`archiveID`,`deleted`,`systemID`,`filterID`,`filter_criterion`,`filter_matchmodeID`,`filter_seq`,`filter_value`,`history_created_by`,`history_created_date`,`history_created_IP`,`history_modified_by`,`history_modified_date`,`history_modified_IP`) VALUES (1323775828,0,0,0,1,1457981787,'3','8',1,'2018-12-31',1,'2017-11-11 18:34:48','127.0.0.1',0,'0000-00-00 00:00:00','');
INSERT INTO `report_filter_criteria` (`ID`,`archive`,`archiveID`,`deleted`,`systemID`,`filterID`,`filter_criterion`,`filter_matchmodeID`,`filter_seq`,`filter_value`,`history_created_by`,`history_created_date`,`history_created_IP`,`history_modified_by`,`history_modified_date`,`history_modified_IP`) VALUES (1358783595,0,0,0,1,1003858021,'3','3',1,'2018',1,'2017-11-11 18:11:49','127.0.0.1',0,'0000-00-00 00:00:00','');
INSERT INTO `report_filter_criteria` (`ID`,`archive`,`archiveID`,`deleted`,`systemID`,`filterID`,`filter_criterion`,`filter_matchmodeID`,`filter_seq`,`filter_value`,`history_created_by`,`history_created_date`,`history_created_IP`,`history_modified_by`,`history_modified_date`,`history_modified_IP`) VALUES (1372430048,0,0,0,1,1680580275,'2036296585','2',1,'',1,'2011-05-13 20:15:28','127.0.0.1',0,'0000-00-00 00:00:00','');
INSERT INTO `report_filter_criteria` (`ID`,`archive`,`archiveID`,`deleted`,`systemID`,`filterID`,`filter_criterion`,`filter_matchmodeID`,`filter_seq`,`filter_value`,`history_created_by`,`history_created_date`,`history_created_IP`,`history_modified_by`,`history_modified_date`,`history_modified_IP`) VALUES (1389630818,0,0,0,1,879980022,'','',1,'',1,'2007-07-11 22:04:19','',0,'0000-00-00 00:00:00','');
INSERT INTO `report_filter_criteria` (`ID`,`archive`,`archiveID`,`deleted`,`systemID`,`filterID`,`filter_criterion`,`filter_matchmodeID`,`filter_seq`,`filter_value`,`history_created_by`,`history_created_date`,`history_created_IP`,`history_modified_by`,`history_modified_date`,`history_modified_IP`) VALUES (1459780155,0,0,0,1,1807514446,'3','3',1,'2012',1,'2012-08-02 16:34:35','127.0.0.1',0,'0000-00-00 00:00:00','');
INSERT INTO `report_filter_criteria` (`ID`,`archive`,`archiveID`,`deleted`,`systemID`,`filterID`,`filter_criterion`,`filter_matchmodeID`,`filter_seq`,`filter_value`,`history_created_by`,`history_created_date`,`history_created_IP`,`history_modified_by`,`history_modified_date`,`history_modified_IP`) VALUES (1666930071,0,0,0,1,1836960862,'120562653','11',1,'TODAY',1,'2008-04-21 10:39:54','',0,'0000-00-00 00:00:00','');
INSERT INTO `report_filter_criteria` (`ID`,`archive`,`archiveID`,`deleted`,`systemID`,`filterID`,`filter_criterion`,`filter_matchmodeID`,`filter_seq`,`filter_value`,`history_created_by`,`history_created_date`,`history_created_IP`,`history_modified_by`,`history_modified_date`,`history_modified_IP`) VALUES (1805310337,0,0,0,1,1250858174,'90331627','11',1,'TODAY',1,'2008-04-21 10:39:40','',0,'0000-00-00 00:00:00','');
INSERT INTO `report_filter_criteria` (`ID`,`archive`,`archiveID`,`deleted`,`systemID`,`filterID`,`filter_criterion`,`filter_matchmodeID`,`filter_seq`,`filter_value`,`history_created_by`,`history_created_date`,`history_created_IP`,`history_modified_by`,`history_modified_date`,`history_modified_IP`) VALUES (1835392799,0,0,0,1,268391465,'1195579358','8',1,'0',1,'2009-04-22 14:35:12','127.0.0.1',0,'0000-00-00 00:00:00','');
INSERT INTO `report_filter_criteria` (`ID`,`archive`,`archiveID`,`deleted`,`systemID`,`filterID`,`filter_criterion`,`filter_matchmodeID`,`filter_seq`,`filter_value`,`history_created_by`,`history_created_date`,`history_created_IP`,`history_modified_by`,`history_modified_date`,`history_modified_IP`) VALUES (1838673113,0,0,0,1,1538071809,'3','3',1,'2017',1,'2017-11-11 18:11:42','127.0.0.1',0,'0000-00-00 00:00:00','');
INSERT INTO `report_filter_criteria` (`ID`,`archive`,`archiveID`,`deleted`,`systemID`,`filterID`,`filter_criterion`,`filter_matchmodeID`,`filter_seq`,`filter_value`,`history_created_by`,`history_created_date`,`history_created_IP`,`history_modified_by`,`history_modified_date`,`history_modified_IP`) VALUES (1889500508,0,0,0,1,129588831,'833040012','1',1,'0',1,'2012-08-02 15:10:59','127.0.0.1',0,'0000-00-00 00:00:00','');
INSERT INTO `report_filter_criteria` (`ID`,`archive`,`archiveID`,`deleted`,`systemID`,`filterID`,`filter_criterion`,`filter_matchmodeID`,`filter_seq`,`filter_value`,`history_created_by`,`history_created_date`,`history_created_IP`,`history_modified_by`,`history_modified_date`,`history_modified_IP`) VALUES (1891422113,0,0,0,1,809917535,'3','3',1,'2014',1,'2017-11-11 18:11:21','127.0.0.1',0,'0000-00-00 00:00:00','');
INSERT INTO `report_filter_criteria` (`ID`,`archive`,`archiveID`,`deleted`,`systemID`,`filterID`,`filter_criterion`,`filter_matchmodeID`,`filter_seq`,`filter_value`,`history_created_by`,`history_created_date`,`history_created_IP`,`history_modified_by`,`history_modified_date`,`history_modified_IP`) VALUES (1924250172,0,0,0,1,1590958880,'3','9',1,'2010-01-01',1,'2012-08-02 16:57:47','127.0.0.1',0,'0000-00-00 00:00:00','');
INSERT INTO `report_filter_criteria` (`ID`,`archive`,`archiveID`,`deleted`,`systemID`,`filterID`,`filter_criterion`,`filter_matchmodeID`,`filter_seq`,`filter_value`,`history_created_by`,`history_created_date`,`history_created_IP`,`history_modified_by`,`history_modified_date`,`history_modified_IP`) VALUES (1947307885,0,0,0,1,1810758058,'1100367189','8',1,'0',1,'2008-01-05 23:10:42','',0,'0000-00-00 00:00:00','');
INSERT INTO `report_filter_criteria` (`ID`,`archive`,`archiveID`,`deleted`,`systemID`,`filterID`,`filter_criterion`,`filter_matchmodeID`,`filter_seq`,`filter_value`,`history_created_by`,`history_created_date`,`history_created_IP`,`history_modified_by`,`history_modified_date`,`history_modified_IP`) VALUES (2075857514,0,0,0,1,245226001,'876597849','2',1,'',1,'2012-05-20 08:05:57','70.26.63.142',0,'0000-00-00 00:00:00','');
INSERT INTO `report_filter_criteria` (`ID`,`archive`,`archiveID`,`deleted`,`systemID`,`filterID`,`filter_criterion`,`filter_matchmodeID`,`filter_seq`,`filter_value`,`history_created_by`,`history_created_date`,`history_created_IP`,`history_modified_by`,`history_modified_date`,`history_modified_IP`) VALUES (2107234825,0,0,0,1,1845975802,'1102914472','1',1,'1',1,'2014-02-22 09:01:17','127.0.0.1',0,'0000-00-00 00:00:00','');
INSERT INTO `report_settings`        (`ID`,`archive`,`archiveID`,`deleted`,`systemID`,`destinationID`,`destinationType`,`reportID`,`report_columns_csv`,`report_filters_csv`,`history_created_by`,`history_created_date`,`history_created_IP`,`history_modified_by`,`history_modified_date`,`history_modified_IP`) VALUES (1056658129,0,0,0,1,0,'global',1,'','879980022,1250858174,697466165,1836960862,834420004,1294431677,1574576951,460013495,6994375,1440218741,129588831,268391465,817696260,1293625290,1674546640,1680580275,495141540,1781047317,776728736,1491671224,1582460282,1158991491,432464216,1810758058,834856711,1053473123,1741822258,562102668,1845975802,245226001,1590958880,1226330053,965890414,1807514446,1405761152,809917535,1122871854,78638039,1538071809,1003858021,1457981787',1,'2010-09-24 16:30:00','127.0.0.1',1,'2017-11-11 18:37:09','127.0.0.1');

#  6) For 'gallery-albums':                    Added filter presets for 'Enabled' and 'Disabled'
#                                              Added operations 'with selected - enable' and 'with selected - disable'
DELETE FROM `report_columns`         WHERE `ID` IN (1766129278,116263196);
INSERT INTO `report_columns`         (`ID`,`archive`,`archiveID`,`deleted`,`systemID`,`reportID`,`group_assign_csv`,`seq`,`tab`,`defaultValue`,`fieldType`,`formField`,`formFieldHeight`,`formFieldSpecial`,`formFieldTooltip`,`formFieldUnique`,`formFieldWidth`,`formLabel`,`formSelectorSQLMaster`,`formSelectorSQLMember`,`permCOMMUNITYADMIN`,`permGROUPVIEWER`,`permGROUPEDITOR`,`permMASTERADMIN`,`permPUBLIC`,`permSYSADMIN`,`permSYSAPPROVER`,`permSYSEDITOR`,`permSYSLOGON`,`permSYSMEMBER`,`permUSERADMIN`,`reportField`,`reportFieldSpecial`,`reportFilter`,`reportFilterLabel`,`reportLabel`,`reportSortBy_AZ`,`reportSortBy_a`,`reportSortBy_d`,`required_feature`,`required_feature_invert`,`history_created_by`,`history_created_date`,`history_created_IP`,`history_modified_by`,`history_modified_date`,`history_modified_IP`) VALUES (116263196,0,0,0,1,643449733,'',0,'0.','','selected_set_as_enabled','',0,'','',0,0,'','','',0,0,0,2,0,2,0,0,0,0,0,'','','','','',0,'','','',0,1,'2017-11-11 18:13:25','127.0.0.1',1,'2017-11-11 18:13:46','127.0.0.1');
INSERT INTO `report_columns`         (`ID`,`archive`,`archiveID`,`deleted`,`systemID`,`reportID`,`group_assign_csv`,`seq`,`tab`,`defaultValue`,`fieldType`,`formField`,`formFieldHeight`,`formFieldSpecial`,`formFieldTooltip`,`formFieldUnique`,`formFieldWidth`,`formLabel`,`formSelectorSQLMaster`,`formSelectorSQLMember`,`permCOMMUNITYADMIN`,`permGROUPVIEWER`,`permGROUPEDITOR`,`permMASTERADMIN`,`permPUBLIC`,`permSYSADMIN`,`permSYSAPPROVER`,`permSYSEDITOR`,`permSYSLOGON`,`permSYSMEMBER`,`permUSERADMIN`,`reportField`,`reportFieldSpecial`,`reportFilter`,`reportFilterLabel`,`reportLabel`,`reportSortBy_AZ`,`reportSortBy_a`,`reportSortBy_d`,`required_feature`,`required_feature_invert`,`history_created_by`,`history_created_date`,`history_created_IP`,`history_modified_by`,`history_modified_date`,`history_modified_IP`) VALUES (1766129278,0,0,0,1,643449733,'',0,'0.','','selected_set_as_disabled','',0,'','',0,0,'','','',0,0,0,2,0,2,0,0,0,0,0,'','','','','',0,'','','',0,1,'2017-11-11 18:13:23','127.0.0.1',1,'2017-11-11 18:13:46','127.0.0.1');

DELETE FROM `report_filter_criteria` WHERE `filterID` IN (SELECT `ID` FROM `report_filter`  WHERE `reportID` IN (643449733) AND (`destinationType`='global'));
DELETE FROM `report_filter`          WHERE `reportID` IN (643449733) AND (`destinationType`='global');
DELETE FROM `report_settings`        WHERE `reportID` IN (643449733) AND (`destinationType`='global');

INSERT INTO `report_filter`          (`ID`,`archive`,`archiveID`,`deleted`,`systemID`,`destinationID`,`destinationType`,`label`,`reportID`,`seq`,`history_created_by`,`history_created_date`,`history_created_IP`,`history_modified_by`,`history_modified_date`,`history_modified_IP`) VALUES (34212374,0,0,0,1,0,'global','[ICON]20 20 7278 Contains other Gallery Albums - No[/ICON]',643449733,5,1986369923,'2010-08-18 14:32:19','127.0.0.1',1,'2012-08-03 09:57:09','127.0.0.1');
INSERT INTO `report_filter`          (`ID`,`archive`,`archiveID`,`deleted`,`systemID`,`destinationID`,`destinationType`,`label`,`reportID`,`seq`,`history_created_by`,`history_created_date`,`history_created_IP`,`history_modified_by`,`history_modified_date`,`history_modified_IP`) VALUES (156797234,0,0,0,1,0,'global','&lt; Earlier',643449733,0,1,'2012-08-03 10:14:23','127.0.0.1',1,'2017-11-11 20:27:16','127.0.0.1');
INSERT INTO `report_filter`          (`ID`,`archive`,`archiveID`,`deleted`,`systemID`,`destinationID`,`destinationType`,`label`,`reportID`,`seq`,`history_created_by`,`history_created_date`,`history_created_IP`,`history_modified_by`,`history_modified_date`,`history_modified_IP`) VALUES (281551522,0,0,0,1,0,'global','[ICON]21 21 7169 Is a Gallery Root Folder[/ICON]',643449733,4,1,'2010-08-18 17:45:34','127.0.0.1',1,'2012-08-03 09:55:27','127.0.0.1');
INSERT INTO `report_filter`          (`ID`,`archive`,`archiveID`,`deleted`,`systemID`,`destinationID`,`destinationType`,`label`,`reportID`,`seq`,`history_created_by`,`history_created_date`,`history_created_IP`,`history_modified_by`,`history_modified_date`,`history_modified_IP`) VALUES (294345801,0,0,0,1,0,'global','[ICON]13 13 6598 Marked as Important - Yes[/ICON]',643449733,0,1,'2011-05-13 20:16:53','127.0.0.1',1,'2012-08-03 04:01:53','127.0.0.1');
INSERT INTO `report_filter`          (`ID`,`archive`,`archiveID`,`deleted`,`systemID`,`destinationID`,`destinationType`,`label`,`reportID`,`seq`,`history_created_by`,`history_created_date`,`history_created_IP`,`history_modified_by`,`history_modified_date`,`history_modified_IP`) VALUES (373352330,0,0,0,1,0,'global','[ICON]14 14 6912 (All Records - Unfiltered View)[/ICON](All)',643449733,1,1,'2010-08-16 18:26:28','127.0.0.1',1,'2012-08-03 04:00:57','127.0.0.1');
INSERT INTO `report_filter`          (`ID`,`archive`,`archiveID`,`deleted`,`systemID`,`destinationID`,`destinationType`,`label`,`reportID`,`seq`,`history_created_by`,`history_created_date`,`history_created_IP`,`history_modified_by`,`history_modified_date`,`history_modified_IP`) VALUES (414437803,0,0,0,1,0,'global','2016',643449733,0,1,'2017-11-11 20:27:48','127.0.0.1',1,'2017-11-11 20:28:40','127.0.0.1');
INSERT INTO `report_filter`          (`ID`,`archive`,`archiveID`,`deleted`,`systemID`,`destinationID`,`destinationType`,`label`,`reportID`,`seq`,`history_created_by`,`history_created_date`,`history_created_IP`,`history_modified_by`,`history_modified_date`,`history_modified_IP`) VALUES (417399469,0,0,0,1,0,'global','[ICON]16 16 8316 Enabled[/ICON]',643449733,0,1,'2017-11-11 20:29:05','127.0.0.1',1,'2017-11-11 20:29:34','127.0.0.1');
INSERT INTO `report_filter`          (`ID`,`archive`,`archiveID`,`deleted`,`systemID`,`destinationID`,`destinationType`,`label`,`reportID`,`seq`,`history_created_by`,`history_created_date`,`history_created_IP`,`history_modified_by`,`history_modified_date`,`history_modified_IP`) VALUES (469684501,0,0,0,1,0,'global','[ICON]20 20 7258 Contains other Gallery Albums - Yes[/ICON]',643449733,6,1986369923,'2010-08-18 14:32:32','127.0.0.1',1,'2012-08-03 09:57:16','127.0.0.1');
INSERT INTO `report_filter`          (`ID`,`archive`,`archiveID`,`deleted`,`systemID`,`destinationID`,`destinationType`,`label`,`reportID`,`seq`,`history_created_by`,`history_created_date`,`history_created_IP`,`history_modified_by`,`history_modified_date`,`history_modified_IP`) VALUES (474617293,0,0,0,1,0,'global','[ICON]21 21 7527 Has been Published to Public - No[/ICON]',643449733,0,1,'2012-08-03 11:42:06','127.0.0.1',1,'2012-08-03 11:42:19','127.0.0.1');
INSERT INTO `report_filter`          (`ID`,`archive`,`archiveID`,`deleted`,`systemID`,`destinationID`,`destinationType`,`label`,`reportID`,`seq`,`history_created_by`,`history_created_date`,`history_created_IP`,`history_modified_by`,`history_modified_date`,`history_modified_IP`) VALUES (500011804,0,0,0,1,0,'global','2013',643449733,0,1,'2012-08-03 10:14:50','127.0.0.1',1,'2012-08-03 10:15:24','127.0.0.1');
INSERT INTO `report_filter`          (`ID`,`archive`,`archiveID`,`deleted`,`systemID`,`destinationID`,`destinationType`,`label`,`reportID`,`seq`,`history_created_by`,`history_created_date`,`history_created_IP`,`history_modified_by`,`history_modified_date`,`history_modified_IP`) VALUES (543888189,0,0,0,1,0,'global','[ICON]21 21 7506 Has been Published to Public - Yes[/ICON]',643449733,0,1,'2012-08-03 11:41:56','127.0.0.1',1,'2012-08-03 11:42:16','127.0.0.1');
INSERT INTO `report_filter`          (`ID`,`archive`,`archiveID`,`deleted`,`systemID`,`destinationID`,`destinationType`,`label`,`reportID`,`seq`,`history_created_by`,`history_created_date`,`history_created_IP`,`history_modified_by`,`history_modified_date`,`history_modified_IP`) VALUES (616068165,0,0,0,1,0,'global','[ICON]19 19 6389 Has been Published to Groups - No[/ICON]',643449733,0,1,'2012-08-03 10:10:16','127.0.0.1',1,'2012-08-03 10:10:23','127.0.0.1');
INSERT INTO `report_filter`          (`ID`,`archive`,`archiveID`,`deleted`,`systemID`,`destinationID`,`destinationType`,`label`,`reportID`,`seq`,`history_created_by`,`history_created_date`,`history_created_IP`,`history_modified_by`,`history_modified_date`,`history_modified_IP`) VALUES (620620593,0,0,0,1,0,'global','[ICON]22 22 7214 Contains Gallery Images - Yes[/ICON]',643449733,8,1,'2010-08-16 18:38:02','127.0.0.1',1,'2012-08-03 09:56:14','127.0.0.1');
INSERT INTO `report_filter`          (`ID`,`archive`,`archiveID`,`deleted`,`systemID`,`destinationID`,`destinationType`,`label`,`reportID`,`seq`,`history_created_by`,`history_created_date`,`history_created_IP`,`history_modified_by`,`history_modified_date`,`history_modified_IP`) VALUES (724009601,0,0,0,1,0,'global','[ICON]18 18 6426 Has Related Products - No[/ICON]',643449733,0,1,'2012-08-03 11:46:00','127.0.0.1',1,'2012-08-03 11:46:10','127.0.0.1');
INSERT INTO `report_filter`          (`ID`,`archive`,`archiveID`,`deleted`,`systemID`,`destinationID`,`destinationType`,`label`,`reportID`,`seq`,`history_created_by`,`history_created_date`,`history_created_IP`,`history_modified_by`,`history_modified_date`,`history_modified_IP`) VALUES (744356559,0,0,0,1,0,'global','[ICON]19 19 6370 Has been Published to Groups - Yes[/ICON]',643449733,0,1,'2012-08-03 10:10:05','127.0.0.1',1,'2012-08-03 10:10:20','127.0.0.1');
INSERT INTO `report_filter`          (`ID`,`archive`,`archiveID`,`deleted`,`systemID`,`destinationID`,`destinationType`,`label`,`reportID`,`seq`,`history_created_by`,`history_created_date`,`history_created_IP`,`history_modified_by`,`history_modified_date`,`history_modified_IP`) VALUES (800402407,0,0,0,1,0,'global','[ICON]11 11 6576 Has Categories - Yes[/ICON]',643449733,0,1,'2012-08-03 10:11:06','127.0.0.1',1,'2012-08-03 10:11:24','127.0.0.1');
INSERT INTO `report_filter`          (`ID`,`archive`,`archiveID`,`deleted`,`systemID`,`destinationID`,`destinationType`,`label`,`reportID`,`seq`,`history_created_by`,`history_created_date`,`history_created_IP`,`history_modified_by`,`history_modified_date`,`history_modified_IP`) VALUES (1117534239,0,0,0,1,0,'global','2012',643449733,0,1,'2012-08-03 10:14:45','127.0.0.1',1,'2012-08-03 10:15:22','127.0.0.1');
INSERT INTO `report_filter`          (`ID`,`archive`,`archiveID`,`deleted`,`systemID`,`destinationID`,`destinationType`,`label`,`reportID`,`seq`,`history_created_by`,`history_created_date`,`history_created_IP`,`history_modified_by`,`history_modified_date`,`history_modified_IP`) VALUES (1158967542,0,0,0,1,0,'global','[ICON]22 22 7236 Contains Gallery Images - No[/ICON]',643449733,7,1,'2010-08-16 18:37:44','127.0.0.1',1,'2012-08-03 09:56:30','127.0.0.1');
INSERT INTO `report_filter`          (`ID`,`archive`,`archiveID`,`deleted`,`systemID`,`destinationID`,`destinationType`,`label`,`reportID`,`seq`,`history_created_by`,`history_created_date`,`history_created_IP`,`history_modified_by`,`history_modified_date`,`history_modified_IP`) VALUES (1195984770,0,0,0,1,0,'global','[ICON]16 16 8332 Disabled[/ICON]',643449733,0,1,'2017-11-11 20:29:18','127.0.0.1',1,'2017-11-11 20:29:26','127.0.0.1');
INSERT INTO `report_filter`          (`ID`,`archive`,`archiveID`,`deleted`,`systemID`,`destinationID`,`destinationType`,`label`,`reportID`,`seq`,`history_created_by`,`history_created_date`,`history_created_IP`,`history_modified_by`,`history_modified_date`,`history_modified_IP`) VALUES (1339760407,0,0,0,1,0,'global','Later &gt;',643449733,0,1,'2017-11-11 20:28:24','127.0.0.1',1,'2017-11-11 20:28:51','127.0.0.1');
INSERT INTO `report_filter`          (`ID`,`archive`,`archiveID`,`deleted`,`systemID`,`destinationID`,`destinationType`,`label`,`reportID`,`seq`,`history_created_by`,`history_created_date`,`history_created_IP`,`history_modified_by`,`history_modified_date`,`history_modified_IP`) VALUES (1407645114,0,0,0,1,0,'global','[ICON]13 13 6611 Marked as Important - No[/ICON]',643449733,0,1,'2011-05-13 20:17:27','127.0.0.1',1,'2012-08-03 04:02:04','127.0.0.1');
INSERT INTO `report_filter`          (`ID`,`archive`,`archiveID`,`deleted`,`systemID`,`destinationID`,`destinationType`,`label`,`reportID`,`seq`,`history_created_by`,`history_created_date`,`history_created_IP`,`history_modified_by`,`history_modified_date`,`history_modified_IP`) VALUES (1408674673,0,0,0,1,0,'global','2018',643449733,0,1,'2017-11-11 20:28:07','127.0.0.1',1,'2017-11-11 20:28:47','127.0.0.1');
INSERT INTO `report_filter`          (`ID`,`archive`,`archiveID`,`deleted`,`systemID`,`destinationID`,`destinationType`,`label`,`reportID`,`seq`,`history_created_by`,`history_created_date`,`history_created_IP`,`history_modified_by`,`history_modified_date`,`history_modified_IP`) VALUES (1421073765,0,0,0,1,0,'global','[ICON]21 21 7359 Modified This Week[/ICON]',643449733,0,1,'2012-08-03 11:41:35','127.0.0.1',1,'2012-08-03 11:42:14','127.0.0.1');
INSERT INTO `report_filter`          (`ID`,`archive`,`archiveID`,`deleted`,`systemID`,`destinationID`,`destinationType`,`label`,`reportID`,`seq`,`history_created_by`,`history_created_date`,`history_created_IP`,`history_modified_by`,`history_modified_date`,`history_modified_IP`) VALUES (1528547951,0,0,0,1,0,'global','2010',643449733,0,1,'2012-08-03 10:14:33','127.0.0.1',1,'2012-08-03 10:15:16','127.0.0.1');
INSERT INTO `report_filter`          (`ID`,`archive`,`archiveID`,`deleted`,`systemID`,`destinationID`,`destinationType`,`label`,`reportID`,`seq`,`history_created_by`,`history_created_date`,`history_created_IP`,`history_modified_by`,`history_modified_date`,`history_modified_IP`) VALUES (1578639485,0,0,0,1,0,'global','[ICON]11 11 6587 Has Categories - No[/ICON]',643449733,0,1,'2012-08-03 10:11:19','127.0.0.1',1,'2012-08-03 10:11:27','127.0.0.1');
INSERT INTO `report_filter`          (`ID`,`archive`,`archiveID`,`deleted`,`systemID`,`destinationID`,`destinationType`,`label`,`reportID`,`seq`,`history_created_by`,`history_created_date`,`history_created_IP`,`history_modified_by`,`history_modified_date`,`history_modified_IP`) VALUES (1682186596,0,0,0,1,0,'global','[ICON]21 21 7338 Created This Week[/ICON]',643449733,0,1,'2012-08-03 11:41:25','127.0.0.1',1,'2012-08-03 11:42:11','127.0.0.1');
INSERT INTO `report_filter`          (`ID`,`archive`,`archiveID`,`deleted`,`systemID`,`destinationID`,`destinationType`,`label`,`reportID`,`seq`,`history_created_by`,`history_created_date`,`history_created_IP`,`history_modified_by`,`history_modified_date`,`history_modified_IP`) VALUES (1789159668,0,0,0,1,0,'global','[ICON]21 21 7190 Is a Gallery Sub Folder[/ICON]',643449733,0,1,'2011-05-13 20:12:26','127.0.0.1',1,'2012-08-03 09:55:49','127.0.0.1');
INSERT INTO `report_filter`          (`ID`,`archive`,`archiveID`,`deleted`,`systemID`,`destinationID`,`destinationType`,`label`,`reportID`,`seq`,`history_created_by`,`history_created_date`,`history_created_IP`,`history_modified_by`,`history_modified_date`,`history_modified_IP`) VALUES (1789796094,0,0,0,1,0,'global','[ICON]17 17 6768 Modified Today[/ICON]',643449733,3,1,'2010-08-16 18:30:02','127.0.0.1',1,'2012-08-03 04:01:29','127.0.0.1');
INSERT INTO `report_filter`          (`ID`,`archive`,`archiveID`,`deleted`,`systemID`,`destinationID`,`destinationType`,`label`,`reportID`,`seq`,`history_created_by`,`history_created_date`,`history_created_IP`,`history_modified_by`,`history_modified_date`,`history_modified_IP`) VALUES (1802835252,0,0,0,1,0,'global','2017',643449733,0,1,'2017-11-11 20:27:54','127.0.0.1',1,'2017-11-11 20:28:44','127.0.0.1');
INSERT INTO `report_filter`          (`ID`,`archive`,`archiveID`,`deleted`,`systemID`,`destinationID`,`destinationType`,`label`,`reportID`,`seq`,`history_created_by`,`history_created_date`,`history_created_IP`,`history_modified_by`,`history_modified_date`,`history_modified_IP`) VALUES (1831482395,0,0,0,1,0,'global','2011',643449733,0,1,'2012-08-03 10:14:38','127.0.0.1',1,'2012-08-03 10:15:19','127.0.0.1');
INSERT INTO `report_filter`          (`ID`,`archive`,`archiveID`,`deleted`,`systemID`,`destinationID`,`destinationType`,`label`,`reportID`,`seq`,`history_created_by`,`history_created_date`,`history_created_IP`,`history_modified_by`,`history_modified_date`,`history_modified_IP`) VALUES (1849548730,0,0,0,1,0,'global','2014',643449733,0,1,'2017-11-11 20:27:34','127.0.0.1',1,'2017-11-11 20:28:29','127.0.0.1');
INSERT INTO `report_filter`          (`ID`,`archive`,`archiveID`,`deleted`,`systemID`,`destinationID`,`destinationType`,`label`,`reportID`,`seq`,`history_created_by`,`history_created_date`,`history_created_IP`,`history_modified_by`,`history_modified_date`,`history_modified_IP`) VALUES (1981458367,0,0,0,1,0,'global','2015',643449733,0,1,'2017-11-11 20:27:41','127.0.0.1',1,'2017-11-11 20:28:36','127.0.0.1');
INSERT INTO `report_filter`          (`ID`,`archive`,`archiveID`,`deleted`,`systemID`,`destinationID`,`destinationType`,`label`,`reportID`,`seq`,`history_created_by`,`history_created_date`,`history_created_IP`,`history_modified_by`,`history_modified_date`,`history_modified_IP`) VALUES (1983451491,0,0,0,1,0,'global','[ICON]18 18 6408 Has Related Products - Yes[/ICON]',643449733,0,1,'2012-08-03 11:45:47','127.0.0.1',1,'2012-08-03 11:46:04','127.0.0.1');
INSERT INTO `report_filter`          (`ID`,`archive`,`archiveID`,`deleted`,`systemID`,`destinationID`,`destinationType`,`label`,`reportID`,`seq`,`history_created_by`,`history_created_date`,`history_created_IP`,`history_modified_by`,`history_modified_date`,`history_modified_IP`) VALUES (2097216013,0,0,0,1,0,'global','[ICON]17 17 6751 Created Today[/ICON]',643449733,2,1,'2010-08-16 18:29:50','127.0.0.1',1,'2012-08-03 04:01:15','127.0.0.1');
INSERT INTO `report_filter_criteria` (`ID`,`archive`,`archiveID`,`deleted`,`systemID`,`filterID`,`filter_criterion`,`filter_matchmodeID`,`filter_seq`,`filter_value`,`history_created_by`,`history_created_date`,`history_created_IP`,`history_modified_by`,`history_modified_date`,`history_modified_IP`) VALUES (22156579,0,0,0,1,1408674673,'1386313568','3',1,'2018',1,'2017-11-11 20:28:07','127.0.0.1',0,'0000-00-00 00:00:00','');
INSERT INTO `report_filter_criteria` (`ID`,`archive`,`archiveID`,`deleted`,`systemID`,`filterID`,`filter_criterion`,`filter_matchmodeID`,`filter_seq`,`filter_value`,`history_created_by`,`history_created_date`,`history_created_IP`,`history_modified_by`,`history_modified_date`,`history_modified_IP`) VALUES (59280489,0,0,0,1,414437803,'1386313568','3',1,'2016',1,'2017-11-11 20:27:48','127.0.0.1',0,'0000-00-00 00:00:00','');
INSERT INTO `report_filter_criteria` (`ID`,`archive`,`archiveID`,`deleted`,`systemID`,`filterID`,`filter_criterion`,`filter_matchmodeID`,`filter_seq`,`filter_value`,`history_created_by`,`history_created_date`,`history_created_IP`,`history_modified_by`,`history_modified_date`,`history_modified_IP`) VALUES (80171394,0,0,0,1,417399469,'1199035794','1',1,'1',1,'2017-11-11 20:29:05','127.0.0.1',0,'0000-00-00 00:00:00','');
INSERT INTO `report_filter_criteria` (`ID`,`archive`,`archiveID`,`deleted`,`systemID`,`filterID`,`filter_criterion`,`filter_matchmodeID`,`filter_seq`,`filter_value`,`history_created_by`,`history_created_date`,`history_created_IP`,`history_modified_by`,`history_modified_date`,`history_modified_IP`) VALUES (142277969,0,0,0,1,1117534239,'1386313568','3',1,'2012',1,'2012-08-03 10:14:45','127.0.0.1',0,'0000-00-00 00:00:00','');
INSERT INTO `report_filter_criteria` (`ID`,`archive`,`archiveID`,`deleted`,`systemID`,`filterID`,`filter_criterion`,`filter_matchmodeID`,`filter_seq`,`filter_value`,`history_created_by`,`history_created_date`,`history_created_IP`,`history_modified_by`,`history_modified_date`,`history_modified_IP`) VALUES (198465969,0,0,0,1,281551522,'895199512','1',1,'',1,'2010-08-18 17:45:34','127.0.0.1',0,'0000-00-00 00:00:00','');
INSERT INTO `report_filter_criteria` (`ID`,`archive`,`archiveID`,`deleted`,`systemID`,`filterID`,`filter_criterion`,`filter_matchmodeID`,`filter_seq`,`filter_value`,`history_created_by`,`history_created_date`,`history_created_IP`,`history_modified_by`,`history_modified_date`,`history_modified_IP`) VALUES (219580865,0,0,0,1,2097216013,'1519775197','11',1,'TODAY',1,'2010-08-16 18:29:50','127.0.0.1',0,'0000-00-00 00:00:00','');
INSERT INTO `report_filter_criteria` (`ID`,`archive`,`archiveID`,`deleted`,`systemID`,`filterID`,`filter_criterion`,`filter_matchmodeID`,`filter_seq`,`filter_value`,`history_created_by`,`history_created_date`,`history_created_IP`,`history_modified_by`,`history_modified_date`,`history_modified_IP`) VALUES (300095503,0,0,0,1,1195984770,'1199035794','1',1,'0',1,'2017-11-11 20:29:18','127.0.0.1',0,'0000-00-00 00:00:00','');
INSERT INTO `report_filter_criteria` (`ID`,`archive`,`archiveID`,`deleted`,`systemID`,`filterID`,`filter_criterion`,`filter_matchmodeID`,`filter_seq`,`filter_value`,`history_created_by`,`history_created_date`,`history_created_IP`,`history_modified_by`,`history_modified_date`,`history_modified_IP`) VALUES (340482975,0,0,0,1,1407645114,'458847187','1',1,'N',1,'2011-05-13 20:17:27','127.0.0.1',0,'0000-00-00 00:00:00','');
INSERT INTO `report_filter_criteria` (`ID`,`archive`,`archiveID`,`deleted`,`systemID`,`filterID`,`filter_criterion`,`filter_matchmodeID`,`filter_seq`,`filter_value`,`history_created_by`,`history_created_date`,`history_created_IP`,`history_modified_by`,`history_modified_date`,`history_modified_IP`) VALUES (362992147,0,0,0,1,744356559,'1277055060','2',1,'',1,'2012-08-03 10:10:05','127.0.0.1',0,'0000-00-00 00:00:00','');
INSERT INTO `report_filter_criteria` (`ID`,`archive`,`archiveID`,`deleted`,`systemID`,`filterID`,`filter_criterion`,`filter_matchmodeID`,`filter_seq`,`filter_value`,`history_created_by`,`history_created_date`,`history_created_IP`,`history_modified_by`,`history_modified_date`,`history_modified_IP`) VALUES (444968531,0,0,0,1,1981458367,'1386313568','3',1,'2015',1,'2017-11-11 20:27:41','127.0.0.1',0,'0000-00-00 00:00:00','');
INSERT INTO `report_filter_criteria` (`ID`,`archive`,`archiveID`,`deleted`,`systemID`,`filterID`,`filter_criterion`,`filter_matchmodeID`,`filter_seq`,`filter_value`,`history_created_by`,`history_created_date`,`history_created_IP`,`history_modified_by`,`history_modified_date`,`history_modified_IP`) VALUES (475689570,0,0,0,1,800402407,'527305253','2',1,'',1,'2012-08-03 10:11:06','127.0.0.1',0,'0000-00-00 00:00:00','');
INSERT INTO `report_filter_criteria` (`ID`,`archive`,`archiveID`,`deleted`,`systemID`,`filterID`,`filter_criterion`,`filter_matchmodeID`,`filter_seq`,`filter_value`,`history_created_by`,`history_created_date`,`history_created_IP`,`history_modified_by`,`history_modified_date`,`history_modified_IP`) VALUES (662452577,0,0,0,1,616068165,'1277055060','1',1,'',1,'2012-08-03 10:10:16','127.0.0.1',0,'0000-00-00 00:00:00','');
INSERT INTO `report_filter_criteria` (`ID`,`archive`,`archiveID`,`deleted`,`systemID`,`filterID`,`filter_criterion`,`filter_matchmodeID`,`filter_seq`,`filter_value`,`history_created_by`,`history_created_date`,`history_created_IP`,`history_modified_by`,`history_modified_date`,`history_modified_IP`) VALUES (721085864,0,0,0,1,1831482395,'1386313568','3',1,'2011',1,'2012-08-03 10:14:38','127.0.0.1',0,'0000-00-00 00:00:00','');
INSERT INTO `report_filter_criteria` (`ID`,`archive`,`archiveID`,`deleted`,`systemID`,`filterID`,`filter_criterion`,`filter_matchmodeID`,`filter_seq`,`filter_value`,`history_created_by`,`history_created_date`,`history_created_IP`,`history_modified_by`,`history_modified_date`,`history_modified_IP`) VALUES (798211406,0,0,0,1,294345801,'458847187','1',1,'Y',1,'2011-05-13 20:16:53','127.0.0.1',0,'0000-00-00 00:00:00','');
INSERT INTO `report_filter_criteria` (`ID`,`archive`,`archiveID`,`deleted`,`systemID`,`filterID`,`filter_criterion`,`filter_matchmodeID`,`filter_seq`,`filter_value`,`history_created_by`,`history_created_date`,`history_created_IP`,`history_modified_by`,`history_modified_date`,`history_modified_IP`) VALUES (811129169,0,0,0,1,1789159668,'895199512','2',1,'',1,'2011-05-13 20:12:26','127.0.0.1',0,'0000-00-00 00:00:00','');
INSERT INTO `report_filter_criteria` (`ID`,`archive`,`archiveID`,`deleted`,`systemID`,`filterID`,`filter_criterion`,`filter_matchmodeID`,`filter_seq`,`filter_value`,`history_created_by`,`history_created_date`,`history_created_IP`,`history_modified_by`,`history_modified_date`,`history_modified_IP`) VALUES (985919060,0,0,0,1,1983451491,'967644277','8',1,'0',1,'2012-08-03 11:45:47','127.0.0.1',0,'0000-00-00 00:00:00','');
INSERT INTO `report_filter_criteria` (`ID`,`archive`,`archiveID`,`deleted`,`systemID`,`filterID`,`filter_criterion`,`filter_matchmodeID`,`filter_seq`,`filter_value`,`history_created_by`,`history_created_date`,`history_created_IP`,`history_modified_by`,`history_modified_date`,`history_modified_IP`) VALUES (996287888,0,0,0,1,1421073765,'74850910','11',1,'THIS_WEEK',1,'2012-08-03 11:41:35','127.0.0.1',0,'0000-00-00 00:00:00','');
INSERT INTO `report_filter_criteria` (`ID`,`archive`,`archiveID`,`deleted`,`systemID`,`filterID`,`filter_criterion`,`filter_matchmodeID`,`filter_seq`,`filter_value`,`history_created_by`,`history_created_date`,`history_created_IP`,`history_modified_by`,`history_modified_date`,`history_modified_IP`) VALUES (1044444107,0,0,0,1,1802835252,'1386313568','3',1,'2017',1,'2017-11-11 20:27:54','127.0.0.1',0,'0000-00-00 00:00:00','');
INSERT INTO `report_filter_criteria` (`ID`,`archive`,`archiveID`,`deleted`,`systemID`,`filterID`,`filter_criterion`,`filter_matchmodeID`,`filter_seq`,`filter_value`,`history_created_by`,`history_created_date`,`history_created_IP`,`history_modified_by`,`history_modified_date`,`history_modified_IP`) VALUES (1112202538,0,0,0,1,500011804,'1386313568','3',1,'2013',1,'2012-08-03 10:14:50','127.0.0.1',0,'0000-00-00 00:00:00','');
INSERT INTO `report_filter_criteria` (`ID`,`archive`,`archiveID`,`deleted`,`systemID`,`filterID`,`filter_criterion`,`filter_matchmodeID`,`filter_seq`,`filter_value`,`history_created_by`,`history_created_date`,`history_created_IP`,`history_modified_by`,`history_modified_date`,`history_modified_IP`) VALUES (1139391142,0,0,0,1,373352330,'','',1,'',1,'2010-08-16 18:26:28','127.0.0.1',0,'0000-00-00 00:00:00','');
INSERT INTO `report_filter_criteria` (`ID`,`archive`,`archiveID`,`deleted`,`systemID`,`filterID`,`filter_criterion`,`filter_matchmodeID`,`filter_seq`,`filter_value`,`history_created_by`,`history_created_date`,`history_created_IP`,`history_modified_by`,`history_modified_date`,`history_modified_IP`) VALUES (1198438564,0,0,0,1,1849548730,'1386313568','3',1,'2014',1,'2017-11-11 20:27:34','127.0.0.1',0,'0000-00-00 00:00:00','');
INSERT INTO `report_filter_criteria` (`ID`,`archive`,`archiveID`,`deleted`,`systemID`,`filterID`,`filter_criterion`,`filter_matchmodeID`,`filter_seq`,`filter_value`,`history_created_by`,`history_created_date`,`history_created_IP`,`history_modified_by`,`history_modified_date`,`history_modified_IP`) VALUES (1305521608,0,0,0,1,1682186596,'1519775197','11',1,'THIS_WEEK',1,'2012-08-03 11:41:25','127.0.0.1',0,'0000-00-00 00:00:00','');
INSERT INTO `report_filter_criteria` (`ID`,`archive`,`archiveID`,`deleted`,`systemID`,`filterID`,`filter_criterion`,`filter_matchmodeID`,`filter_seq`,`filter_value`,`history_created_by`,`history_created_date`,`history_created_IP`,`history_modified_by`,`history_modified_date`,`history_modified_IP`) VALUES (1322629275,0,0,0,1,620620593,'1261133383','2',1,'0',1,'2010-08-16 18:38:02','127.0.0.1',0,'0000-00-00 00:00:00','');
INSERT INTO `report_filter_criteria` (`ID`,`archive`,`archiveID`,`deleted`,`systemID`,`filterID`,`filter_criterion`,`filter_matchmodeID`,`filter_seq`,`filter_value`,`history_created_by`,`history_created_date`,`history_created_IP`,`history_modified_by`,`history_modified_date`,`history_modified_IP`) VALUES (1431150170,0,0,0,1,1578639485,'527305253','1',1,'',1,'2012-08-03 10:11:19','127.0.0.1',0,'0000-00-00 00:00:00','');
INSERT INTO `report_filter_criteria` (`ID`,`archive`,`archiveID`,`deleted`,`systemID`,`filterID`,`filter_criterion`,`filter_matchmodeID`,`filter_seq`,`filter_value`,`history_created_by`,`history_created_date`,`history_created_IP`,`history_modified_by`,`history_modified_date`,`history_modified_IP`) VALUES (1436541134,0,0,0,1,724009601,'967644277','1',1,'0',1,'2012-08-03 11:46:00','127.0.0.1',0,'0000-00-00 00:00:00','');
INSERT INTO `report_filter_criteria` (`ID`,`archive`,`archiveID`,`deleted`,`systemID`,`filterID`,`filter_criterion`,`filter_matchmodeID`,`filter_seq`,`filter_value`,`history_created_by`,`history_created_date`,`history_created_IP`,`history_modified_by`,`history_modified_date`,`history_modified_IP`) VALUES (1496476889,0,0,0,1,1528547951,'1386313568','3',1,'2010',1,'2012-08-03 10:14:33','127.0.0.1',0,'0000-00-00 00:00:00','');
INSERT INTO `report_filter_criteria` (`ID`,`archive`,`archiveID`,`deleted`,`systemID`,`filterID`,`filter_criterion`,`filter_matchmodeID`,`filter_seq`,`filter_value`,`history_created_by`,`history_created_date`,`history_created_IP`,`history_modified_by`,`history_modified_date`,`history_modified_IP`) VALUES (1502500610,0,0,0,1,34212374,'1579425219','1',1,'0',1986369923,'2010-08-18 14:32:19','127.0.0.1',0,'0000-00-00 00:00:00','');
INSERT INTO `report_filter_criteria` (`ID`,`archive`,`archiveID`,`deleted`,`systemID`,`filterID`,`filter_criterion`,`filter_matchmodeID`,`filter_seq`,`filter_value`,`history_created_by`,`history_created_date`,`history_created_IP`,`history_modified_by`,`history_modified_date`,`history_modified_IP`) VALUES (1656290347,0,0,0,1,156797234,'1386313568','9',1,'2010-01-01',1,'2012-08-03 10:14:23','127.0.0.1',0,'0000-00-00 00:00:00','');
INSERT INTO `report_filter_criteria` (`ID`,`archive`,`archiveID`,`deleted`,`systemID`,`filterID`,`filter_criterion`,`filter_matchmodeID`,`filter_seq`,`filter_value`,`history_created_by`,`history_created_date`,`history_created_IP`,`history_modified_by`,`history_modified_date`,`history_modified_IP`) VALUES (1671850841,0,0,0,1,469684501,'1579425219','2',1,'0',1986369923,'2010-08-18 14:32:32','127.0.0.1',0,'0000-00-00 00:00:00','');
INSERT INTO `report_filter_criteria` (`ID`,`archive`,`archiveID`,`deleted`,`systemID`,`filterID`,`filter_criterion`,`filter_matchmodeID`,`filter_seq`,`filter_value`,`history_created_by`,`history_created_date`,`history_created_IP`,`history_modified_by`,`history_modified_date`,`history_modified_IP`) VALUES (1809456341,0,0,0,1,1339760407,'1386313568','8',1,'2018-12-31',1,'2017-11-11 20:28:24','127.0.0.1',0,'0000-00-00 00:00:00','');
INSERT INTO `report_filter_criteria` (`ID`,`archive`,`archiveID`,`deleted`,`systemID`,`filterID`,`filter_criterion`,`filter_matchmodeID`,`filter_seq`,`filter_value`,`history_created_by`,`history_created_date`,`history_created_IP`,`history_modified_by`,`history_modified_date`,`history_modified_IP`) VALUES (1813813527,0,0,0,1,474617293,'1742754267','1',1,'0',1,'2012-08-03 11:42:06','127.0.0.1',0,'0000-00-00 00:00:00','');
INSERT INTO `report_filter_criteria` (`ID`,`archive`,`archiveID`,`deleted`,`systemID`,`filterID`,`filter_criterion`,`filter_matchmodeID`,`filter_seq`,`filter_value`,`history_created_by`,`history_created_date`,`history_created_IP`,`history_modified_by`,`history_modified_date`,`history_modified_IP`) VALUES (1831224755,0,0,0,1,1158967542,'1261133383','1',1,'0',1,'2010-08-16 18:37:44','127.0.0.1',0,'0000-00-00 00:00:00','');
INSERT INTO `report_filter_criteria` (`ID`,`archive`,`archiveID`,`deleted`,`systemID`,`filterID`,`filter_criterion`,`filter_matchmodeID`,`filter_seq`,`filter_value`,`history_created_by`,`history_created_date`,`history_created_IP`,`history_modified_by`,`history_modified_date`,`history_modified_IP`) VALUES (1990573890,0,0,0,1,1789796094,'74850910','11',1,'TODAY',1,'2010-08-16 18:30:02','127.0.0.1',0,'0000-00-00 00:00:00','');
INSERT INTO `report_filter_criteria` (`ID`,`archive`,`archiveID`,`deleted`,`systemID`,`filterID`,`filter_criterion`,`filter_matchmodeID`,`filter_seq`,`filter_value`,`history_created_by`,`history_created_date`,`history_created_IP`,`history_modified_by`,`history_modified_date`,`history_modified_IP`) VALUES (2084454765,0,0,0,1,543888189,'1742754267','1',1,'1',1,'2012-08-03 11:41:56','127.0.0.1',0,'0000-00-00 00:00:00','');
INSERT INTO `report_settings`        (`ID`,`archive`,`archiveID`,`deleted`,`systemID`,`destinationID`,`destinationType`,`reportID`,`report_columns_csv`,`report_filters_csv`,`history_created_by`,`history_created_date`,`history_created_IP`,`history_modified_by`,`history_modified_date`,`history_modified_IP`) VALUES (1380673733,0,0,0,1,0,'global',643449733,'','373352330,2097216013,1682186596,1789796094,1421073765,417399469,1195984770,543888189,474617293,744356559,616068165,294345801,1407645114,800402407,1578639485,281551522,1789159668,620620593,1158967542,469684501,34212374,1983451491,724009601,156797234,1528547951,1831482395,1117534239,500011804,1849548730,1981458367,414437803,1802835252,1408674673,1339760407',1,'2010-09-24 16:30:00','127.0.0.1',1,'2017-11-11 20:31:45','127.0.0.1');

#  7) For 'gallery-albums-for-gallery-album':  Added filter presets for 'Enabled' and 'Disabled'
#                                              Added operations 'with selected - enable' and 'with selected - disable'
DELETE FROM `report_columns`         WHERE `ID` IN (2133337038,1448623476);
INSERT INTO `report_columns`         (`ID`,`archive`,`archiveID`,`deleted`,`systemID`,`reportID`,`group_assign_csv`,`seq`,`tab`,`defaultValue`,`fieldType`,`formField`,`formFieldHeight`,`formFieldSpecial`,`formFieldTooltip`,`formFieldUnique`,`formFieldWidth`,`formLabel`,`formSelectorSQLMaster`,`formSelectorSQLMember`,`permCOMMUNITYADMIN`,`permGROUPVIEWER`,`permGROUPEDITOR`,`permMASTERADMIN`,`permPUBLIC`,`permSYSADMIN`,`permSYSAPPROVER`,`permSYSEDITOR`,`permSYSLOGON`,`permSYSMEMBER`,`permUSERADMIN`,`reportField`,`reportFieldSpecial`,`reportFilter`,`reportFilterLabel`,`reportLabel`,`reportSortBy_AZ`,`reportSortBy_a`,`reportSortBy_d`,`required_feature`,`required_feature_invert`,`history_created_by`,`history_created_date`,`history_created_IP`,`history_modified_by`,`history_modified_date`,`history_modified_IP`) VALUES (1448623476,0,0,0,1,1974205589,'',0,'0.','','selected_set_as_enabled','',0,'','',0,0,'','','',0,0,0,2,0,2,0,0,0,0,0,'','','','','',0,'','','',0,1,'2017-11-11 18:13:55','127.0.0.1',1,'2017-11-11 18:16:00','127.0.0.1');
INSERT INTO `report_columns`         (`ID`,`archive`,`archiveID`,`deleted`,`systemID`,`reportID`,`group_assign_csv`,`seq`,`tab`,`defaultValue`,`fieldType`,`formField`,`formFieldHeight`,`formFieldSpecial`,`formFieldTooltip`,`formFieldUnique`,`formFieldWidth`,`formLabel`,`formSelectorSQLMaster`,`formSelectorSQLMember`,`permCOMMUNITYADMIN`,`permGROUPVIEWER`,`permGROUPEDITOR`,`permMASTERADMIN`,`permPUBLIC`,`permSYSADMIN`,`permSYSAPPROVER`,`permSYSEDITOR`,`permSYSLOGON`,`permSYSMEMBER`,`permUSERADMIN`,`reportField`,`reportFieldSpecial`,`reportFilter`,`reportFilterLabel`,`reportLabel`,`reportSortBy_AZ`,`reportSortBy_a`,`reportSortBy_d`,`required_feature`,`required_feature_invert`,`history_created_by`,`history_created_date`,`history_created_IP`,`history_modified_by`,`history_modified_date`,`history_modified_IP`) VALUES (2133337038,0,0,0,1,1974205589,'',0,'0.','','selected_set_as_disabled','',0,'','',0,0,'','','',0,0,0,2,0,2,0,0,0,0,0,'','','','','',0,'','','',0,1,'2017-11-11 18:13:52','127.0.0.1',1,'2017-11-11 18:16:00','127.0.0.1');

DELETE FROM `report_filter_criteria` WHERE `filterID` IN (SELECT `ID` FROM `report_filter`  WHERE `reportID` IN (1974205589) AND (`destinationType`='global'));
DELETE FROM `report_filter`          WHERE `reportID` IN (1974205589) AND (`destinationType`='global');
DELETE FROM `report_settings`        WHERE `reportID` IN (1974205589) AND (`destinationType`='global');

INSERT INTO `report_filter`          (`ID`,`archive`,`archiveID`,`deleted`,`systemID`,`destinationID`,`destinationType`,`label`,`reportID`,`seq`,`history_created_by`,`history_created_date`,`history_created_IP`,`history_modified_by`,`history_modified_date`,`history_modified_IP`) VALUES (37116717,0,0,0,1,0,'global','[ICON]20 20 7258 Contains other Gallery Albums - Yes[/ICON]',1974205589,0,1,'2011-08-11 13:20:19','127.0.0.1',1,'2012-11-07 07:39:17','127.0.0.1');
INSERT INTO `report_filter`          (`ID`,`archive`,`archiveID`,`deleted`,`systemID`,`destinationID`,`destinationType`,`label`,`reportID`,`seq`,`history_created_by`,`history_created_date`,`history_created_IP`,`history_modified_by`,`history_modified_date`,`history_modified_IP`) VALUES (58393838,0,0,0,1,0,'global','[ICON]21 21 7359 Modified This Week[/ICON]',1974205589,0,1,'2012-11-07 07:40:34','127.0.0.1',1,'2012-11-07 07:40:37','127.0.0.1');
INSERT INTO `report_filter`          (`ID`,`archive`,`archiveID`,`deleted`,`systemID`,`destinationID`,`destinationType`,`label`,`reportID`,`seq`,`history_created_by`,`history_created_date`,`history_created_IP`,`history_modified_by`,`history_modified_date`,`history_modified_IP`) VALUES (62181669,0,0,0,1,0,'global','[ICON]17 17 6768 Modified Today[/ICON]',1974205589,0,1,'2011-08-11 13:19:25','127.0.0.1',1,'2011-08-11 13:24:51','127.0.0.1');
INSERT INTO `report_filter`          (`ID`,`archive`,`archiveID`,`deleted`,`systemID`,`destinationID`,`destinationType`,`label`,`reportID`,`seq`,`history_created_by`,`history_created_date`,`history_created_IP`,`history_modified_by`,`history_modified_date`,`history_modified_IP`) VALUES (307443921,0,0,0,1,0,'global','[ICON]14 14 6912 (All Records - Unfiltered View)[/ICON](All)',1974205589,0,1,'2011-08-11 13:11:01','127.0.0.1',1,'2011-08-11 13:24:33','127.0.0.1');
INSERT INTO `report_filter`          (`ID`,`archive`,`archiveID`,`deleted`,`systemID`,`destinationID`,`destinationType`,`label`,`reportID`,`seq`,`history_created_by`,`history_created_date`,`history_created_IP`,`history_modified_by`,`history_modified_date`,`history_modified_IP`) VALUES (414496955,0,0,0,1,0,'global','[ICON]13 13 6611 Marked as Important - No[/ICON]',1974205589,0,1,'2011-08-11 13:11:42','127.0.0.1',1,'2012-11-07 07:38:39','127.0.0.1');
INSERT INTO `report_filter`          (`ID`,`archive`,`archiveID`,`deleted`,`systemID`,`destinationID`,`destinationType`,`label`,`reportID`,`seq`,`history_created_by`,`history_created_date`,`history_created_IP`,`history_modified_by`,`history_modified_date`,`history_modified_IP`) VALUES (646659827,0,0,0,1,0,'global','[ICON]22 22 7214 Contains Gallery Images - Yes[/ICON]',1974205589,0,1,'2011-08-11 13:19:51','127.0.0.1',1,'2012-11-07 07:38:55','127.0.0.1');
INSERT INTO `report_filter`          (`ID`,`archive`,`archiveID`,`deleted`,`systemID`,`destinationID`,`destinationType`,`label`,`reportID`,`seq`,`history_created_by`,`history_created_date`,`history_created_IP`,`history_modified_by`,`history_modified_date`,`history_modified_IP`) VALUES (695544776,0,0,0,1,0,'global','[ICON]13 13 6598 Marked as Important - Yes[/ICON]',1974205589,0,1,'2011-08-11 13:11:32','127.0.0.1',1,'2012-11-07 07:38:25','127.0.0.1');
INSERT INTO `report_filter`          (`ID`,`archive`,`archiveID`,`deleted`,`systemID`,`destinationID`,`destinationType`,`label`,`reportID`,`seq`,`history_created_by`,`history_created_date`,`history_created_IP`,`history_modified_by`,`history_modified_date`,`history_modified_IP`) VALUES (767898702,0,0,0,1,0,'global','[ICON]11 11 6576 Has Categories - Yes[/ICON]',1974205589,0,1,'2012-11-07 08:49:02','127.0.0.1',1,'2012-11-07 08:49:19','127.0.0.1');
INSERT INTO `report_filter`          (`ID`,`archive`,`archiveID`,`deleted`,`systemID`,`destinationID`,`destinationType`,`label`,`reportID`,`seq`,`history_created_by`,`history_created_date`,`history_created_IP`,`history_modified_by`,`history_modified_date`,`history_modified_IP`) VALUES (805401214,0,0,0,1,0,'global','[ICON]21 21 7506 Has been Published to Public - Yes[/ICON]',1974205589,0,1,'2012-11-07 08:46:40','127.0.0.1',1,'2012-11-07 08:48:16','127.0.0.1');
INSERT INTO `report_filter`          (`ID`,`archive`,`archiveID`,`deleted`,`systemID`,`destinationID`,`destinationType`,`label`,`reportID`,`seq`,`history_created_by`,`history_created_date`,`history_created_IP`,`history_modified_by`,`history_modified_date`,`history_modified_IP`) VALUES (847495271,0,0,0,1,0,'global','[ICON]16 16 8316 Enabled[/ICON]',1974205589,0,1,'2017-11-11 20:33:28','127.0.0.1',1,'2017-11-11 20:33:44','127.0.0.1');
INSERT INTO `report_filter`          (`ID`,`archive`,`archiveID`,`deleted`,`systemID`,`destinationID`,`destinationType`,`label`,`reportID`,`seq`,`history_created_by`,`history_created_date`,`history_created_IP`,`history_modified_by`,`history_modified_date`,`history_modified_IP`) VALUES (997944143,0,0,0,1,0,'global','[ICON]20 20 7278 Contains other Gallery Albums - No[/ICON]',1974205589,0,1,'2011-08-11 13:20:28','127.0.0.1',1,'2012-11-07 07:39:29','127.0.0.1');
INSERT INTO `report_filter`          (`ID`,`archive`,`archiveID`,`deleted`,`systemID`,`destinationID`,`destinationType`,`label`,`reportID`,`seq`,`history_created_by`,`history_created_date`,`history_created_IP`,`history_modified_by`,`history_modified_date`,`history_modified_IP`) VALUES (1056549820,0,0,0,1,0,'global','[ICON]21 21 7338 Created This Week[/ICON]',1974205589,0,1,'2012-11-07 07:40:07','127.0.0.1',1,'2012-11-07 07:40:11','127.0.0.1');
INSERT INTO `report_filter`          (`ID`,`archive`,`archiveID`,`deleted`,`systemID`,`destinationID`,`destinationType`,`label`,`reportID`,`seq`,`history_created_by`,`history_created_date`,`history_created_IP`,`history_modified_by`,`history_modified_date`,`history_modified_IP`) VALUES (1321091577,0,0,0,1,0,'global','[ICON]19 19 6370 Has been Published to Groups - Yes[/ICON]',1974205589,0,1,'2012-11-07 08:47:54','127.0.0.1',1,'2012-11-07 08:48:21','127.0.0.1');
INSERT INTO `report_filter`          (`ID`,`archive`,`archiveID`,`deleted`,`systemID`,`destinationID`,`destinationType`,`label`,`reportID`,`seq`,`history_created_by`,`history_created_date`,`history_created_IP`,`history_modified_by`,`history_modified_date`,`history_modified_IP`) VALUES (1377272951,0,0,0,1,0,'global','[ICON]11 11 6587 Has Categories - No[/ICON]',1974205589,0,1,'2012-11-07 08:49:15','127.0.0.1',1,'2012-11-07 08:49:22','127.0.0.1');
INSERT INTO `report_filter`          (`ID`,`archive`,`archiveID`,`deleted`,`systemID`,`destinationID`,`destinationType`,`label`,`reportID`,`seq`,`history_created_by`,`history_created_date`,`history_created_IP`,`history_modified_by`,`history_modified_date`,`history_modified_IP`) VALUES (1491610355,0,0,0,1,0,'global','[ICON]16 16 8332 Disabled[/ICON]',1974205589,0,1,'2017-11-11 20:33:39','127.0.0.1',1,'2017-11-11 20:33:48','127.0.0.1');
INSERT INTO `report_filter`          (`ID`,`archive`,`archiveID`,`deleted`,`systemID`,`destinationID`,`destinationType`,`label`,`reportID`,`seq`,`history_created_by`,`history_created_date`,`history_created_IP`,`history_modified_by`,`history_modified_date`,`history_modified_IP`) VALUES (1816314263,0,0,0,1,0,'global','[ICON]21 21 7527 Has been Published to Public - No[/ICON]',1974205589,0,1,'2012-11-07 08:46:57','127.0.0.1',1,'2012-11-07 08:48:19','127.0.0.1');
INSERT INTO `report_filter`          (`ID`,`archive`,`archiveID`,`deleted`,`systemID`,`destinationID`,`destinationType`,`label`,`reportID`,`seq`,`history_created_by`,`history_created_date`,`history_created_IP`,`history_modified_by`,`history_modified_date`,`history_modified_IP`) VALUES (1934762496,0,0,0,1,0,'global','[ICON]22 22 7236 Contains Gallery Images - No[/ICON]',1974205589,0,1,'2011-08-11 13:20:03','127.0.0.1',1,'2012-11-07 07:39:07','127.0.0.1');
INSERT INTO `report_filter`          (`ID`,`archive`,`archiveID`,`deleted`,`systemID`,`destinationID`,`destinationType`,`label`,`reportID`,`seq`,`history_created_by`,`history_created_date`,`history_created_IP`,`history_modified_by`,`history_modified_date`,`history_modified_IP`) VALUES (2031607775,0,0,0,1,0,'global','[ICON]17 17 6751 Created Today[/ICON]',1974205589,0,1,'2011-08-11 13:19:13','127.0.0.1',1,'2011-08-11 13:24:45','127.0.0.1');
INSERT INTO `report_filter`          (`ID`,`archive`,`archiveID`,`deleted`,`systemID`,`destinationID`,`destinationType`,`label`,`reportID`,`seq`,`history_created_by`,`history_created_date`,`history_created_IP`,`history_modified_by`,`history_modified_date`,`history_modified_IP`) VALUES (2127172415,0,0,0,1,0,'global','[ICON]19 19 6389 Has been Published to Groups - No[/ICON]',1974205589,0,1,'2012-11-07 08:48:08','127.0.0.1',1,'2012-11-07 08:48:23','127.0.0.1');
INSERT INTO `report_filter_criteria` (`ID`,`archive`,`archiveID`,`deleted`,`systemID`,`filterID`,`filter_criterion`,`filter_matchmodeID`,`filter_seq`,`filter_value`,`history_created_by`,`history_created_date`,`history_created_IP`,`history_modified_by`,`history_modified_date`,`history_modified_IP`) VALUES (13775307,0,0,0,1,1377272951,'72444276','1',1,'',1,'2012-11-07 08:49:15','127.0.0.1',0,'0000-00-00 00:00:00','');
INSERT INTO `report_filter_criteria` (`ID`,`archive`,`archiveID`,`deleted`,`systemID`,`filterID`,`filter_criterion`,`filter_matchmodeID`,`filter_seq`,`filter_value`,`history_created_by`,`history_created_date`,`history_created_IP`,`history_modified_by`,`history_modified_date`,`history_modified_IP`) VALUES (129365513,0,0,0,1,1816314263,'142169933','1',1,'0',1,'2012-11-07 08:46:57','127.0.0.1',0,'0000-00-00 00:00:00','');
INSERT INTO `report_filter_criteria` (`ID`,`archive`,`archiveID`,`deleted`,`systemID`,`filterID`,`filter_criterion`,`filter_matchmodeID`,`filter_seq`,`filter_value`,`history_created_by`,`history_created_date`,`history_created_IP`,`history_modified_by`,`history_modified_date`,`history_modified_IP`) VALUES (134727388,0,0,0,1,646659827,'1112443043','8',1,'0',1,'2011-08-11 13:19:51','127.0.0.1',0,'0000-00-00 00:00:00','');
INSERT INTO `report_filter_criteria` (`ID`,`archive`,`archiveID`,`deleted`,`systemID`,`filterID`,`filter_criterion`,`filter_matchmodeID`,`filter_seq`,`filter_value`,`history_created_by`,`history_created_date`,`history_created_IP`,`history_modified_by`,`history_modified_date`,`history_modified_IP`) VALUES (388877554,0,0,0,1,414496955,'714757878','1',1,'N',1,'2011-08-11 13:11:42','127.0.0.1',0,'0000-00-00 00:00:00','');
INSERT INTO `report_filter_criteria` (`ID`,`archive`,`archiveID`,`deleted`,`systemID`,`filterID`,`filter_criterion`,`filter_matchmodeID`,`filter_seq`,`filter_value`,`history_created_by`,`history_created_date`,`history_created_IP`,`history_modified_by`,`history_modified_date`,`history_modified_IP`) VALUES (542399069,0,0,0,1,307443921,'','',1,'',1,'2011-08-11 13:11:01','127.0.0.1',0,'0000-00-00 00:00:00','');
INSERT INTO `report_filter_criteria` (`ID`,`archive`,`archiveID`,`deleted`,`systemID`,`filterID`,`filter_criterion`,`filter_matchmodeID`,`filter_seq`,`filter_value`,`history_created_by`,`history_created_date`,`history_created_IP`,`history_modified_by`,`history_modified_date`,`history_modified_IP`) VALUES (688445106,0,0,0,1,2031607775,'1694669104','11',1,'TODAY',1,'2011-08-11 13:19:13','127.0.0.1',0,'0000-00-00 00:00:00','');
INSERT INTO `report_filter_criteria` (`ID`,`archive`,`archiveID`,`deleted`,`systemID`,`filterID`,`filter_criterion`,`filter_matchmodeID`,`filter_seq`,`filter_value`,`history_created_by`,`history_created_date`,`history_created_IP`,`history_modified_by`,`history_modified_date`,`history_modified_IP`) VALUES (824878590,0,0,0,1,997944143,'1764691861','1',1,'0',1,'2011-08-11 13:20:28','127.0.0.1',0,'0000-00-00 00:00:00','');
INSERT INTO `report_filter_criteria` (`ID`,`archive`,`archiveID`,`deleted`,`systemID`,`filterID`,`filter_criterion`,`filter_matchmodeID`,`filter_seq`,`filter_value`,`history_created_by`,`history_created_date`,`history_created_IP`,`history_modified_by`,`history_modified_date`,`history_modified_IP`) VALUES (862834195,0,0,0,1,1056549820,'1694669104','11',1,'THIS_WEEK',1,'2012-11-07 07:40:07','127.0.0.1',0,'0000-00-00 00:00:00','');
INSERT INTO `report_filter_criteria` (`ID`,`archive`,`archiveID`,`deleted`,`systemID`,`filterID`,`filter_criterion`,`filter_matchmodeID`,`filter_seq`,`filter_value`,`history_created_by`,`history_created_date`,`history_created_IP`,`history_modified_by`,`history_modified_date`,`history_modified_IP`) VALUES (908441543,0,0,0,1,767898702,'72444276','2',1,'',1,'2012-11-07 08:49:02','127.0.0.1',0,'0000-00-00 00:00:00','');
INSERT INTO `report_filter_criteria` (`ID`,`archive`,`archiveID`,`deleted`,`systemID`,`filterID`,`filter_criterion`,`filter_matchmodeID`,`filter_seq`,`filter_value`,`history_created_by`,`history_created_date`,`history_created_IP`,`history_modified_by`,`history_modified_date`,`history_modified_IP`) VALUES (943810063,0,0,0,1,2127172415,'833019679','1',1,'0',1,'2012-11-07 08:48:08','127.0.0.1',0,'0000-00-00 00:00:00','');
INSERT INTO `report_filter_criteria` (`ID`,`archive`,`archiveID`,`deleted`,`systemID`,`filterID`,`filter_criterion`,`filter_matchmodeID`,`filter_seq`,`filter_value`,`history_created_by`,`history_created_date`,`history_created_IP`,`history_modified_by`,`history_modified_date`,`history_modified_IP`) VALUES (1053777057,0,0,0,1,805401214,'142169933','1',1,'1',1,'2012-11-07 08:46:40','127.0.0.1',0,'0000-00-00 00:00:00','');
INSERT INTO `report_filter_criteria` (`ID`,`archive`,`archiveID`,`deleted`,`systemID`,`filterID`,`filter_criterion`,`filter_matchmodeID`,`filter_seq`,`filter_value`,`history_created_by`,`history_created_date`,`history_created_IP`,`history_modified_by`,`history_modified_date`,`history_modified_IP`) VALUES (1187339488,0,0,0,1,1934762496,'1112443043','1',1,'0',1,'2011-08-11 13:20:03','127.0.0.1',0,'0000-00-00 00:00:00','');
INSERT INTO `report_filter_criteria` (`ID`,`archive`,`archiveID`,`deleted`,`systemID`,`filterID`,`filter_criterion`,`filter_matchmodeID`,`filter_seq`,`filter_value`,`history_created_by`,`history_created_date`,`history_created_IP`,`history_modified_by`,`history_modified_date`,`history_modified_IP`) VALUES (1239947033,0,0,0,1,695544776,'714757878','1',1,'Y',1,'2011-08-11 13:11:32','127.0.0.1',0,'0000-00-00 00:00:00','');
INSERT INTO `report_filter_criteria` (`ID`,`archive`,`archiveID`,`deleted`,`systemID`,`filterID`,`filter_criterion`,`filter_matchmodeID`,`filter_seq`,`filter_value`,`history_created_by`,`history_created_date`,`history_created_IP`,`history_modified_by`,`history_modified_date`,`history_modified_IP`) VALUES (1450494383,0,0,0,1,1491610355,'748873147','1',1,'0',1,'2017-11-11 20:33:39','127.0.0.1',0,'0000-00-00 00:00:00','');
INSERT INTO `report_filter_criteria` (`ID`,`archive`,`archiveID`,`deleted`,`systemID`,`filterID`,`filter_criterion`,`filter_matchmodeID`,`filter_seq`,`filter_value`,`history_created_by`,`history_created_date`,`history_created_IP`,`history_modified_by`,`history_modified_date`,`history_modified_IP`) VALUES (1465456568,0,0,0,1,1321091577,'833019679','8',1,'0',1,'2012-11-07 08:47:54','127.0.0.1',0,'0000-00-00 00:00:00','');
INSERT INTO `report_filter_criteria` (`ID`,`archive`,`archiveID`,`deleted`,`systemID`,`filterID`,`filter_criterion`,`filter_matchmodeID`,`filter_seq`,`filter_value`,`history_created_by`,`history_created_date`,`history_created_IP`,`history_modified_by`,`history_modified_date`,`history_modified_IP`) VALUES (1549236618,0,0,0,1,847495271,'748873147','1',1,'1',1,'2017-11-11 20:33:28','127.0.0.1',0,'0000-00-00 00:00:00','');
INSERT INTO `report_filter_criteria` (`ID`,`archive`,`archiveID`,`deleted`,`systemID`,`filterID`,`filter_criterion`,`filter_matchmodeID`,`filter_seq`,`filter_value`,`history_created_by`,`history_created_date`,`history_created_IP`,`history_modified_by`,`history_modified_date`,`history_modified_IP`) VALUES (1642058261,0,0,0,1,58393838,'1639076206','11',1,'THIS_WEEK',1,'2012-11-07 07:40:34','127.0.0.1',0,'0000-00-00 00:00:00','');
INSERT INTO `report_filter_criteria` (`ID`,`archive`,`archiveID`,`deleted`,`systemID`,`filterID`,`filter_criterion`,`filter_matchmodeID`,`filter_seq`,`filter_value`,`history_created_by`,`history_created_date`,`history_created_IP`,`history_modified_by`,`history_modified_date`,`history_modified_IP`) VALUES (1844197093,0,0,0,1,37116717,'1764691861','8',1,'0',1,'2011-08-11 13:20:19','127.0.0.1',0,'0000-00-00 00:00:00','');
INSERT INTO `report_filter_criteria` (`ID`,`archive`,`archiveID`,`deleted`,`systemID`,`filterID`,`filter_criterion`,`filter_matchmodeID`,`filter_seq`,`filter_value`,`history_created_by`,`history_created_date`,`history_created_IP`,`history_modified_by`,`history_modified_date`,`history_modified_IP`) VALUES (2116049842,0,0,0,1,62181669,'1639076206','11',1,'TODAY',1,'2011-08-11 13:19:25','127.0.0.1',0,'0000-00-00 00:00:00','');
INSERT INTO `report_settings`        (`ID`,`archive`,`archiveID`,`deleted`,`systemID`,`destinationID`,`destinationType`,`reportID`,`report_columns_csv`,`report_filters_csv`,`history_created_by`,`history_created_date`,`history_created_IP`,`history_modified_by`,`history_modified_date`,`history_modified_IP`) VALUES (21816761,0,0,0,1,0,'global',1974205589,'','307443921,2031607775,1056549820,62181669,58393838,847495271,1491610355,805401214,1816314263,1321091577,2127172415,695544776,414496955,767898702,1377272951,646659827,1934762496,37116717,997944143',1,'2011-08-11 13:24:33','127.0.0.1',1,'2017-11-11 20:33:54','127.0.0.1');

#  8) For 'gallery-images':                    Added filter presets for 'Enabled' and 'Disabled'
#                                              Added operations 'with selected - enable' and 'with selected - disable'
DELETE FROM `report_columns`         WHERE `ID` IN (2062569816,61086198);
INSERT INTO `report_columns`         (`ID`,`archive`,`archiveID`,`deleted`,`systemID`,`reportID`,`group_assign_csv`,`seq`,`tab`,`defaultValue`,`fieldType`,`formField`,`formFieldHeight`,`formFieldSpecial`,`formFieldTooltip`,`formFieldUnique`,`formFieldWidth`,`formLabel`,`formSelectorSQLMaster`,`formSelectorSQLMember`,`permCOMMUNITYADMIN`,`permGROUPVIEWER`,`permGROUPEDITOR`,`permMASTERADMIN`,`permPUBLIC`,`permSYSADMIN`,`permSYSAPPROVER`,`permSYSEDITOR`,`permSYSLOGON`,`permSYSMEMBER`,`permUSERADMIN`,`reportField`,`reportFieldSpecial`,`reportFilter`,`reportFilterLabel`,`reportLabel`,`reportSortBy_AZ`,`reportSortBy_a`,`reportSortBy_d`,`required_feature`,`required_feature_invert`,`history_created_by`,`history_created_date`,`history_created_IP`,`history_modified_by`,`history_modified_date`,`history_modified_IP`) VALUES (61086198,0,0,0,1,735315841,'',0,'0.','','selected_set_as_enabled','',0,'','',0,0,'','','',0,0,0,2,0,2,0,0,0,0,0,'','','','','',0,'','','',0,1,'2017-11-11 18:16:08','127.0.0.1',1,'2017-11-11 18:16:21','127.0.0.1');
INSERT INTO `report_columns`         (`ID`,`archive`,`archiveID`,`deleted`,`systemID`,`reportID`,`group_assign_csv`,`seq`,`tab`,`defaultValue`,`fieldType`,`formField`,`formFieldHeight`,`formFieldSpecial`,`formFieldTooltip`,`formFieldUnique`,`formFieldWidth`,`formLabel`,`formSelectorSQLMaster`,`formSelectorSQLMember`,`permCOMMUNITYADMIN`,`permGROUPVIEWER`,`permGROUPEDITOR`,`permMASTERADMIN`,`permPUBLIC`,`permSYSADMIN`,`permSYSAPPROVER`,`permSYSEDITOR`,`permSYSLOGON`,`permSYSMEMBER`,`permUSERADMIN`,`reportField`,`reportFieldSpecial`,`reportFilter`,`reportFilterLabel`,`reportLabel`,`reportSortBy_AZ`,`reportSortBy_a`,`reportSortBy_d`,`required_feature`,`required_feature_invert`,`history_created_by`,`history_created_date`,`history_created_IP`,`history_modified_by`,`history_modified_date`,`history_modified_IP`) VALUES (2062569816,0,0,0,1,735315841,'',0,'0.','','selected_set_as_disabled','',0,'','',0,0,'','','',0,0,0,2,0,2,0,0,0,0,0,'','','','','',0,'','','',0,1,'2017-11-11 18:16:05','127.0.0.1',1,'2017-11-11 18:16:21','127.0.0.1');

DELETE FROM `report_filter_criteria` WHERE `filterID` IN (SELECT `ID` FROM `report_filter`  WHERE `reportID` IN (735315841) AND (`destinationType`='global'));
DELETE FROM `report_filter`          WHERE `reportID` IN (735315841) AND (`destinationType`='global');
DELETE FROM `report_settings`        WHERE `reportID` IN (735315841) AND (`destinationType`='global');

INSERT INTO `report_filter`          (`ID`,`archive`,`archiveID`,`deleted`,`systemID`,`destinationID`,`destinationType`,`label`,`reportID`,`seq`,`history_created_by`,`history_created_date`,`history_created_IP`,`history_modified_by`,`history_modified_date`,`history_modified_IP`) VALUES (31183641,0,0,0,1,0,'global','&lt; Earlier',735315841,0,1,'2012-08-03 10:16:35','127.0.0.1',1,'2017-11-11 20:36:34','127.0.0.1');
INSERT INTO `report_filter`          (`ID`,`archive`,`archiveID`,`deleted`,`systemID`,`destinationID`,`destinationType`,`label`,`reportID`,`seq`,`history_created_by`,`history_created_date`,`history_created_IP`,`history_modified_by`,`history_modified_date`,`history_modified_IP`) VALUES (183125056,0,0,0,1,0,'global','[ICON]18 18 6352 Has Received Comments - No[/ICON]',735315841,0,1,'2012-08-03 04:29:34','127.0.0.1',1,'2012-08-03 04:29:42','127.0.0.1');
INSERT INTO `report_filter`          (`ID`,`archive`,`archiveID`,`deleted`,`systemID`,`destinationID`,`destinationType`,`label`,`reportID`,`seq`,`history_created_by`,`history_created_date`,`history_created_IP`,`history_modified_by`,`history_modified_date`,`history_modified_IP`) VALUES (336944817,0,0,0,1,0,'global','2018',735315841,0,1,'2017-11-11 20:37:51','127.0.0.1',1,'2017-11-11 20:38:21','127.0.0.1');
INSERT INTO `report_filter`          (`ID`,`archive`,`archiveID`,`deleted`,`systemID`,`destinationID`,`destinationType`,`label`,`reportID`,`seq`,`history_created_by`,`history_created_date`,`history_created_IP`,`history_modified_by`,`history_modified_date`,`history_modified_IP`) VALUES (345944268,0,0,0,1,0,'global','[ICON]17 17 6768 Modified Today[/ICON]',735315841,3,1,'2010-07-28 23:03:57','127.0.0.1',1,'2012-08-03 04:22:38','127.0.0.1');
INSERT INTO `report_filter`          (`ID`,`archive`,`archiveID`,`deleted`,`systemID`,`destinationID`,`destinationType`,`label`,`reportID`,`seq`,`history_created_by`,`history_created_date`,`history_created_IP`,`history_modified_by`,`history_modified_date`,`history_modified_IP`) VALUES (391373708,0,0,0,1,0,'global','[ICON]13 13 6598 Marked as Important - Yes[/ICON]',735315841,0,1,'2011-05-13 20:19:41','127.0.0.1',1,'2012-08-03 04:22:51','127.0.0.1');
INSERT INTO `report_filter`          (`ID`,`archive`,`archiveID`,`deleted`,`systemID`,`destinationID`,`destinationType`,`label`,`reportID`,`seq`,`history_created_by`,`history_created_date`,`history_created_IP`,`history_modified_by`,`history_modified_date`,`history_modified_IP`) VALUES (603356755,0,0,0,1,0,'global','[ICON]20 20 7318 Inside a Gallery Album - No[/ICON]',735315841,5,1,'2010-08-16 19:21:54','127.0.0.1',1,'2012-08-03 04:36:04','127.0.0.1');
INSERT INTO `report_filter`          (`ID`,`archive`,`archiveID`,`deleted`,`systemID`,`destinationID`,`destinationType`,`label`,`reportID`,`seq`,`history_created_by`,`history_created_date`,`history_created_IP`,`history_modified_by`,`history_modified_date`,`history_modified_IP`) VALUES (639094714,0,0,0,1,0,'global','2015',735315841,0,1,'2017-11-11 20:37:15','127.0.0.1',1,'2017-11-11 20:38:03','127.0.0.1');
INSERT INTO `report_filter`          (`ID`,`archive`,`archiveID`,`deleted`,`systemID`,`destinationID`,`destinationType`,`label`,`reportID`,`seq`,`history_created_by`,`history_created_date`,`history_created_IP`,`history_modified_by`,`history_modified_date`,`history_modified_IP`) VALUES (669756535,0,0,0,1,0,'global','[ICON]21 21 7338 Created This Week[/ICON]',735315841,0,1,'2012-08-03 11:43:03','127.0.0.1',1,'2012-08-03 11:43:23','127.0.0.1');
INSERT INTO `report_filter`          (`ID`,`archive`,`archiveID`,`deleted`,`systemID`,`destinationID`,`destinationType`,`label`,`reportID`,`seq`,`history_created_by`,`history_created_date`,`history_created_IP`,`history_modified_by`,`history_modified_date`,`history_modified_IP`) VALUES (719439773,0,0,0,1,0,'global','[ICON]21 21 7506 Has been Published to Public - Yes[/ICON]',735315841,0,1,'2012-08-03 11:43:45','127.0.0.1',1,'2012-08-03 11:43:59','127.0.0.1');
INSERT INTO `report_filter`          (`ID`,`archive`,`archiveID`,`deleted`,`systemID`,`destinationID`,`destinationType`,`label`,`reportID`,`seq`,`history_created_by`,`history_created_date`,`history_created_IP`,`history_modified_by`,`history_modified_date`,`history_modified_IP`) VALUES (722273177,0,0,0,1,0,'global','[ICON]16 16 8332 Disabled[/ICON]',735315841,0,1,'2017-11-11 20:38:58','127.0.0.1',1,'2017-11-11 20:39:10','127.0.0.1');
INSERT INTO `report_filter`          (`ID`,`archive`,`archiveID`,`deleted`,`systemID`,`destinationID`,`destinationType`,`label`,`reportID`,`seq`,`history_created_by`,`history_created_date`,`history_created_IP`,`history_modified_by`,`history_modified_date`,`history_modified_IP`) VALUES (861587020,0,0,0,1,0,'global','[ICON]18 18 6408 Has Related Products - Yes[/ICON]',735315841,0,1,'2012-08-03 11:44:43','127.0.0.1',1,'2012-08-03 11:45:02','127.0.0.1');
INSERT INTO `report_filter`          (`ID`,`archive`,`archiveID`,`deleted`,`systemID`,`destinationID`,`destinationType`,`label`,`reportID`,`seq`,`history_created_by`,`history_created_date`,`history_created_IP`,`history_modified_by`,`history_modified_date`,`history_modified_IP`) VALUES (906818486,0,0,0,1,0,'global','[ICON]19 19 6389 Has been Published to Groups - No[/ICON]',735315841,0,1,'2012-08-03 04:30:25','127.0.0.1',1,'2012-08-03 04:30:30','127.0.0.1');
INSERT INTO `report_filter`          (`ID`,`archive`,`archiveID`,`deleted`,`systemID`,`destinationID`,`destinationType`,`label`,`reportID`,`seq`,`history_created_by`,`history_created_date`,`history_created_IP`,`history_modified_by`,`history_modified_date`,`history_modified_IP`) VALUES (936570390,0,0,0,1,0,'global','[ICON]21 21 7527 Has been Published to Public - No[/ICON]',735315841,0,1,'2012-08-03 11:43:55','127.0.0.1',1,'2012-08-03 11:44:02','127.0.0.1');
INSERT INTO `report_filter`          (`ID`,`archive`,`archiveID`,`deleted`,`systemID`,`destinationID`,`destinationType`,`label`,`reportID`,`seq`,`history_created_by`,`history_created_date`,`history_created_IP`,`history_modified_by`,`history_modified_date`,`history_modified_IP`) VALUES (964502007,0,0,0,1,0,'global','[ICON]11 11 6587 Has Categories - No[/ICON]',735315841,0,1,'2012-11-07 09:03:37','127.0.0.1',1,'2012-11-07 09:03:42','127.0.0.1');
INSERT INTO `report_filter`          (`ID`,`archive`,`archiveID`,`deleted`,`systemID`,`destinationID`,`destinationType`,`label`,`reportID`,`seq`,`history_created_by`,`history_created_date`,`history_created_IP`,`history_modified_by`,`history_modified_date`,`history_modified_IP`) VALUES (1002086877,0,0,0,1,0,'global','[ICON]18 18 6426 Has Related Products - No[/ICON]',735315841,0,1,'2012-08-03 11:44:58','127.0.0.1',1,'2012-08-03 11:45:06','127.0.0.1');
INSERT INTO `report_filter`          (`ID`,`archive`,`archiveID`,`deleted`,`systemID`,`destinationID`,`destinationType`,`label`,`reportID`,`seq`,`history_created_by`,`history_created_date`,`history_created_IP`,`history_modified_by`,`history_modified_date`,`history_modified_IP`) VALUES (1057847785,0,0,0,1,0,'global','[ICON]11 11 6576 Has Categories - Yes[/ICON]',735315841,0,1,'2011-05-13 20:40:41','127.0.0.1',1,'2012-08-03 04:23:45','127.0.0.1');
INSERT INTO `report_filter`          (`ID`,`archive`,`archiveID`,`deleted`,`systemID`,`destinationID`,`destinationType`,`label`,`reportID`,`seq`,`history_created_by`,`history_created_date`,`history_created_IP`,`history_modified_by`,`history_modified_date`,`history_modified_IP`) VALUES (1075263496,0,0,0,1,0,'global','[ICON]21 21 7359 Modified This Week[/ICON]',735315841,0,1,'2012-08-03 11:43:15','127.0.0.1',1,'2012-08-03 11:43:26','127.0.0.1');
INSERT INTO `report_filter`          (`ID`,`archive`,`archiveID`,`deleted`,`systemID`,`destinationID`,`destinationType`,`label`,`reportID`,`seq`,`history_created_by`,`history_created_date`,`history_created_IP`,`history_modified_by`,`history_modified_date`,`history_modified_IP`) VALUES (1088659004,0,0,0,1,0,'global','[ICON]18 18 6334 Has Received Comments - Yes[/ICON]',735315841,0,1,'2011-05-13 20:41:21','127.0.0.1',1,'2012-08-03 04:29:19','127.0.0.1');
INSERT INTO `report_filter`          (`ID`,`archive`,`archiveID`,`deleted`,`systemID`,`destinationID`,`destinationType`,`label`,`reportID`,`seq`,`history_created_by`,`history_created_date`,`history_created_IP`,`history_modified_by`,`history_modified_date`,`history_modified_IP`) VALUES (1211101043,0,0,0,1,0,'global','[ICON]14 14 6912 (All Records - Unfiltered View)[/ICON](All)',735315841,1,1,'2010-07-28 23:03:34','127.0.0.1',1,'2012-08-03 04:22:10','127.0.0.1');
INSERT INTO `report_filter`          (`ID`,`archive`,`archiveID`,`deleted`,`systemID`,`destinationID`,`destinationType`,`label`,`reportID`,`seq`,`history_created_by`,`history_created_date`,`history_created_IP`,`history_modified_by`,`history_modified_date`,`history_modified_IP`) VALUES (1266231540,0,0,0,1,0,'global','[ICON]16 16 8316 Enabled[/ICON]',735315841,0,1,'2017-11-11 20:38:44','127.0.0.1',1,'2017-11-11 20:39:07','127.0.0.1');
INSERT INTO `report_filter`          (`ID`,`archive`,`archiveID`,`deleted`,`systemID`,`destinationID`,`destinationType`,`label`,`reportID`,`seq`,`history_created_by`,`history_created_date`,`history_created_IP`,`history_modified_by`,`history_modified_date`,`history_modified_IP`) VALUES (1356695008,0,0,0,1,0,'global','[ICON]20 20 7298 Inside a Gallery Album - Yes[/ICON]',735315841,4,1,'2010-08-16 19:22:08','127.0.0.1',1,'2012-08-03 04:35:42','127.0.0.1');
INSERT INTO `report_filter`          (`ID`,`archive`,`archiveID`,`deleted`,`systemID`,`destinationID`,`destinationType`,`label`,`reportID`,`seq`,`history_created_by`,`history_created_date`,`history_created_IP`,`history_modified_by`,`history_modified_date`,`history_modified_IP`) VALUES (1449680350,0,0,0,1,0,'global','[ICON]19 19 6370 Has been Published to Groups - Yes[/ICON]',735315841,0,1,'2011-05-13 20:41:51','127.0.0.1',1,'2012-08-03 04:30:07','127.0.0.1');
INSERT INTO `report_filter`          (`ID`,`archive`,`archiveID`,`deleted`,`systemID`,`destinationID`,`destinationType`,`label`,`reportID`,`seq`,`history_created_by`,`history_created_date`,`history_created_IP`,`history_modified_by`,`history_modified_date`,`history_modified_IP`) VALUES (1471019167,0,0,0,1,0,'global','2016',735315841,0,1,'2017-11-11 20:37:26','127.0.0.1',1,'2017-11-11 20:38:11','127.0.0.1');
INSERT INTO `report_filter`          (`ID`,`archive`,`archiveID`,`deleted`,`systemID`,`destinationID`,`destinationType`,`label`,`reportID`,`seq`,`history_created_by`,`history_created_date`,`history_created_IP`,`history_modified_by`,`history_modified_date`,`history_modified_IP`) VALUES (1475957221,0,0,0,1,0,'global','Later &gt;',735315841,0,1,'2017-11-11 20:36:53','127.0.0.1',1,'2017-11-11 20:38:07','127.0.0.1');
INSERT INTO `report_filter`          (`ID`,`archive`,`archiveID`,`deleted`,`systemID`,`destinationID`,`destinationType`,`label`,`reportID`,`seq`,`history_created_by`,`history_created_date`,`history_created_IP`,`history_modified_by`,`history_modified_date`,`history_modified_IP`) VALUES (1479501639,0,0,0,1,0,'global','2014',735315841,0,1,'2017-11-11 20:37:08','127.0.0.1',1,'2017-11-11 20:37:56','127.0.0.1');
INSERT INTO `report_filter`          (`ID`,`archive`,`archiveID`,`deleted`,`systemID`,`destinationID`,`destinationType`,`label`,`reportID`,`seq`,`history_created_by`,`history_created_date`,`history_created_IP`,`history_modified_by`,`history_modified_date`,`history_modified_IP`) VALUES (1520512549,0,0,0,1,0,'global','2010',735315841,0,1,'2012-08-03 10:16:52','127.0.0.1',1,'2012-08-03 10:17:27','127.0.0.1');
INSERT INTO `report_filter`          (`ID`,`archive`,`archiveID`,`deleted`,`systemID`,`destinationID`,`destinationType`,`label`,`reportID`,`seq`,`history_created_by`,`history_created_date`,`history_created_IP`,`history_modified_by`,`history_modified_date`,`history_modified_IP`) VALUES (1789391482,0,0,0,1,0,'global','[ICON]13 13 6611 Marked as Important - No[/ICON]',735315841,0,1,'2011-05-13 20:19:48','127.0.0.1',1,'2012-08-03 04:23:03','127.0.0.1');
INSERT INTO `report_filter`          (`ID`,`archive`,`archiveID`,`deleted`,`systemID`,`destinationID`,`destinationType`,`label`,`reportID`,`seq`,`history_created_by`,`history_created_date`,`history_created_IP`,`history_modified_by`,`history_modified_date`,`history_modified_IP`) VALUES (1818435007,0,0,0,1,0,'global','2013',735315841,0,1,'2012-08-03 10:17:09','127.0.0.1',1,'2012-08-03 10:17:36','127.0.0.1');
INSERT INTO `report_filter`          (`ID`,`archive`,`archiveID`,`deleted`,`systemID`,`destinationID`,`destinationType`,`label`,`reportID`,`seq`,`history_created_by`,`history_created_date`,`history_created_IP`,`history_modified_by`,`history_modified_date`,`history_modified_IP`) VALUES (1886975768,0,0,0,1,0,'global','2012',735315841,0,1,'2012-08-03 10:17:03','127.0.0.1',1,'2012-08-03 10:17:34','127.0.0.1');
INSERT INTO `report_filter`          (`ID`,`archive`,`archiveID`,`deleted`,`systemID`,`destinationID`,`destinationType`,`label`,`reportID`,`seq`,`history_created_by`,`history_created_date`,`history_created_IP`,`history_modified_by`,`history_modified_date`,`history_modified_IP`) VALUES (1935734398,0,0,0,1,0,'global','[ICON]17 17 6751 Created Today[/ICON]',735315841,2,1,'2010-07-28 23:03:48','127.0.0.1',1,'2012-08-03 04:22:22','127.0.0.1');
INSERT INTO `report_filter`          (`ID`,`archive`,`archiveID`,`deleted`,`systemID`,`destinationID`,`destinationType`,`label`,`reportID`,`seq`,`history_created_by`,`history_created_date`,`history_created_IP`,`history_modified_by`,`history_modified_date`,`history_modified_IP`) VALUES (2058609208,0,0,0,1,0,'global','2011',735315841,0,1,'2012-08-03 10:16:57','127.0.0.1',1,'2012-08-03 10:17:30','127.0.0.1');
INSERT INTO `report_filter`          (`ID`,`archive`,`archiveID`,`deleted`,`systemID`,`destinationID`,`destinationType`,`label`,`reportID`,`seq`,`history_created_by`,`history_created_date`,`history_created_IP`,`history_modified_by`,`history_modified_date`,`history_modified_IP`) VALUES (2100045729,0,0,0,1,0,'global','2017',735315841,0,1,'2017-11-11 20:37:38','127.0.0.1',1,'2017-11-11 20:38:14','127.0.0.1');
INSERT INTO `report_filter_criteria` (`ID`,`archive`,`archiveID`,`deleted`,`systemID`,`filterID`,`filter_criterion`,`filter_matchmodeID`,`filter_seq`,`filter_value`,`history_created_by`,`history_created_date`,`history_created_IP`,`history_modified_by`,`history_modified_date`,`history_modified_IP`) VALUES (18891382,0,0,0,1,639094714,'553277206','3',1,'2015',1,'2017-11-11 20:37:15','127.0.0.1',0,'0000-00-00 00:00:00','');
INSERT INTO `report_filter_criteria` (`ID`,`archive`,`archiveID`,`deleted`,`systemID`,`filterID`,`filter_criterion`,`filter_matchmodeID`,`filter_seq`,`filter_value`,`history_created_by`,`history_created_date`,`history_created_IP`,`history_modified_by`,`history_modified_date`,`history_modified_IP`) VALUES (116555685,0,0,0,1,1266231540,'2071686884','1',1,'1',1,'2017-11-11 20:38:44','127.0.0.1',0,'0000-00-00 00:00:00','');
INSERT INTO `report_filter_criteria` (`ID`,`archive`,`archiveID`,`deleted`,`systemID`,`filterID`,`filter_criterion`,`filter_matchmodeID`,`filter_seq`,`filter_value`,`history_created_by`,`history_created_date`,`history_created_IP`,`history_modified_by`,`history_modified_date`,`history_modified_IP`) VALUES (179840780,0,0,0,1,1475957221,'553277206','8',1,'2018-12-31',1,'2017-11-11 20:36:53','127.0.0.1',0,'0000-00-00 00:00:00','');
INSERT INTO `report_filter_criteria` (`ID`,`archive`,`archiveID`,`deleted`,`systemID`,`filterID`,`filter_criterion`,`filter_matchmodeID`,`filter_seq`,`filter_value`,`history_created_by`,`history_created_date`,`history_created_IP`,`history_modified_by`,`history_modified_date`,`history_modified_IP`) VALUES (190433113,0,0,0,1,1479501639,'553277206','3',1,'2014',1,'2017-11-11 20:37:08','127.0.0.1',0,'0000-00-00 00:00:00','');
INSERT INTO `report_filter_criteria` (`ID`,`archive`,`archiveID`,`deleted`,`systemID`,`filterID`,`filter_criterion`,`filter_matchmodeID`,`filter_seq`,`filter_value`,`history_created_by`,`history_created_date`,`history_created_IP`,`history_modified_by`,`history_modified_date`,`history_modified_IP`) VALUES (238154167,0,0,0,1,1935734398,'1654614582','11',1,'TODAY',1,'2010-07-28 23:03:48','127.0.0.1',0,'0000-00-00 00:00:00','');
INSERT INTO `report_filter_criteria` (`ID`,`archive`,`archiveID`,`deleted`,`systemID`,`filterID`,`filter_criterion`,`filter_matchmodeID`,`filter_seq`,`filter_value`,`history_created_by`,`history_created_date`,`history_created_IP`,`history_modified_by`,`history_modified_date`,`history_modified_IP`) VALUES (544438266,0,0,0,1,391373708,'1045763464','1',1,'Y',1,'2011-05-13 20:19:41','127.0.0.1',0,'0000-00-00 00:00:00','');
INSERT INTO `report_filter_criteria` (`ID`,`archive`,`archiveID`,`deleted`,`systemID`,`filterID`,`filter_criterion`,`filter_matchmodeID`,`filter_seq`,`filter_value`,`history_created_by`,`history_created_date`,`history_created_IP`,`history_modified_by`,`history_modified_date`,`history_modified_IP`) VALUES (599573684,0,0,0,1,2058609208,'553277206','3',1,'2011',1,'2012-08-03 10:16:57','127.0.0.1',0,'0000-00-00 00:00:00','');
INSERT INTO `report_filter_criteria` (`ID`,`archive`,`archiveID`,`deleted`,`systemID`,`filterID`,`filter_criterion`,`filter_matchmodeID`,`filter_seq`,`filter_value`,`history_created_by`,`history_created_date`,`history_created_IP`,`history_modified_by`,`history_modified_date`,`history_modified_IP`) VALUES (622845474,0,0,0,1,906818486,'544931041','1',1,'0',1,'2012-08-03 04:30:25','127.0.0.1',0,'0000-00-00 00:00:00','');
INSERT INTO `report_filter_criteria` (`ID`,`archive`,`archiveID`,`deleted`,`systemID`,`filterID`,`filter_criterion`,`filter_matchmodeID`,`filter_seq`,`filter_value`,`history_created_by`,`history_created_date`,`history_created_IP`,`history_modified_by`,`history_modified_date`,`history_modified_IP`) VALUES (648226524,0,0,0,1,603356755,'1103958887','1',1,'',1,'2010-08-16 19:21:54','127.0.0.1',0,'0000-00-00 00:00:00','');
INSERT INTO `report_filter_criteria` (`ID`,`archive`,`archiveID`,`deleted`,`systemID`,`filterID`,`filter_criterion`,`filter_matchmodeID`,`filter_seq`,`filter_value`,`history_created_by`,`history_created_date`,`history_created_IP`,`history_modified_by`,`history_modified_date`,`history_modified_IP`) VALUES (689865990,0,0,0,1,1088659004,'2068993135','8',1,'0',1,'2011-05-13 20:41:21','127.0.0.1',0,'0000-00-00 00:00:00','');
INSERT INTO `report_filter_criteria` (`ID`,`archive`,`archiveID`,`deleted`,`systemID`,`filterID`,`filter_criterion`,`filter_matchmodeID`,`filter_seq`,`filter_value`,`history_created_by`,`history_created_date`,`history_created_IP`,`history_modified_by`,`history_modified_date`,`history_modified_IP`) VALUES (710618818,0,0,0,1,719439773,'286143637','1',1,'1',1,'2012-08-03 11:43:45','127.0.0.1',0,'0000-00-00 00:00:00','');
INSERT INTO `report_filter_criteria` (`ID`,`archive`,`archiveID`,`deleted`,`systemID`,`filterID`,`filter_criterion`,`filter_matchmodeID`,`filter_seq`,`filter_value`,`history_created_by`,`history_created_date`,`history_created_IP`,`history_modified_by`,`history_modified_date`,`history_modified_IP`) VALUES (805459837,0,0,0,1,2100045729,'553277206','3',1,'2017',1,'2017-11-11 20:37:38','127.0.0.1',0,'0000-00-00 00:00:00','');
INSERT INTO `report_filter_criteria` (`ID`,`archive`,`archiveID`,`deleted`,`systemID`,`filterID`,`filter_criterion`,`filter_matchmodeID`,`filter_seq`,`filter_value`,`history_created_by`,`history_created_date`,`history_created_IP`,`history_modified_by`,`history_modified_date`,`history_modified_IP`) VALUES (855411240,0,0,0,1,1886975768,'553277206','3',1,'2012',1,'2012-08-03 10:17:03','127.0.0.1',0,'0000-00-00 00:00:00','');
INSERT INTO `report_filter_criteria` (`ID`,`archive`,`archiveID`,`deleted`,`systemID`,`filterID`,`filter_criterion`,`filter_matchmodeID`,`filter_seq`,`filter_value`,`history_created_by`,`history_created_date`,`history_created_IP`,`history_modified_by`,`history_modified_date`,`history_modified_IP`) VALUES (967870098,0,0,0,1,964502007,'348980718','1',1,'',1,'2012-11-07 09:03:37','127.0.0.1',0,'0000-00-00 00:00:00','');
INSERT INTO `report_filter_criteria` (`ID`,`archive`,`archiveID`,`deleted`,`systemID`,`filterID`,`filter_criterion`,`filter_matchmodeID`,`filter_seq`,`filter_value`,`history_created_by`,`history_created_date`,`history_created_IP`,`history_modified_by`,`history_modified_date`,`history_modified_IP`) VALUES (1059566993,0,0,0,1,1789391482,'1045763464','1',1,'N',1,'2011-05-13 20:19:48','127.0.0.1',0,'0000-00-00 00:00:00','');
INSERT INTO `report_filter_criteria` (`ID`,`archive`,`archiveID`,`deleted`,`systemID`,`filterID`,`filter_criterion`,`filter_matchmodeID`,`filter_seq`,`filter_value`,`history_created_by`,`history_created_date`,`history_created_IP`,`history_modified_by`,`history_modified_date`,`history_modified_IP`) VALUES (1138529516,0,0,0,1,345944268,'1594848499','11',1,'TODAY',1,'2010-07-28 23:03:57','127.0.0.1',0,'0000-00-00 00:00:00','');
INSERT INTO `report_filter_criteria` (`ID`,`archive`,`archiveID`,`deleted`,`systemID`,`filterID`,`filter_criterion`,`filter_matchmodeID`,`filter_seq`,`filter_value`,`history_created_by`,`history_created_date`,`history_created_IP`,`history_modified_by`,`history_modified_date`,`history_modified_IP`) VALUES (1151123009,0,0,0,1,861587020,'782331739','8',1,'0',1,'2012-08-03 11:44:43','127.0.0.1',0,'0000-00-00 00:00:00','');
INSERT INTO `report_filter_criteria` (`ID`,`archive`,`archiveID`,`deleted`,`systemID`,`filterID`,`filter_criterion`,`filter_matchmodeID`,`filter_seq`,`filter_value`,`history_created_by`,`history_created_date`,`history_created_IP`,`history_modified_by`,`history_modified_date`,`history_modified_IP`) VALUES (1201025928,0,0,0,1,1520512549,'553277206','3',1,'2010',1,'2012-08-03 10:16:52','127.0.0.1',0,'0000-00-00 00:00:00','');
INSERT INTO `report_filter_criteria` (`ID`,`archive`,`archiveID`,`deleted`,`systemID`,`filterID`,`filter_criterion`,`filter_matchmodeID`,`filter_seq`,`filter_value`,`history_created_by`,`history_created_date`,`history_created_IP`,`history_modified_by`,`history_modified_date`,`history_modified_IP`) VALUES (1275712389,0,0,0,1,1057847785,'348980718','2',1,'',1,'2011-05-13 20:40:41','127.0.0.1',0,'0000-00-00 00:00:00','');
INSERT INTO `report_filter_criteria` (`ID`,`archive`,`archiveID`,`deleted`,`systemID`,`filterID`,`filter_criterion`,`filter_matchmodeID`,`filter_seq`,`filter_value`,`history_created_by`,`history_created_date`,`history_created_IP`,`history_modified_by`,`history_modified_date`,`history_modified_IP`) VALUES (1284951855,0,0,0,1,669756535,'1654614582','11',1,'THIS_WEEK',1,'2012-08-03 11:43:03','127.0.0.1',0,'0000-00-00 00:00:00','');
INSERT INTO `report_filter_criteria` (`ID`,`archive`,`archiveID`,`deleted`,`systemID`,`filterID`,`filter_criterion`,`filter_matchmodeID`,`filter_seq`,`filter_value`,`history_created_by`,`history_created_date`,`history_created_IP`,`history_modified_by`,`history_modified_date`,`history_modified_IP`) VALUES (1391423851,0,0,0,1,336944817,'553277206','3',1,'2018',1,'2017-11-11 20:37:51','127.0.0.1',0,'0000-00-00 00:00:00','');
INSERT INTO `report_filter_criteria` (`ID`,`archive`,`archiveID`,`deleted`,`systemID`,`filterID`,`filter_criterion`,`filter_matchmodeID`,`filter_seq`,`filter_value`,`history_created_by`,`history_created_date`,`history_created_IP`,`history_modified_by`,`history_modified_date`,`history_modified_IP`) VALUES (1407189550,0,0,0,1,936570390,'286143637','1',1,'0',1,'2012-08-03 11:43:55','127.0.0.1',0,'0000-00-00 00:00:00','');
INSERT INTO `report_filter_criteria` (`ID`,`archive`,`archiveID`,`deleted`,`systemID`,`filterID`,`filter_criterion`,`filter_matchmodeID`,`filter_seq`,`filter_value`,`history_created_by`,`history_created_date`,`history_created_IP`,`history_modified_by`,`history_modified_date`,`history_modified_IP`) VALUES (1526013883,0,0,0,1,1471019167,'553277206','3',1,'2016',1,'2017-11-11 20:37:26','127.0.0.1',0,'0000-00-00 00:00:00','');
INSERT INTO `report_filter_criteria` (`ID`,`archive`,`archiveID`,`deleted`,`systemID`,`filterID`,`filter_criterion`,`filter_matchmodeID`,`filter_seq`,`filter_value`,`history_created_by`,`history_created_date`,`history_created_IP`,`history_modified_by`,`history_modified_date`,`history_modified_IP`) VALUES (1554903226,0,0,0,1,1356695008,'1103958887','2',1,'',1,'2010-08-16 19:22:08','127.0.0.1',0,'0000-00-00 00:00:00','');
INSERT INTO `report_filter_criteria` (`ID`,`archive`,`archiveID`,`deleted`,`systemID`,`filterID`,`filter_criterion`,`filter_matchmodeID`,`filter_seq`,`filter_value`,`history_created_by`,`history_created_date`,`history_created_IP`,`history_modified_by`,`history_modified_date`,`history_modified_IP`) VALUES (1567009608,0,0,0,1,1211101043,'','',1,'',1,'2010-07-28 23:03:34','127.0.0.1',0,'0000-00-00 00:00:00','');
INSERT INTO `report_filter_criteria` (`ID`,`archive`,`archiveID`,`deleted`,`systemID`,`filterID`,`filter_criterion`,`filter_matchmodeID`,`filter_seq`,`filter_value`,`history_created_by`,`history_created_date`,`history_created_IP`,`history_modified_by`,`history_modified_date`,`history_modified_IP`) VALUES (1608847653,0,0,0,1,1449680350,'544931041','8',1,'0',1,'2011-05-13 20:41:51','127.0.0.1',0,'0000-00-00 00:00:00','');
INSERT INTO `report_filter_criteria` (`ID`,`archive`,`archiveID`,`deleted`,`systemID`,`filterID`,`filter_criterion`,`filter_matchmodeID`,`filter_seq`,`filter_value`,`history_created_by`,`history_created_date`,`history_created_IP`,`history_modified_by`,`history_modified_date`,`history_modified_IP`) VALUES (1620338430,0,0,0,1,1002086877,'782331739','1',1,'0',1,'2012-08-03 11:44:58','127.0.0.1',0,'0000-00-00 00:00:00','');
INSERT INTO `report_filter_criteria` (`ID`,`archive`,`archiveID`,`deleted`,`systemID`,`filterID`,`filter_criterion`,`filter_matchmodeID`,`filter_seq`,`filter_value`,`history_created_by`,`history_created_date`,`history_created_IP`,`history_modified_by`,`history_modified_date`,`history_modified_IP`) VALUES (1691424953,0,0,0,1,722273177,'2071686884','1',1,'0',1,'2017-11-11 20:38:58','127.0.0.1',0,'0000-00-00 00:00:00','');
INSERT INTO `report_filter_criteria` (`ID`,`archive`,`archiveID`,`deleted`,`systemID`,`filterID`,`filter_criterion`,`filter_matchmodeID`,`filter_seq`,`filter_value`,`history_created_by`,`history_created_date`,`history_created_IP`,`history_modified_by`,`history_modified_date`,`history_modified_IP`) VALUES (1881496907,0,0,0,1,31183641,'553277206','9',1,'2010-01-01',1,'2012-08-03 10:16:35','127.0.0.1',0,'0000-00-00 00:00:00','');
INSERT INTO `report_filter_criteria` (`ID`,`archive`,`archiveID`,`deleted`,`systemID`,`filterID`,`filter_criterion`,`filter_matchmodeID`,`filter_seq`,`filter_value`,`history_created_by`,`history_created_date`,`history_created_IP`,`history_modified_by`,`history_modified_date`,`history_modified_IP`) VALUES (1908110217,0,0,0,1,183125056,'2068993135','1',1,'0',1,'2012-08-03 04:29:34','127.0.0.1',0,'0000-00-00 00:00:00','');
INSERT INTO `report_filter_criteria` (`ID`,`archive`,`archiveID`,`deleted`,`systemID`,`filterID`,`filter_criterion`,`filter_matchmodeID`,`filter_seq`,`filter_value`,`history_created_by`,`history_created_date`,`history_created_IP`,`history_modified_by`,`history_modified_date`,`history_modified_IP`) VALUES (1957492080,0,0,0,1,1818435007,'553277206','3',1,'2013',1,'2012-08-03 10:17:09','127.0.0.1',0,'0000-00-00 00:00:00','');
INSERT INTO `report_filter_criteria` (`ID`,`archive`,`archiveID`,`deleted`,`systemID`,`filterID`,`filter_criterion`,`filter_matchmodeID`,`filter_seq`,`filter_value`,`history_created_by`,`history_created_date`,`history_created_IP`,`history_modified_by`,`history_modified_date`,`history_modified_IP`) VALUES (2131708520,0,0,0,1,1075263496,'1594848499','11',1,'THIS_WEEK',1,'2012-08-03 11:43:15','127.0.0.1',0,'0000-00-00 00:00:00','');
INSERT INTO `report_settings`        (`ID`,`archive`,`archiveID`,`deleted`,`systemID`,`destinationID`,`destinationType`,`reportID`,`report_columns_csv`,`report_filters_csv`,`history_created_by`,`history_created_date`,`history_created_IP`,`history_modified_by`,`history_modified_date`,`history_modified_IP`) VALUES (54936470,0,0,0,1,0,'global',735315841,'','1211101043,1935734398,669756535,345944268,1075263496,1266231540,722273177,719439773,936570390,1449680350,906818486,1088659004,183125056,391373708,1789391482,1057847785,964502007,1356695008,603356755,861587020,1002086877,31183641,1520512549,2058609208,1886975768,1818435007,1479501639,639094714,1471019167,2100045729,336944817,1475957221',1,'2010-09-24 16:30:00','127.0.0.1',1,'2017-11-11 20:39:16','127.0.0.1');

#  9) For 'gallery-images-for-gallery-album':  Added filter presets for 'Enabled' and 'Disabled'
#                                              Added operations 'with selected - enable' and 'with selected - disable'
DELETE FROM `report_columns`         WHERE `ID` IN (654177364,1238396007);
INSERT INTO `report_columns`         (`ID`,`archive`,`archiveID`,`deleted`,`systemID`,`reportID`,`group_assign_csv`,`seq`,`tab`,`defaultValue`,`fieldType`,`formField`,`formFieldHeight`,`formFieldSpecial`,`formFieldTooltip`,`formFieldUnique`,`formFieldWidth`,`formLabel`,`formSelectorSQLMaster`,`formSelectorSQLMember`,`permCOMMUNITYADMIN`,`permGROUPVIEWER`,`permGROUPEDITOR`,`permMASTERADMIN`,`permPUBLIC`,`permSYSADMIN`,`permSYSAPPROVER`,`permSYSEDITOR`,`permSYSLOGON`,`permSYSMEMBER`,`permUSERADMIN`,`reportField`,`reportFieldSpecial`,`reportFilter`,`reportFilterLabel`,`reportLabel`,`reportSortBy_AZ`,`reportSortBy_a`,`reportSortBy_d`,`required_feature`,`required_feature_invert`,`history_created_by`,`history_created_date`,`history_created_IP`,`history_modified_by`,`history_modified_date`,`history_modified_IP`) VALUES (654177364,0,0,0,1,157378518,'',0,'0.','','selected_set_as_disabled','',0,'','',0,0,'','','',0,0,0,2,0,2,0,0,0,0,0,'','','','','',0,'','','',0,1,'2017-11-11 18:16:24','127.0.0.1',1,'2017-11-11 18:20:27','127.0.0.1');
INSERT INTO `report_columns`         (`ID`,`archive`,`archiveID`,`deleted`,`systemID`,`reportID`,`group_assign_csv`,`seq`,`tab`,`defaultValue`,`fieldType`,`formField`,`formFieldHeight`,`formFieldSpecial`,`formFieldTooltip`,`formFieldUnique`,`formFieldWidth`,`formLabel`,`formSelectorSQLMaster`,`formSelectorSQLMember`,`permCOMMUNITYADMIN`,`permGROUPVIEWER`,`permGROUPEDITOR`,`permMASTERADMIN`,`permPUBLIC`,`permSYSADMIN`,`permSYSAPPROVER`,`permSYSEDITOR`,`permSYSLOGON`,`permSYSMEMBER`,`permUSERADMIN`,`reportField`,`reportFieldSpecial`,`reportFilter`,`reportFilterLabel`,`reportLabel`,`reportSortBy_AZ`,`reportSortBy_a`,`reportSortBy_d`,`required_feature`,`required_feature_invert`,`history_created_by`,`history_created_date`,`history_created_IP`,`history_modified_by`,`history_modified_date`,`history_modified_IP`) VALUES (1238396007,0,0,0,1,157378518,'',0,'0.','','selected_set_as_enabled','',0,'','',0,0,'','','',0,0,0,2,0,2,0,0,0,0,0,'','','','','',0,'','','',0,1,'2017-11-11 18:16:27','127.0.0.1',1,'2017-11-11 18:20:27','127.0.0.1');

DELETE FROM `report_filter_criteria` WHERE `filterID` IN (SELECT `ID` FROM `report_filter`  WHERE `reportID` IN (157378518) AND (`destinationType`='global'));
DELETE FROM `report_filter`          WHERE `reportID` IN (157378518) AND (`destinationType`='global');
DELETE FROM `report_settings`        WHERE `reportID` IN (157378518) AND (`destinationType`='global');

INSERT INTO `report_filter`          (`ID`,`archive`,`archiveID`,`deleted`,`systemID`,`destinationID`,`destinationType`,`label`,`reportID`,`seq`,`history_created_by`,`history_created_date`,`history_created_IP`,`history_modified_by`,`history_modified_date`,`history_modified_IP`) VALUES (1176335,0,0,0,1,0,'global','[ICON]11 11 6576 Has Categories - Yes[/ICON]',157378518,0,1,'2012-11-07 08:40:45','127.0.0.1',1,'2012-11-07 08:40:49','127.0.0.1');
INSERT INTO `report_filter`          (`ID`,`archive`,`archiveID`,`deleted`,`systemID`,`destinationID`,`destinationType`,`label`,`reportID`,`seq`,`history_created_by`,`history_created_date`,`history_created_IP`,`history_modified_by`,`history_modified_date`,`history_modified_IP`) VALUES (153350650,0,0,0,1,0,'global','[ICON]19 19 6389 Has been Published to Groups - No[/ICON]',157378518,0,1,'2012-11-07 08:39:48','127.0.0.1',1,'2012-11-07 08:39:56','127.0.0.1');
INSERT INTO `report_filter`          (`ID`,`archive`,`archiveID`,`deleted`,`systemID`,`destinationID`,`destinationType`,`label`,`reportID`,`seq`,`history_created_by`,`history_created_date`,`history_created_IP`,`history_modified_by`,`history_modified_date`,`history_modified_IP`) VALUES (407607097,0,0,0,1,0,'global','[ICON]18 18 6334 Has Received Comments - Yes[/ICON]',157378518,0,1,'2012-11-07 08:42:31','127.0.0.1',1,'2012-11-07 08:42:48','127.0.0.1');
INSERT INTO `report_filter`          (`ID`,`archive`,`archiveID`,`deleted`,`systemID`,`destinationID`,`destinationType`,`label`,`reportID`,`seq`,`history_created_by`,`history_created_date`,`history_created_IP`,`history_modified_by`,`history_modified_date`,`history_modified_IP`) VALUES (489395134,0,0,0,1,0,'global','[ICON]13 13 6611 Marked as Important - No[/ICON]',157378518,0,1,'2011-08-11 12:59:37','127.0.0.1',1,'2012-11-07 08:33:10','127.0.0.1');
INSERT INTO `report_filter`          (`ID`,`archive`,`archiveID`,`deleted`,`systemID`,`destinationID`,`destinationType`,`label`,`reportID`,`seq`,`history_created_by`,`history_created_date`,`history_created_IP`,`history_modified_by`,`history_modified_date`,`history_modified_IP`) VALUES (635341722,0,0,0,1,0,'global','[ICON]18 18 6352 Has Received Comments - No[/ICON]',157378518,0,1,'2012-11-07 08:42:44','127.0.0.1',1,'2012-11-07 08:42:51','127.0.0.1');
INSERT INTO `report_filter`          (`ID`,`archive`,`archiveID`,`deleted`,`systemID`,`destinationID`,`destinationType`,`label`,`reportID`,`seq`,`history_created_by`,`history_created_date`,`history_created_IP`,`history_modified_by`,`history_modified_date`,`history_modified_IP`) VALUES (798364226,0,0,0,1,0,'global','[ICON]13 13 6598 Marked as Important - Yes[/ICON]',157378518,0,1,'2011-08-11 12:59:27','127.0.0.1',1,'2012-11-07 08:32:56','127.0.0.1');
INSERT INTO `report_filter`          (`ID`,`archive`,`archiveID`,`deleted`,`systemID`,`destinationID`,`destinationType`,`label`,`reportID`,`seq`,`history_created_by`,`history_created_date`,`history_created_IP`,`history_modified_by`,`history_modified_date`,`history_modified_IP`) VALUES (903489487,0,0,0,1,0,'global','[ICON]16 16 8316 Enabled[/ICON]',157378518,0,1,'2017-11-11 20:35:15','127.0.0.1',1,'2017-11-11 20:35:27','127.0.0.1');
INSERT INTO `report_filter`          (`ID`,`archive`,`archiveID`,`deleted`,`systemID`,`destinationID`,`destinationType`,`label`,`reportID`,`seq`,`history_created_by`,`history_created_date`,`history_created_IP`,`history_modified_by`,`history_modified_date`,`history_modified_IP`) VALUES (1106109676,0,0,0,1,0,'global','[ICON]17 17 6751 Created Today[/ICON]',157378518,0,1,'2011-08-11 13:00:04','127.0.0.1',1,'2011-08-11 13:01:13','127.0.0.1');
INSERT INTO `report_filter`          (`ID`,`archive`,`archiveID`,`deleted`,`systemID`,`destinationID`,`destinationType`,`label`,`reportID`,`seq`,`history_created_by`,`history_created_date`,`history_created_IP`,`history_modified_by`,`history_modified_date`,`history_modified_IP`) VALUES (1300203422,0,0,0,1,0,'global','[ICON]11 11 6587 Has Categories - No[/ICON]',157378518,0,1,'2012-11-07 08:41:12','127.0.0.1',1,'2012-11-07 08:41:18','127.0.0.1');
INSERT INTO `report_filter`          (`ID`,`archive`,`archiveID`,`deleted`,`systemID`,`destinationID`,`destinationType`,`label`,`reportID`,`seq`,`history_created_by`,`history_created_date`,`history_created_IP`,`history_modified_by`,`history_modified_date`,`history_modified_IP`) VALUES (1472332751,0,0,0,1,0,'global','[ICON]21 21 7338 Created This Week[/ICON]',157378518,0,1,'2012-11-07 08:33:33','127.0.0.1',1,'2012-11-07 08:33:36','127.0.0.1');
INSERT INTO `report_filter`          (`ID`,`archive`,`archiveID`,`deleted`,`systemID`,`destinationID`,`destinationType`,`label`,`reportID`,`seq`,`history_created_by`,`history_created_date`,`history_created_IP`,`history_modified_by`,`history_modified_date`,`history_modified_IP`) VALUES (1487768051,0,0,0,1,0,'global','[ICON]14 14 6912 (All Records - Unfiltered View)[/ICON](All)',157378518,0,1,'2011-08-11 12:56:33','127.0.0.1',1,'2011-08-11 13:00:47','127.0.0.1');
INSERT INTO `report_filter`          (`ID`,`archive`,`archiveID`,`deleted`,`systemID`,`destinationID`,`destinationType`,`label`,`reportID`,`seq`,`history_created_by`,`history_created_date`,`history_created_IP`,`history_modified_by`,`history_modified_date`,`history_modified_IP`) VALUES (1675618857,0,0,0,1,0,'global','[ICON]21 21 7359 Modified This Week[/ICON]',157378518,0,1,'2012-11-07 08:33:53','127.0.0.1',1,'2012-11-07 08:33:57','127.0.0.1');
INSERT INTO `report_filter`          (`ID`,`archive`,`archiveID`,`deleted`,`systemID`,`destinationID`,`destinationType`,`label`,`reportID`,`seq`,`history_created_by`,`history_created_date`,`history_created_IP`,`history_modified_by`,`history_modified_date`,`history_modified_IP`) VALUES (1745761638,0,0,0,1,0,'global','[ICON]21 21 7527 Has been Published to Public - No[/ICON]',157378518,0,1,'2012-11-07 08:38:55','127.0.0.1',1,'2012-11-07 08:39:03','127.0.0.1');
INSERT INTO `report_filter`          (`ID`,`archive`,`archiveID`,`deleted`,`systemID`,`destinationID`,`destinationType`,`label`,`reportID`,`seq`,`history_created_by`,`history_created_date`,`history_created_IP`,`history_modified_by`,`history_modified_date`,`history_modified_IP`) VALUES (1775261257,0,0,0,1,0,'global','[ICON]17 17 6768 Modified Today[/ICON]',157378518,0,1,'2011-08-11 13:00:17','127.0.0.1',1,'2011-08-11 13:01:19','127.0.0.1');
INSERT INTO `report_filter`          (`ID`,`archive`,`archiveID`,`deleted`,`systemID`,`destinationID`,`destinationType`,`label`,`reportID`,`seq`,`history_created_by`,`history_created_date`,`history_created_IP`,`history_modified_by`,`history_modified_date`,`history_modified_IP`) VALUES (1917596078,0,0,0,1,0,'global','[ICON]19 19 6370 Has been Published to Groups - Yes[/ICON]',157378518,0,1,'2012-11-07 08:39:33','127.0.0.1',1,'2012-11-07 08:39:52','127.0.0.1');
INSERT INTO `report_filter`          (`ID`,`archive`,`archiveID`,`deleted`,`systemID`,`destinationID`,`destinationType`,`label`,`reportID`,`seq`,`history_created_by`,`history_created_date`,`history_created_IP`,`history_modified_by`,`history_modified_date`,`history_modified_IP`) VALUES (2064567372,0,0,0,1,0,'global','[ICON]21 21 7506 Has been Published to Public - Yes[/ICON]',157378518,0,1,'2012-11-07 08:38:38','127.0.0.1',1,'2012-11-07 08:39:00','127.0.0.1');
INSERT INTO `report_filter`          (`ID`,`archive`,`archiveID`,`deleted`,`systemID`,`destinationID`,`destinationType`,`label`,`reportID`,`seq`,`history_created_by`,`history_created_date`,`history_created_IP`,`history_modified_by`,`history_modified_date`,`history_modified_IP`) VALUES (2131548018,0,0,0,1,0,'global','[ICON]16 16 8332 Disabled[/ICON]',157378518,0,1,'2017-11-11 20:35:23','127.0.0.1',1,'2017-11-11 20:35:30','127.0.0.1');
INSERT INTO `report_filter_criteria` (`ID`,`archive`,`archiveID`,`deleted`,`systemID`,`filterID`,`filter_criterion`,`filter_matchmodeID`,`filter_seq`,`filter_value`,`history_created_by`,`history_created_date`,`history_created_IP`,`history_modified_by`,`history_modified_date`,`history_modified_IP`) VALUES (118846421,0,0,0,1,1745761638,'789452122','1',1,'0',1,'2012-11-07 08:38:55','127.0.0.1',0,'0000-00-00 00:00:00','');
INSERT INTO `report_filter_criteria` (`ID`,`archive`,`archiveID`,`deleted`,`systemID`,`filterID`,`filter_criterion`,`filter_matchmodeID`,`filter_seq`,`filter_value`,`history_created_by`,`history_created_date`,`history_created_IP`,`history_modified_by`,`history_modified_date`,`history_modified_IP`) VALUES (269675819,0,0,0,1,1775261257,'1649408870','11',1,'TODAY',1,'2011-08-11 13:00:17','127.0.0.1',0,'0000-00-00 00:00:00','');
INSERT INTO `report_filter_criteria` (`ID`,`archive`,`archiveID`,`deleted`,`systemID`,`filterID`,`filter_criterion`,`filter_matchmodeID`,`filter_seq`,`filter_value`,`history_created_by`,`history_created_date`,`history_created_IP`,`history_modified_by`,`history_modified_date`,`history_modified_IP`) VALUES (368372916,0,0,0,1,153350650,'840684025','1',1,'0',1,'2012-11-07 08:39:48','127.0.0.1',0,'0000-00-00 00:00:00','');
INSERT INTO `report_filter_criteria` (`ID`,`archive`,`archiveID`,`deleted`,`systemID`,`filterID`,`filter_criterion`,`filter_matchmodeID`,`filter_seq`,`filter_value`,`history_created_by`,`history_created_date`,`history_created_IP`,`history_modified_by`,`history_modified_date`,`history_modified_IP`) VALUES (482441059,0,0,0,1,903489487,'1895792040','1',1,'1',1,'2017-11-11 20:35:15','127.0.0.1',0,'0000-00-00 00:00:00','');
INSERT INTO `report_filter_criteria` (`ID`,`archive`,`archiveID`,`deleted`,`systemID`,`filterID`,`filter_criterion`,`filter_matchmodeID`,`filter_seq`,`filter_value`,`history_created_by`,`history_created_date`,`history_created_IP`,`history_modified_by`,`history_modified_date`,`history_modified_IP`) VALUES (695230568,0,0,0,1,407607097,'1397036930','8',1,'0',1,'2012-11-07 08:42:31','127.0.0.1',0,'0000-00-00 00:00:00','');
INSERT INTO `report_filter_criteria` (`ID`,`archive`,`archiveID`,`deleted`,`systemID`,`filterID`,`filter_criterion`,`filter_matchmodeID`,`filter_seq`,`filter_value`,`history_created_by`,`history_created_date`,`history_created_IP`,`history_modified_by`,`history_modified_date`,`history_modified_IP`) VALUES (769578638,0,0,0,1,1106109676,'461444416','11',1,'TODAY',1,'2011-08-11 13:00:04','127.0.0.1',0,'0000-00-00 00:00:00','');
INSERT INTO `report_filter_criteria` (`ID`,`archive`,`archiveID`,`deleted`,`systemID`,`filterID`,`filter_criterion`,`filter_matchmodeID`,`filter_seq`,`filter_value`,`history_created_by`,`history_created_date`,`history_created_IP`,`history_modified_by`,`history_modified_date`,`history_modified_IP`) VALUES (828585596,0,0,0,1,1176335,'704624016','2',1,'',1,'2012-11-07 08:40:45','127.0.0.1',0,'0000-00-00 00:00:00','');
INSERT INTO `report_filter_criteria` (`ID`,`archive`,`archiveID`,`deleted`,`systemID`,`filterID`,`filter_criterion`,`filter_matchmodeID`,`filter_seq`,`filter_value`,`history_created_by`,`history_created_date`,`history_created_IP`,`history_modified_by`,`history_modified_date`,`history_modified_IP`) VALUES (904257041,0,0,0,1,2131548018,'1895792040','1',1,'0',1,'2017-11-11 20:35:23','127.0.0.1',0,'0000-00-00 00:00:00','');
INSERT INTO `report_filter_criteria` (`ID`,`archive`,`archiveID`,`deleted`,`systemID`,`filterID`,`filter_criterion`,`filter_matchmodeID`,`filter_seq`,`filter_value`,`history_created_by`,`history_created_date`,`history_created_IP`,`history_modified_by`,`history_modified_date`,`history_modified_IP`) VALUES (946066652,0,0,0,1,2064567372,'789452122','1',1,'1',1,'2012-11-07 08:38:38','127.0.0.1',0,'0000-00-00 00:00:00','');
INSERT INTO `report_filter_criteria` (`ID`,`archive`,`archiveID`,`deleted`,`systemID`,`filterID`,`filter_criterion`,`filter_matchmodeID`,`filter_seq`,`filter_value`,`history_created_by`,`history_created_date`,`history_created_IP`,`history_modified_by`,`history_modified_date`,`history_modified_IP`) VALUES (962496238,0,0,0,1,798364226,'1037213815','1',1,'Y',1,'2011-08-11 12:59:27','127.0.0.1',0,'0000-00-00 00:00:00','');
INSERT INTO `report_filter_criteria` (`ID`,`archive`,`archiveID`,`deleted`,`systemID`,`filterID`,`filter_criterion`,`filter_matchmodeID`,`filter_seq`,`filter_value`,`history_created_by`,`history_created_date`,`history_created_IP`,`history_modified_by`,`history_modified_date`,`history_modified_IP`) VALUES (978431400,0,0,0,1,1917596078,'840684025','8',1,'0',1,'2012-11-07 08:39:33','127.0.0.1',0,'0000-00-00 00:00:00','');
INSERT INTO `report_filter_criteria` (`ID`,`archive`,`archiveID`,`deleted`,`systemID`,`filterID`,`filter_criterion`,`filter_matchmodeID`,`filter_seq`,`filter_value`,`history_created_by`,`history_created_date`,`history_created_IP`,`history_modified_by`,`history_modified_date`,`history_modified_IP`) VALUES (1332773326,0,0,0,1,1675618857,'1649408870','11',1,'THIS_WEEK',1,'2012-11-07 08:33:53','127.0.0.1',0,'0000-00-00 00:00:00','');
INSERT INTO `report_filter_criteria` (`ID`,`archive`,`archiveID`,`deleted`,`systemID`,`filterID`,`filter_criterion`,`filter_matchmodeID`,`filter_seq`,`filter_value`,`history_created_by`,`history_created_date`,`history_created_IP`,`history_modified_by`,`history_modified_date`,`history_modified_IP`) VALUES (1459833879,0,0,0,1,1487768051,'','',1,'',1,'2011-08-11 12:56:33','127.0.0.1',0,'0000-00-00 00:00:00','');
INSERT INTO `report_filter_criteria` (`ID`,`archive`,`archiveID`,`deleted`,`systemID`,`filterID`,`filter_criterion`,`filter_matchmodeID`,`filter_seq`,`filter_value`,`history_created_by`,`history_created_date`,`history_created_IP`,`history_modified_by`,`history_modified_date`,`history_modified_IP`) VALUES (1525470259,0,0,0,1,1472332751,'461444416','11',1,'THIS_WEEK',1,'2012-11-07 08:33:33','127.0.0.1',0,'0000-00-00 00:00:00','');
INSERT INTO `report_filter_criteria` (`ID`,`archive`,`archiveID`,`deleted`,`systemID`,`filterID`,`filter_criterion`,`filter_matchmodeID`,`filter_seq`,`filter_value`,`history_created_by`,`history_created_date`,`history_created_IP`,`history_modified_by`,`history_modified_date`,`history_modified_IP`) VALUES (1588886605,0,0,0,1,1300203422,'704624016','1',1,'',1,'2012-11-07 08:41:12','127.0.0.1',0,'0000-00-00 00:00:00','');
INSERT INTO `report_filter_criteria` (`ID`,`archive`,`archiveID`,`deleted`,`systemID`,`filterID`,`filter_criterion`,`filter_matchmodeID`,`filter_seq`,`filter_value`,`history_created_by`,`history_created_date`,`history_created_IP`,`history_modified_by`,`history_modified_date`,`history_modified_IP`) VALUES (1768415018,0,0,0,1,635341722,'1397036930','1',1,'0',1,'2012-11-07 08:42:44','127.0.0.1',0,'0000-00-00 00:00:00','');
INSERT INTO `report_filter_criteria` (`ID`,`archive`,`archiveID`,`deleted`,`systemID`,`filterID`,`filter_criterion`,`filter_matchmodeID`,`filter_seq`,`filter_value`,`history_created_by`,`history_created_date`,`history_created_IP`,`history_modified_by`,`history_modified_date`,`history_modified_IP`) VALUES (1799044670,0,0,0,1,489395134,'1037213815','1',1,'N',1,'2011-08-11 12:59:37','127.0.0.1',0,'0000-00-00 00:00:00','');
INSERT INTO `report_settings`        (`ID`,`archive`,`archiveID`,`deleted`,`systemID`,`destinationID`,`destinationType`,`reportID`,`report_columns_csv`,`report_filters_csv`,`history_created_by`,`history_created_date`,`history_created_IP`,`history_modified_by`,`history_modified_date`,`history_modified_IP`) VALUES (1228970605,0,0,0,1,0,'global',157378518,'','1487768051,1106109676,1472332751,1775261257,1675618857,903489487,2131548018,2064567372,1745761638,1917596078,153350650,798364226,489395134,1176335,1300203422,407607097,635341722',1,'2011-08-11 13:00:47','127.0.0.1',1,'2017-11-11 20:35:35','127.0.0.1');

# 10) For 'job-postings':                      Added filter presets for 'Enabled' and 'Disabled'
#                                              Added operations 'with selected - enable' and 'with selected - disable'
DELETE FROM `report_columns`         WHERE `ID` IN (180638167,1431557390);
INSERT INTO `report_columns`         (`ID`,`archive`,`archiveID`,`deleted`,`systemID`,`reportID`,`group_assign_csv`,`seq`,`tab`,`defaultValue`,`fieldType`,`formField`,`formFieldHeight`,`formFieldSpecial`,`formFieldTooltip`,`formFieldUnique`,`formFieldWidth`,`formLabel`,`formSelectorSQLMaster`,`formSelectorSQLMember`,`permCOMMUNITYADMIN`,`permGROUPVIEWER`,`permGROUPEDITOR`,`permMASTERADMIN`,`permPUBLIC`,`permSYSADMIN`,`permSYSAPPROVER`,`permSYSEDITOR`,`permSYSLOGON`,`permSYSMEMBER`,`permUSERADMIN`,`reportField`,`reportFieldSpecial`,`reportFilter`,`reportFilterLabel`,`reportLabel`,`reportSortBy_AZ`,`reportSortBy_a`,`reportSortBy_d`,`required_feature`,`required_feature_invert`,`history_created_by`,`history_created_date`,`history_created_IP`,`history_modified_by`,`history_modified_date`,`history_modified_IP`) VALUES (180638167,0,0,0,1,905005130,'',0,'0.','','selected_set_as_disabled','',0,'','',0,0,'','','',0,0,0,2,0,2,0,0,0,0,0,'','','','','',0,'','','',0,1,'2017-11-11 18:23:10','127.0.0.1',1,'2017-11-11 18:23:24','127.0.0.1');
INSERT INTO `report_columns`         (`ID`,`archive`,`archiveID`,`deleted`,`systemID`,`reportID`,`group_assign_csv`,`seq`,`tab`,`defaultValue`,`fieldType`,`formField`,`formFieldHeight`,`formFieldSpecial`,`formFieldTooltip`,`formFieldUnique`,`formFieldWidth`,`formLabel`,`formSelectorSQLMaster`,`formSelectorSQLMember`,`permCOMMUNITYADMIN`,`permGROUPVIEWER`,`permGROUPEDITOR`,`permMASTERADMIN`,`permPUBLIC`,`permSYSADMIN`,`permSYSAPPROVER`,`permSYSEDITOR`,`permSYSLOGON`,`permSYSMEMBER`,`permUSERADMIN`,`reportField`,`reportFieldSpecial`,`reportFilter`,`reportFilterLabel`,`reportLabel`,`reportSortBy_AZ`,`reportSortBy_a`,`reportSortBy_d`,`required_feature`,`required_feature_invert`,`history_created_by`,`history_created_date`,`history_created_IP`,`history_modified_by`,`history_modified_date`,`history_modified_IP`) VALUES (1431557390,0,0,0,1,905005130,'',0,'0.','','selected_set_as_enabled','',0,'','',0,0,'','','',0,0,0,2,0,2,0,0,0,0,0,'','','','','',0,'','','',0,1,'2017-11-11 18:23:13','127.0.0.1',1,'2017-11-11 18:23:24','127.0.0.1');

DELETE FROM `report_filter_criteria` WHERE `filterID` IN (SELECT `ID` FROM `report_filter`  WHERE `reportID` IN (905005130) AND (`destinationType`='global'));
DELETE FROM `report_filter`          WHERE `reportID` IN (905005130) AND (`destinationType`='global');
DELETE FROM `report_settings`        WHERE `reportID` IN (905005130) AND (`destinationType`='global');

INSERT INTO `report_filter`          (`ID`,`archive`,`archiveID`,`deleted`,`systemID`,`destinationID`,`destinationType`,`label`,`reportID`,`seq`,`history_created_by`,`history_created_date`,`history_created_IP`,`history_modified_by`,`history_modified_date`,`history_modified_IP`) VALUES (257408077,0,0,0,1,0,'global','[ICON]14 14 6912 (All Records - Unfiltered View)[/ICON](All)',905005130,1,1,'2007-12-04 21:54:02','',1,'2012-08-03 03:02:31','127.0.0.1');
INSERT INTO `report_filter`          (`ID`,`archive`,`archiveID`,`deleted`,`systemID`,`destinationID`,`destinationType`,`label`,`reportID`,`seq`,`history_created_by`,`history_created_date`,`history_created_IP`,`history_modified_by`,`history_modified_date`,`history_modified_IP`) VALUES (270143566,0,0,0,1,0,'global','2013',905005130,0,1,'2012-08-03 09:47:09','127.0.0.1',1,'2012-08-03 09:47:39','127.0.0.1');
INSERT INTO `report_filter`          (`ID`,`archive`,`archiveID`,`deleted`,`systemID`,`destinationID`,`destinationType`,`label`,`reportID`,`seq`,`history_created_by`,`history_created_date`,`history_created_IP`,`history_modified_by`,`history_modified_date`,`history_modified_IP`) VALUES (346833009,0,0,0,1,0,'global','2016',905005130,0,1,'2017-11-11 20:40:49','127.0.0.1',1,'2017-11-11 20:41:24','127.0.0.1');
INSERT INTO `report_filter`          (`ID`,`archive`,`archiveID`,`deleted`,`systemID`,`destinationID`,`destinationType`,`label`,`reportID`,`seq`,`history_created_by`,`history_created_date`,`history_created_IP`,`history_modified_by`,`history_modified_date`,`history_modified_IP`) VALUES (373588866,0,0,0,1,0,'global','[ICON]21 21 7338 Created This Week[/ICON]',905005130,0,1,'2012-08-03 11:34:10','127.0.0.1',1,'2012-08-03 11:35:02','127.0.0.1');
INSERT INTO `report_filter`          (`ID`,`archive`,`archiveID`,`deleted`,`systemID`,`destinationID`,`destinationType`,`label`,`reportID`,`seq`,`history_created_by`,`history_created_date`,`history_created_IP`,`history_modified_by`,`history_modified_date`,`history_modified_IP`) VALUES (431353650,0,0,0,1,0,'global','[ICON]21 21 7359 Modified This Week[/ICON]',905005130,0,1,'2012-08-03 11:34:20','127.0.0.1',1,'2012-08-03 11:35:05','127.0.0.1');
INSERT INTO `report_filter`          (`ID`,`archive`,`archiveID`,`deleted`,`systemID`,`destinationID`,`destinationType`,`label`,`reportID`,`seq`,`history_created_by`,`history_created_date`,`history_created_IP`,`history_modified_by`,`history_modified_date`,`history_modified_IP`) VALUES (493314498,0,0,0,1,0,'global','2011',905005130,0,1,'2012-08-03 09:46:53','127.0.0.1',1,'2012-08-03 09:47:33','127.0.0.1');
INSERT INTO `report_filter`          (`ID`,`archive`,`archiveID`,`deleted`,`systemID`,`destinationID`,`destinationType`,`label`,`reportID`,`seq`,`history_created_by`,`history_created_date`,`history_created_IP`,`history_modified_by`,`history_modified_date`,`history_modified_IP`) VALUES (682577462,0,0,0,1,0,'global','2014',905005130,0,1,'2017-11-11 20:40:34','127.0.0.1',1,'2017-11-11 20:41:18','127.0.0.1');
INSERT INTO `report_filter`          (`ID`,`archive`,`archiveID`,`deleted`,`systemID`,`destinationID`,`destinationType`,`label`,`reportID`,`seq`,`history_created_by`,`history_created_date`,`history_created_IP`,`history_modified_by`,`history_modified_date`,`history_modified_IP`) VALUES (838357434,0,0,0,1,0,'global','2018',905005130,0,1,'2017-11-11 20:41:04','127.0.0.1',1,'2017-11-11 20:41:34','127.0.0.1');
INSERT INTO `report_filter`          (`ID`,`archive`,`archiveID`,`deleted`,`systemID`,`destinationID`,`destinationType`,`label`,`reportID`,`seq`,`history_created_by`,`history_created_date`,`history_created_IP`,`history_modified_by`,`history_modified_date`,`history_modified_IP`) VALUES (878885437,0,0,0,1,0,'global','[ICON]17 17 6751 Created Today[/ICON]',905005130,2,1,'2008-04-26 06:32:21','',1,'2012-08-03 03:03:06','127.0.0.1');
INSERT INTO `report_filter`          (`ID`,`archive`,`archiveID`,`deleted`,`systemID`,`destinationID`,`destinationType`,`label`,`reportID`,`seq`,`history_created_by`,`history_created_date`,`history_created_IP`,`history_modified_by`,`history_modified_date`,`history_modified_IP`) VALUES (976383123,0,0,0,1,0,'global','[ICON]18 18 6334 Has Received Comments - Yes[/ICON]',905005130,4,1,'2009-04-23 21:15:09','127.0.0.1',1,'2012-08-03 03:04:47','127.0.0.1');
INSERT INTO `report_filter`          (`ID`,`archive`,`archiveID`,`deleted`,`systemID`,`destinationID`,`destinationType`,`label`,`reportID`,`seq`,`history_created_by`,`history_created_date`,`history_created_IP`,`history_modified_by`,`history_modified_date`,`history_modified_IP`) VALUES (1038870302,0,0,0,1,0,'global','2012',905005130,0,1,'2012-08-03 09:47:00','127.0.0.1',1,'2012-08-03 09:47:36','127.0.0.1');
INSERT INTO `report_filter`          (`ID`,`archive`,`archiveID`,`deleted`,`systemID`,`destinationID`,`destinationType`,`label`,`reportID`,`seq`,`history_created_by`,`history_created_date`,`history_created_IP`,`history_modified_by`,`history_modified_date`,`history_modified_IP`) VALUES (1074971874,0,0,0,1,0,'global','2017',905005130,0,1,'2017-11-11 20:40:56','127.0.0.1',1,'2017-11-11 20:41:28','127.0.0.1');
INSERT INTO `report_filter`          (`ID`,`archive`,`archiveID`,`deleted`,`systemID`,`destinationID`,`destinationType`,`label`,`reportID`,`seq`,`history_created_by`,`history_created_date`,`history_created_IP`,`history_modified_by`,`history_modified_date`,`history_modified_IP`) VALUES (1115920204,0,0,0,1,0,'global','[ICON]11 11 6576 Has Categories - Yes[/ICON]',905005130,0,1,'2011-05-13 20:32:33','127.0.0.1',1,'2012-08-03 03:04:02','127.0.0.1');
INSERT INTO `report_filter`          (`ID`,`archive`,`archiveID`,`deleted`,`systemID`,`destinationID`,`destinationType`,`label`,`reportID`,`seq`,`history_created_by`,`history_created_date`,`history_created_IP`,`history_modified_by`,`history_modified_date`,`history_modified_IP`) VALUES (1148035899,0,0,0,1,0,'global','[ICON]17 17 6768 Modified Today[/ICON]',905005130,3,1,'2008-04-26 06:32:34','',1,'2012-08-03 03:03:30','127.0.0.1');
INSERT INTO `report_filter`          (`ID`,`archive`,`archiveID`,`deleted`,`systemID`,`destinationID`,`destinationType`,`label`,`reportID`,`seq`,`history_created_by`,`history_created_date`,`history_created_IP`,`history_modified_by`,`history_modified_date`,`history_modified_IP`) VALUES (1174713805,0,0,0,1,0,'global','[ICON]19 19 6370 Has been Published to Groups - Yes[/ICON]',905005130,5,1,'2009-04-23 21:15:23','127.0.0.1',1,'2012-08-03 03:05:23','127.0.0.1');
INSERT INTO `report_filter`          (`ID`,`archive`,`archiveID`,`deleted`,`systemID`,`destinationID`,`destinationType`,`label`,`reportID`,`seq`,`history_created_by`,`history_created_date`,`history_created_IP`,`history_modified_by`,`history_modified_date`,`history_modified_IP`) VALUES (1224726396,0,0,0,1,0,'global','Later &gt;',905005130,0,1,'2017-11-11 20:40:21','127.0.0.1',1,'2017-11-11 20:41:38','127.0.0.1');
INSERT INTO `report_filter`          (`ID`,`archive`,`archiveID`,`deleted`,`systemID`,`destinationID`,`destinationType`,`label`,`reportID`,`seq`,`history_created_by`,`history_created_date`,`history_created_IP`,`history_modified_by`,`history_modified_date`,`history_modified_IP`) VALUES (1293465584,0,0,0,1,0,'global','[ICON]18 18 6352 Has Received Comments - No[/ICON]',905005130,0,1,'2012-08-03 03:05:05','127.0.0.1',1,'2012-08-03 03:05:09','127.0.0.1');
INSERT INTO `report_filter`          (`ID`,`archive`,`archiveID`,`deleted`,`systemID`,`destinationID`,`destinationType`,`label`,`reportID`,`seq`,`history_created_by`,`history_created_date`,`history_created_IP`,`history_modified_by`,`history_modified_date`,`history_modified_IP`) VALUES (1313237456,0,0,0,1,0,'global','[ICON]13 13 6611 Marked as Important - No[/ICON]',905005130,0,1,'2011-05-13 20:21:26','127.0.0.1',1,'2012-08-03 03:03:47','127.0.0.1');
INSERT INTO `report_filter`          (`ID`,`archive`,`archiveID`,`deleted`,`systemID`,`destinationID`,`destinationType`,`label`,`reportID`,`seq`,`history_created_by`,`history_created_date`,`history_created_IP`,`history_modified_by`,`history_modified_date`,`history_modified_IP`) VALUES (1415238856,0,0,0,1,0,'global','2010',905005130,0,1,'2012-08-03 09:46:44','127.0.0.1',1,'2012-08-03 09:47:30','127.0.0.1');
INSERT INTO `report_filter`          (`ID`,`archive`,`archiveID`,`deleted`,`systemID`,`destinationID`,`destinationType`,`label`,`reportID`,`seq`,`history_created_by`,`history_created_date`,`history_created_IP`,`history_modified_by`,`history_modified_date`,`history_modified_IP`) VALUES (1433044234,0,0,0,1,0,'global','[ICON]16 16 8332 Disabled[/ICON]',905005130,0,1,'2017-11-11 20:42:01','127.0.0.1',1,'2017-11-11 20:42:11','127.0.0.1');
INSERT INTO `report_filter`          (`ID`,`archive`,`archiveID`,`deleted`,`systemID`,`destinationID`,`destinationType`,`label`,`reportID`,`seq`,`history_created_by`,`history_created_date`,`history_created_IP`,`history_modified_by`,`history_modified_date`,`history_modified_IP`) VALUES (1569512135,0,0,0,1,0,'global','[ICON]19 19 6389 Has been Published to Groups - No[/ICON]',905005130,0,1,'2012-08-03 03:05:45','127.0.0.1',1,'2012-08-03 03:05:49','127.0.0.1');
INSERT INTO `report_filter`          (`ID`,`archive`,`archiveID`,`deleted`,`systemID`,`destinationID`,`destinationType`,`label`,`reportID`,`seq`,`history_created_by`,`history_created_date`,`history_created_IP`,`history_modified_by`,`history_modified_date`,`history_modified_IP`) VALUES (1576408485,0,0,0,1,0,'global','[ICON]21 21 7506 Has been Published to Public - Yes[/ICON]',905005130,0,1,'2012-08-03 11:34:46','127.0.0.1',1,'2012-08-03 11:35:08','127.0.0.1');
INSERT INTO `report_filter`          (`ID`,`archive`,`archiveID`,`deleted`,`systemID`,`destinationID`,`destinationType`,`label`,`reportID`,`seq`,`history_created_by`,`history_created_date`,`history_created_IP`,`history_modified_by`,`history_modified_date`,`history_modified_IP`) VALUES (1621406446,0,0,0,1,0,'global','[ICON]11 11 6587 Has Categories - No[/ICON]',905005130,0,1,'2012-08-03 03:04:27','127.0.0.1',1,'2012-08-03 03:04:32','127.0.0.1');
INSERT INTO `report_filter`          (`ID`,`archive`,`archiveID`,`deleted`,`systemID`,`destinationID`,`destinationType`,`label`,`reportID`,`seq`,`history_created_by`,`history_created_date`,`history_created_IP`,`history_modified_by`,`history_modified_date`,`history_modified_IP`) VALUES (1635954425,0,0,0,1,0,'global','[ICON]13 13 6598 Marked as Important - Yes[/ICON]',905005130,0,1,'2011-05-13 20:21:19','127.0.0.1',1,'2012-08-03 03:02:55','127.0.0.1');
INSERT INTO `report_filter`          (`ID`,`archive`,`archiveID`,`deleted`,`systemID`,`destinationID`,`destinationType`,`label`,`reportID`,`seq`,`history_created_by`,`history_created_date`,`history_created_IP`,`history_modified_by`,`history_modified_date`,`history_modified_IP`) VALUES (1759620539,0,0,0,1,0,'global','&lt; Earlier',905005130,0,1,'2012-08-03 09:46:35','127.0.0.1',1,'2017-11-11 20:56:30','127.0.0.1');
INSERT INTO `report_filter`          (`ID`,`archive`,`archiveID`,`deleted`,`systemID`,`destinationID`,`destinationType`,`label`,`reportID`,`seq`,`history_created_by`,`history_created_date`,`history_created_IP`,`history_modified_by`,`history_modified_date`,`history_modified_IP`) VALUES (1785191146,0,0,0,1,0,'global','2015',905005130,0,1,'2017-11-11 20:40:41','127.0.0.1',1,'2017-11-11 20:41:21','127.0.0.1');
INSERT INTO `report_filter`          (`ID`,`archive`,`archiveID`,`deleted`,`systemID`,`destinationID`,`destinationType`,`label`,`reportID`,`seq`,`history_created_by`,`history_created_date`,`history_created_IP`,`history_modified_by`,`history_modified_date`,`history_modified_IP`) VALUES (1923073659,0,0,0,1,0,'global','[ICON]16 16 8316 Enabled[/ICON]',905005130,0,1,'2017-11-11 20:41:51','127.0.0.1',1,'2017-11-11 20:42:07','127.0.0.1');
INSERT INTO `report_filter`          (`ID`,`archive`,`archiveID`,`deleted`,`systemID`,`destinationID`,`destinationType`,`label`,`reportID`,`seq`,`history_created_by`,`history_created_date`,`history_created_IP`,`history_modified_by`,`history_modified_date`,`history_modified_IP`) VALUES (2028342588,0,0,0,1,0,'global','[ICON]21 21 7527 Has been Published to Public - No[/ICON]',905005130,0,1,'2012-08-03 11:34:56','127.0.0.1',1,'2012-08-03 11:35:10','127.0.0.1');
INSERT INTO `report_filter_criteria` (`ID`,`archive`,`archiveID`,`deleted`,`systemID`,`filterID`,`filter_criterion`,`filter_matchmodeID`,`filter_seq`,`filter_value`,`history_created_by`,`history_created_date`,`history_created_IP`,`history_modified_by`,`history_modified_date`,`history_modified_IP`) VALUES (508927320,0,0,0,1,270143566,'2033729010','3',1,'2013',1,'2012-08-03 09:47:09','127.0.0.1',0,'0000-00-00 00:00:00','');
INSERT INTO `report_filter_criteria` (`ID`,`archive`,`archiveID`,`deleted`,`systemID`,`filterID`,`filter_criterion`,`filter_matchmodeID`,`filter_seq`,`filter_value`,`history_created_by`,`history_created_date`,`history_created_IP`,`history_modified_by`,`history_modified_date`,`history_modified_IP`) VALUES (560639479,0,0,0,1,1074971874,'2033729010','3',1,'2017',1,'2017-11-11 20:40:56','127.0.0.1',0,'0000-00-00 00:00:00','');
INSERT INTO `report_filter_criteria` (`ID`,`archive`,`archiveID`,`deleted`,`systemID`,`filterID`,`filter_criterion`,`filter_matchmodeID`,`filter_seq`,`filter_value`,`history_created_by`,`history_created_date`,`history_created_IP`,`history_modified_by`,`history_modified_date`,`history_modified_IP`) VALUES (585636455,0,0,0,1,1415238856,'2033729010','3',1,'2010',1,'2012-08-03 09:46:44','127.0.0.1',0,'0000-00-00 00:00:00','');
INSERT INTO `report_filter_criteria` (`ID`,`archive`,`archiveID`,`deleted`,`systemID`,`filterID`,`filter_criterion`,`filter_matchmodeID`,`filter_seq`,`filter_value`,`history_created_by`,`history_created_date`,`history_created_IP`,`history_modified_by`,`history_modified_date`,`history_modified_IP`) VALUES (594911670,0,0,0,1,1148035899,'360955582','11',1,'TODAY',1,'2008-04-26 06:32:34','',0,'0000-00-00 00:00:00','');
INSERT INTO `report_filter_criteria` (`ID`,`archive`,`archiveID`,`deleted`,`systemID`,`filterID`,`filter_criterion`,`filter_matchmodeID`,`filter_seq`,`filter_value`,`history_created_by`,`history_created_date`,`history_created_IP`,`history_modified_by`,`history_modified_date`,`history_modified_IP`) VALUES (720282407,0,0,0,1,1038870302,'2033729010','3',1,'2012',1,'2012-08-03 09:47:00','127.0.0.1',0,'0000-00-00 00:00:00','');
INSERT INTO `report_filter_criteria` (`ID`,`archive`,`archiveID`,`deleted`,`systemID`,`filterID`,`filter_criterion`,`filter_matchmodeID`,`filter_seq`,`filter_value`,`history_created_by`,`history_created_date`,`history_created_IP`,`history_modified_by`,`history_modified_date`,`history_modified_IP`) VALUES (722117378,0,0,0,1,838357434,'2033729010','3',1,'2018',1,'2017-11-11 20:41:04','127.0.0.1',0,'0000-00-00 00:00:00','');
INSERT INTO `report_filter_criteria` (`ID`,`archive`,`archiveID`,`deleted`,`systemID`,`filterID`,`filter_criterion`,`filter_matchmodeID`,`filter_seq`,`filter_value`,`history_created_by`,`history_created_date`,`history_created_IP`,`history_modified_by`,`history_modified_date`,`history_modified_IP`) VALUES (730212988,0,0,0,1,1569512135,'1625900464','1',1,'0',1,'2012-08-03 03:05:45','127.0.0.1',0,'0000-00-00 00:00:00','');
INSERT INTO `report_filter_criteria` (`ID`,`archive`,`archiveID`,`deleted`,`systemID`,`filterID`,`filter_criterion`,`filter_matchmodeID`,`filter_seq`,`filter_value`,`history_created_by`,`history_created_date`,`history_created_IP`,`history_modified_by`,`history_modified_date`,`history_modified_IP`) VALUES (821491502,0,0,0,1,1313237456,'1552139229','1',1,'N',1,'2011-05-13 20:21:26','127.0.0.1',0,'0000-00-00 00:00:00','');
INSERT INTO `report_filter_criteria` (`ID`,`archive`,`archiveID`,`deleted`,`systemID`,`filterID`,`filter_criterion`,`filter_matchmodeID`,`filter_seq`,`filter_value`,`history_created_by`,`history_created_date`,`history_created_IP`,`history_modified_by`,`history_modified_date`,`history_modified_IP`) VALUES (899966469,0,0,0,1,373588866,'1553240802','11',1,'THIS_WEEK',1,'2012-08-03 11:34:10','127.0.0.1',0,'0000-00-00 00:00:00','');
INSERT INTO `report_filter_criteria` (`ID`,`archive`,`archiveID`,`deleted`,`systemID`,`filterID`,`filter_criterion`,`filter_matchmodeID`,`filter_seq`,`filter_value`,`history_created_by`,`history_created_date`,`history_created_IP`,`history_modified_by`,`history_modified_date`,`history_modified_IP`) VALUES (999873692,0,0,0,1,1759620539,'2033729010','9',1,'2010-01-01',1,'2012-08-03 09:46:35','127.0.0.1',0,'0000-00-00 00:00:00','');
INSERT INTO `report_filter_criteria` (`ID`,`archive`,`archiveID`,`deleted`,`systemID`,`filterID`,`filter_criterion`,`filter_matchmodeID`,`filter_seq`,`filter_value`,`history_created_by`,`history_created_date`,`history_created_IP`,`history_modified_by`,`history_modified_date`,`history_modified_IP`) VALUES (1103444445,0,0,0,1,346833009,'2033729010','3',1,'2016',1,'2017-11-11 20:40:49','127.0.0.1',0,'0000-00-00 00:00:00','');
INSERT INTO `report_filter_criteria` (`ID`,`archive`,`archiveID`,`deleted`,`systemID`,`filterID`,`filter_criterion`,`filter_matchmodeID`,`filter_seq`,`filter_value`,`history_created_by`,`history_created_date`,`history_created_IP`,`history_modified_by`,`history_modified_date`,`history_modified_IP`) VALUES (1315443248,0,0,0,1,1174713805,'1625900464','8',1,'0',1,'2009-04-23 21:15:23','127.0.0.1',0,'0000-00-00 00:00:00','');
INSERT INTO `report_filter_criteria` (`ID`,`archive`,`archiveID`,`deleted`,`systemID`,`filterID`,`filter_criterion`,`filter_matchmodeID`,`filter_seq`,`filter_value`,`history_created_by`,`history_created_date`,`history_created_IP`,`history_modified_by`,`history_modified_date`,`history_modified_IP`) VALUES (1333192951,0,0,0,1,1433044234,'848713853','1',1,'0',1,'2017-11-11 20:42:01','127.0.0.1',0,'0000-00-00 00:00:00','');
INSERT INTO `report_filter_criteria` (`ID`,`archive`,`archiveID`,`deleted`,`systemID`,`filterID`,`filter_criterion`,`filter_matchmodeID`,`filter_seq`,`filter_value`,`history_created_by`,`history_created_date`,`history_created_IP`,`history_modified_by`,`history_modified_date`,`history_modified_IP`) VALUES (1461481416,0,0,0,1,1785191146,'2033729010','3',1,'2015',1,'2017-11-11 20:40:41','127.0.0.1',0,'0000-00-00 00:00:00','');
INSERT INTO `report_filter_criteria` (`ID`,`archive`,`archiveID`,`deleted`,`systemID`,`filterID`,`filter_criterion`,`filter_matchmodeID`,`filter_seq`,`filter_value`,`history_created_by`,`history_created_date`,`history_created_IP`,`history_modified_by`,`history_modified_date`,`history_modified_IP`) VALUES (1563185556,0,0,0,1,2028342588,'1233767005','1',1,'0',1,'2012-08-03 11:34:56','127.0.0.1',0,'0000-00-00 00:00:00','');
INSERT INTO `report_filter_criteria` (`ID`,`archive`,`archiveID`,`deleted`,`systemID`,`filterID`,`filter_criterion`,`filter_matchmodeID`,`filter_seq`,`filter_value`,`history_created_by`,`history_created_date`,`history_created_IP`,`history_modified_by`,`history_modified_date`,`history_modified_IP`) VALUES (1573468220,0,0,0,1,1115920204,'609563300','2',1,'',1,'2011-05-13 20:32:33','127.0.0.1',0,'0000-00-00 00:00:00','');
INSERT INTO `report_filter_criteria` (`ID`,`archive`,`archiveID`,`deleted`,`systemID`,`filterID`,`filter_criterion`,`filter_matchmodeID`,`filter_seq`,`filter_value`,`history_created_by`,`history_created_date`,`history_created_IP`,`history_modified_by`,`history_modified_date`,`history_modified_IP`) VALUES (1591003724,0,0,0,1,1923073659,'848713853','1',1,'1',1,'2017-11-11 20:41:51','127.0.0.1',0,'0000-00-00 00:00:00','');
INSERT INTO `report_filter_criteria` (`ID`,`archive`,`archiveID`,`deleted`,`systemID`,`filterID`,`filter_criterion`,`filter_matchmodeID`,`filter_seq`,`filter_value`,`history_created_by`,`history_created_date`,`history_created_IP`,`history_modified_by`,`history_modified_date`,`history_modified_IP`) VALUES (1627149936,0,0,0,1,1621406446,'609563300','1',1,'',1,'2012-08-03 03:04:27','127.0.0.1',0,'0000-00-00 00:00:00','');
INSERT INTO `report_filter_criteria` (`ID`,`archive`,`archiveID`,`deleted`,`systemID`,`filterID`,`filter_criterion`,`filter_matchmodeID`,`filter_seq`,`filter_value`,`history_created_by`,`history_created_date`,`history_created_IP`,`history_modified_by`,`history_modified_date`,`history_modified_IP`) VALUES (1633079055,0,0,0,1,493314498,'2033729010','3',1,'2011',1,'2012-08-03 09:46:53','127.0.0.1',0,'0000-00-00 00:00:00','');
INSERT INTO `report_filter_criteria` (`ID`,`archive`,`archiveID`,`deleted`,`systemID`,`filterID`,`filter_criterion`,`filter_matchmodeID`,`filter_seq`,`filter_value`,`history_created_by`,`history_created_date`,`history_created_IP`,`history_modified_by`,`history_modified_date`,`history_modified_IP`) VALUES (1762141666,0,0,0,1,1576408485,'1233767005','1',1,'1',1,'2012-08-03 11:34:46','127.0.0.1',0,'0000-00-00 00:00:00','');
INSERT INTO `report_filter_criteria` (`ID`,`archive`,`archiveID`,`deleted`,`systemID`,`filterID`,`filter_criterion`,`filter_matchmodeID`,`filter_seq`,`filter_value`,`history_created_by`,`history_created_date`,`history_created_IP`,`history_modified_by`,`history_modified_date`,`history_modified_IP`) VALUES (1780985530,0,0,0,1,682577462,'2033729010','3',1,'2014',1,'2017-11-11 20:40:34','127.0.0.1',0,'0000-00-00 00:00:00','');
INSERT INTO `report_filter_criteria` (`ID`,`archive`,`archiveID`,`deleted`,`systemID`,`filterID`,`filter_criterion`,`filter_matchmodeID`,`filter_seq`,`filter_value`,`history_created_by`,`history_created_date`,`history_created_IP`,`history_modified_by`,`history_modified_date`,`history_modified_IP`) VALUES (1789411067,0,0,0,1,257408077,'','',1,'',1,'2007-12-04 21:54:02','',0,'0000-00-00 00:00:00','');
INSERT INTO `report_filter_criteria` (`ID`,`archive`,`archiveID`,`deleted`,`systemID`,`filterID`,`filter_criterion`,`filter_matchmodeID`,`filter_seq`,`filter_value`,`history_created_by`,`history_created_date`,`history_created_IP`,`history_modified_by`,`history_modified_date`,`history_modified_IP`) VALUES (1797859079,0,0,0,1,1293465584,'1596566458','1',1,'0',1,'2012-08-03 03:05:05','127.0.0.1',0,'0000-00-00 00:00:00','');
INSERT INTO `report_filter_criteria` (`ID`,`archive`,`archiveID`,`deleted`,`systemID`,`filterID`,`filter_criterion`,`filter_matchmodeID`,`filter_seq`,`filter_value`,`history_created_by`,`history_created_date`,`history_created_IP`,`history_modified_by`,`history_modified_date`,`history_modified_IP`) VALUES (1816591327,0,0,0,1,976383123,'1596566458','8',1,'0',1,'2009-04-23 21:15:09','127.0.0.1',0,'0000-00-00 00:00:00','');
INSERT INTO `report_filter_criteria` (`ID`,`archive`,`archiveID`,`deleted`,`systemID`,`filterID`,`filter_criterion`,`filter_matchmodeID`,`filter_seq`,`filter_value`,`history_created_by`,`history_created_date`,`history_created_IP`,`history_modified_by`,`history_modified_date`,`history_modified_IP`) VALUES (1838953827,0,0,0,1,431353650,'360955582','11',1,'THIS_WEEK',1,'2012-08-03 11:34:20','127.0.0.1',0,'0000-00-00 00:00:00','');
INSERT INTO `report_filter_criteria` (`ID`,`archive`,`archiveID`,`deleted`,`systemID`,`filterID`,`filter_criterion`,`filter_matchmodeID`,`filter_seq`,`filter_value`,`history_created_by`,`history_created_date`,`history_created_IP`,`history_modified_by`,`history_modified_date`,`history_modified_IP`) VALUES (1939540298,0,0,0,1,1635954425,'1552139229','1',1,'Y',1,'2011-05-13 20:21:19','127.0.0.1',0,'0000-00-00 00:00:00','');
INSERT INTO `report_filter_criteria` (`ID`,`archive`,`archiveID`,`deleted`,`systemID`,`filterID`,`filter_criterion`,`filter_matchmodeID`,`filter_seq`,`filter_value`,`history_created_by`,`history_created_date`,`history_created_IP`,`history_modified_by`,`history_modified_date`,`history_modified_IP`) VALUES (2116786435,0,0,0,1,878885437,'1553240802','11',1,'TODAY',1,'2008-04-26 06:32:21','',0,'0000-00-00 00:00:00','');
INSERT INTO `report_filter_criteria` (`ID`,`archive`,`archiveID`,`deleted`,`systemID`,`filterID`,`filter_criterion`,`filter_matchmodeID`,`filter_seq`,`filter_value`,`history_created_by`,`history_created_date`,`history_created_IP`,`history_modified_by`,`history_modified_date`,`history_modified_IP`) VALUES (2145601953,0,0,0,1,1224726396,'2033729010','8',1,'2018-12-31',1,'2017-11-11 20:40:21','127.0.0.1',0,'0000-00-00 00:00:00','');
INSERT INTO `report_settings`        (`ID`,`archive`,`archiveID`,`deleted`,`systemID`,`destinationID`,`destinationType`,`reportID`,`report_columns_csv`,`report_filters_csv`,`history_created_by`,`history_created_date`,`history_created_IP`,`history_modified_by`,`history_modified_date`,`history_modified_IP`) VALUES (589489288,0,0,0,1,0,'global',905005130,'','257408077,878885437,373588866,1148035899,431353650,1923073659,1433044234,1576408485,2028342588,1174713805,1569512135,976383123,1293465584,1635954425,1313237456,1115920204,1621406446,1759620539,1415238856,493314498,1038870302,270143566,682577462,1785191146,346833009,1074971874,838357434,1224726396',1,'2010-09-24 16:30:00','127.0.0.1',1,'2017-11-11 20:42:18','127.0.0.1');

# 11) For 'news-items':                        Added filter presets for 'Enabled' and 'Disabled'
#                                              Added operations 'with selected - enable' and 'with selected - disable'
DELETE FROM `report_columns`         WHERE `ID` IN (11662278,2116611666);
INSERT INTO `report_columns`         (`ID`,`archive`,`archiveID`,`deleted`,`systemID`,`reportID`,`group_assign_csv`,`seq`,`tab`,`defaultValue`,`fieldType`,`formField`,`formFieldHeight`,`formFieldSpecial`,`formFieldTooltip`,`formFieldUnique`,`formFieldWidth`,`formLabel`,`formSelectorSQLMaster`,`formSelectorSQLMember`,`permCOMMUNITYADMIN`,`permGROUPVIEWER`,`permGROUPEDITOR`,`permMASTERADMIN`,`permPUBLIC`,`permSYSADMIN`,`permSYSAPPROVER`,`permSYSEDITOR`,`permSYSLOGON`,`permSYSMEMBER`,`permUSERADMIN`,`reportField`,`reportFieldSpecial`,`reportFilter`,`reportFilterLabel`,`reportLabel`,`reportSortBy_AZ`,`reportSortBy_a`,`reportSortBy_d`,`required_feature`,`required_feature_invert`,`history_created_by`,`history_created_date`,`history_created_IP`,`history_modified_by`,`history_modified_date`,`history_modified_IP`) VALUES (11662278,0,0,0,1,1392271173,'',0,'0.','','selected_set_as_disabled','',0,'','',0,0,'','','',0,0,0,2,0,2,0,0,0,0,0,'','','','','',0,'','','',0,1,'2017-11-11 18:23:28','127.0.0.1',1,'2017-11-11 18:24:00','127.0.0.1');
INSERT INTO `report_columns`         (`ID`,`archive`,`archiveID`,`deleted`,`systemID`,`reportID`,`group_assign_csv`,`seq`,`tab`,`defaultValue`,`fieldType`,`formField`,`formFieldHeight`,`formFieldSpecial`,`formFieldTooltip`,`formFieldUnique`,`formFieldWidth`,`formLabel`,`formSelectorSQLMaster`,`formSelectorSQLMember`,`permCOMMUNITYADMIN`,`permGROUPVIEWER`,`permGROUPEDITOR`,`permMASTERADMIN`,`permPUBLIC`,`permSYSADMIN`,`permSYSAPPROVER`,`permSYSEDITOR`,`permSYSLOGON`,`permSYSMEMBER`,`permUSERADMIN`,`reportField`,`reportFieldSpecial`,`reportFilter`,`reportFilterLabel`,`reportLabel`,`reportSortBy_AZ`,`reportSortBy_a`,`reportSortBy_d`,`required_feature`,`required_feature_invert`,`history_created_by`,`history_created_date`,`history_created_IP`,`history_modified_by`,`history_modified_date`,`history_modified_IP`) VALUES (2116611666,0,0,0,1,1392271173,'',0,'0.','','selected_set_as_enabled','',0,'','',0,0,'','','',0,0,0,2,0,2,0,0,0,0,0,'','','','','',0,'','','',0,1,'2017-11-11 18:23:31','127.0.0.1',1,'2017-11-11 18:24:00','127.0.0.1');

DELETE FROM `report_filter_criteria` WHERE `filterID` IN (SELECT `ID` FROM `report_filter`  WHERE `reportID` IN (1392271173) AND (`destinationType`='global'));
DELETE FROM `report_filter`          WHERE `reportID` IN (1392271173) AND (`destinationType`='global');
DELETE FROM `report_settings`        WHERE `reportID` IN (1392271173) AND (`destinationType`='global');

INSERT INTO `report_filter`          (`ID`,`archive`,`archiveID`,`deleted`,`systemID`,`destinationID`,`destinationType`,`label`,`reportID`,`seq`,`history_created_by`,`history_created_date`,`history_created_IP`,`history_modified_by`,`history_modified_date`,`history_modified_IP`) VALUES (95298300,0,0,0,1,0,'global','2017',1392271173,0,1,'2017-11-11 20:44:21','127.0.0.1',1,'2017-11-11 20:44:50','127.0.0.1');
INSERT INTO `report_filter`          (`ID`,`archive`,`archiveID`,`deleted`,`systemID`,`destinationID`,`destinationType`,`label`,`reportID`,`seq`,`history_created_by`,`history_created_date`,`history_created_IP`,`history_modified_by`,`history_modified_date`,`history_modified_IP`) VALUES (101797514,0,0,0,1,0,'global','[ICON]21 21 7506 Has been Published to Public - Yes[/ICON]',1392271173,0,1,'2012-08-03 11:32:59','127.0.0.1',1,'2012-08-03 11:33:17','127.0.0.1');
INSERT INTO `report_filter`          (`ID`,`archive`,`archiveID`,`deleted`,`systemID`,`destinationID`,`destinationType`,`label`,`reportID`,`seq`,`history_created_by`,`history_created_date`,`history_created_IP`,`history_modified_by`,`history_modified_date`,`history_modified_IP`) VALUES (160558402,0,0,0,1,0,'global','2012',1392271173,0,1,'2012-08-02 19:38:28','127.0.0.1',1,'2012-08-02 19:38:37','127.0.0.1');
INSERT INTO `report_filter`          (`ID`,`archive`,`archiveID`,`deleted`,`systemID`,`destinationID`,`destinationType`,`label`,`reportID`,`seq`,`history_created_by`,`history_created_date`,`history_created_IP`,`history_modified_by`,`history_modified_date`,`history_modified_IP`) VALUES (197049264,0,0,0,1,0,'global','2013',1392271173,0,1,'2012-08-02 19:38:34','127.0.0.1',1,'2012-08-02 19:38:41','127.0.0.1');
INSERT INTO `report_filter`          (`ID`,`archive`,`archiveID`,`deleted`,`systemID`,`destinationID`,`destinationType`,`label`,`reportID`,`seq`,`history_created_by`,`history_created_date`,`history_created_IP`,`history_modified_by`,`history_modified_date`,`history_modified_IP`) VALUES (250102005,0,0,0,1,0,'global','[ICON]16 16 8316 Enabled[/ICON]',1392271173,0,1,'2017-11-11 20:45:14','127.0.0.1',1,'2017-11-11 20:45:31','127.0.0.1');
INSERT INTO `report_filter`          (`ID`,`archive`,`archiveID`,`deleted`,`systemID`,`destinationID`,`destinationType`,`label`,`reportID`,`seq`,`history_created_by`,`history_created_date`,`history_created_IP`,`history_modified_by`,`history_modified_date`,`history_modified_IP`) VALUES (287884329,0,0,0,1,0,'global','[ICON]13 13 6598 Marked as Important - Yes[/ICON]',1392271173,0,1,'2011-05-13 20:28:57','127.0.0.1',1,'2012-08-02 19:34:39','127.0.0.1');
INSERT INTO `report_filter`          (`ID`,`archive`,`archiveID`,`deleted`,`systemID`,`destinationID`,`destinationType`,`label`,`reportID`,`seq`,`history_created_by`,`history_created_date`,`history_created_IP`,`history_modified_by`,`history_modified_date`,`history_modified_IP`) VALUES (299210845,0,0,0,1,0,'global','[ICON]11 11 6587 Has Categories - No[/ICON]',1392271173,0,1,'2012-08-02 19:35:44','127.0.0.1',1,'2012-08-02 19:35:48','127.0.0.1');
INSERT INTO `report_filter`          (`ID`,`archive`,`archiveID`,`deleted`,`systemID`,`destinationID`,`destinationType`,`label`,`reportID`,`seq`,`history_created_by`,`history_created_date`,`history_created_IP`,`history_modified_by`,`history_modified_date`,`history_modified_IP`) VALUES (354956943,0,0,0,1,0,'global','2014',1392271173,0,1,'2017-11-11 20:44:01','127.0.0.1',1,'2017-11-11 20:44:36','127.0.0.1');
INSERT INTO `report_filter`          (`ID`,`archive`,`archiveID`,`deleted`,`systemID`,`destinationID`,`destinationType`,`label`,`reportID`,`seq`,`history_created_by`,`history_created_date`,`history_created_IP`,`history_modified_by`,`history_modified_date`,`history_modified_IP`) VALUES (409406833,0,0,0,1,0,'global','[ICON]17 17 6768 Modified Today[/ICON]',1392271173,3,1,'2008-04-26 05:54:30','',1,'2012-08-02 21:40:56','127.0.0.1');
INSERT INTO `report_filter`          (`ID`,`archive`,`archiveID`,`deleted`,`systemID`,`destinationID`,`destinationType`,`label`,`reportID`,`seq`,`history_created_by`,`history_created_date`,`history_created_IP`,`history_modified_by`,`history_modified_date`,`history_modified_IP`) VALUES (435290288,0,0,0,1,0,'global','[ICON]17 17 6751 Created Today[/ICON]',1392271173,2,1,'2008-04-26 05:54:13','',1,'2012-08-02 21:40:09','127.0.0.1');
INSERT INTO `report_filter`          (`ID`,`archive`,`archiveID`,`deleted`,`systemID`,`destinationID`,`destinationType`,`label`,`reportID`,`seq`,`history_created_by`,`history_created_date`,`history_created_IP`,`history_modified_by`,`history_modified_date`,`history_modified_IP`) VALUES (546684015,0,0,0,1,0,'global','[ICON]14 14 6912 (All Records - Unfiltered View)[/ICON](All)',1392271173,1,1,'2007-09-07 22:10:25','',1,'2012-08-03 02:53:55','127.0.0.1');
INSERT INTO `report_filter`          (`ID`,`archive`,`archiveID`,`deleted`,`systemID`,`destinationID`,`destinationType`,`label`,`reportID`,`seq`,`history_created_by`,`history_created_date`,`history_created_IP`,`history_modified_by`,`history_modified_date`,`history_modified_IP`) VALUES (574951008,0,0,0,1,0,'global','[ICON]19 19 6370 Has been Published to Groups - Yes[/ICON]',1392271173,13,1,'2009-04-23 21:57:59','127.0.0.1',1,'2012-08-02 19:37:11','127.0.0.1');
INSERT INTO `report_filter`          (`ID`,`archive`,`archiveID`,`deleted`,`systemID`,`destinationID`,`destinationType`,`label`,`reportID`,`seq`,`history_created_by`,`history_created_date`,`history_created_IP`,`history_modified_by`,`history_modified_date`,`history_modified_IP`) VALUES (615775069,0,0,0,1,0,'global','2015',1392271173,0,1,'2017-11-11 20:44:07','127.0.0.1',1,'2017-11-11 20:44:44','127.0.0.1');
INSERT INTO `report_filter`          (`ID`,`archive`,`archiveID`,`deleted`,`systemID`,`destinationID`,`destinationType`,`label`,`reportID`,`seq`,`history_created_by`,`history_created_date`,`history_created_IP`,`history_modified_by`,`history_modified_date`,`history_modified_IP`) VALUES (718745948,0,0,0,1,0,'global','[ICON]19 19 6389 Has been Published to Groups - No[/ICON]',1392271173,0,1,'2012-08-02 19:37:31','127.0.0.1',1,'2012-08-02 19:37:35','127.0.0.1');
INSERT INTO `report_filter`          (`ID`,`archive`,`archiveID`,`deleted`,`systemID`,`destinationID`,`destinationType`,`label`,`reportID`,`seq`,`history_created_by`,`history_created_date`,`history_created_IP`,`history_modified_by`,`history_modified_date`,`history_modified_IP`) VALUES (760855822,0,0,0,1,0,'global','&lt; Earlier',1392271173,0,1,'2012-08-02 19:39:00','127.0.0.1',1,'2017-11-11 20:57:22','127.0.0.1');
INSERT INTO `report_filter`          (`ID`,`archive`,`archiveID`,`deleted`,`systemID`,`destinationID`,`destinationType`,`label`,`reportID`,`seq`,`history_created_by`,`history_created_date`,`history_created_IP`,`history_modified_by`,`history_modified_date`,`history_modified_IP`) VALUES (1085467456,0,0,0,1,0,'global','[ICON]21 21 7338 Created This Week[/ICON]',1392271173,0,1,'2012-08-03 11:32:13','127.0.0.1',1,'2012-08-03 11:33:11','127.0.0.1');
INSERT INTO `report_filter`          (`ID`,`archive`,`archiveID`,`deleted`,`systemID`,`destinationID`,`destinationType`,`label`,`reportID`,`seq`,`history_created_by`,`history_created_date`,`history_created_IP`,`history_modified_by`,`history_modified_date`,`history_modified_IP`) VALUES (1136155406,0,0,0,1,0,'global','[ICON]11 11 6576 Has Categories - Yes[/ICON]',1392271173,0,1,'2011-05-13 20:34:18','127.0.0.1',1,'2012-08-02 19:35:21','127.0.0.1');
INSERT INTO `report_filter`          (`ID`,`archive`,`archiveID`,`deleted`,`systemID`,`destinationID`,`destinationType`,`label`,`reportID`,`seq`,`history_created_by`,`history_created_date`,`history_created_IP`,`history_modified_by`,`history_modified_date`,`history_modified_IP`) VALUES (1322661817,0,0,0,1,0,'global','[ICON]18 18 6352 Has Received Comments - No[/ICON]',1392271173,0,1,'2012-08-02 19:36:33','127.0.0.1',1,'2012-08-02 19:36:38','127.0.0.1');
INSERT INTO `report_filter`          (`ID`,`archive`,`archiveID`,`deleted`,`systemID`,`destinationID`,`destinationType`,`label`,`reportID`,`seq`,`history_created_by`,`history_created_date`,`history_created_IP`,`history_modified_by`,`history_modified_date`,`history_modified_IP`) VALUES (1554067606,0,0,0,1,0,'global','[ICON]18 18 6334 Has Received Comments - Yes[/ICON]',1392271173,12,1,'2009-04-23 21:57:04','127.0.0.1',1,'2012-08-02 19:36:12','127.0.0.1');
INSERT INTO `report_filter`          (`ID`,`archive`,`archiveID`,`deleted`,`systemID`,`destinationID`,`destinationType`,`label`,`reportID`,`seq`,`history_created_by`,`history_created_date`,`history_created_IP`,`history_modified_by`,`history_modified_date`,`history_modified_IP`) VALUES (1697591555,0,0,0,1,0,'global','2010',1392271173,11,1,'2009-04-23 21:57:25','127.0.0.1',1,'2009-04-23 21:57:36','127.0.0.1');
INSERT INTO `report_filter`          (`ID`,`archive`,`archiveID`,`deleted`,`systemID`,`destinationID`,`destinationType`,`label`,`reportID`,`seq`,`history_created_by`,`history_created_date`,`history_created_IP`,`history_modified_by`,`history_modified_date`,`history_modified_IP`) VALUES (1792676729,0,0,0,1,0,'global','2011',1392271173,0,1,'2011-05-13 20:28:01','127.0.0.1',1,'2011-05-13 20:28:10','127.0.0.1');
INSERT INTO `report_filter`          (`ID`,`archive`,`archiveID`,`deleted`,`systemID`,`destinationID`,`destinationType`,`label`,`reportID`,`seq`,`history_created_by`,`history_created_date`,`history_created_IP`,`history_modified_by`,`history_modified_date`,`history_modified_IP`) VALUES (1808700028,0,0,0,1,0,'global','2016',1392271173,0,1,'2017-11-11 20:44:12','127.0.0.1',1,'2017-11-11 20:44:47','127.0.0.1');
INSERT INTO `report_filter`          (`ID`,`archive`,`archiveID`,`deleted`,`systemID`,`destinationID`,`destinationType`,`label`,`reportID`,`seq`,`history_created_by`,`history_created_date`,`history_created_IP`,`history_modified_by`,`history_modified_date`,`history_modified_IP`) VALUES (1826941977,0,0,0,1,0,'global','2018',1392271173,0,1,'2017-11-11 20:44:28','127.0.0.1',1,'2017-11-11 20:44:54','127.0.0.1');
INSERT INTO `report_filter`          (`ID`,`archive`,`archiveID`,`deleted`,`systemID`,`destinationID`,`destinationType`,`label`,`reportID`,`seq`,`history_created_by`,`history_created_date`,`history_created_IP`,`history_modified_by`,`history_modified_date`,`history_modified_IP`) VALUES (1835164168,0,0,0,1,0,'global','[ICON]21 21 7527 Has been Published to Public - No[/ICON]',1392271173,0,1,'2012-08-03 11:33:07','127.0.0.1',1,'2012-08-03 11:33:20','127.0.0.1');
INSERT INTO `report_filter`          (`ID`,`archive`,`archiveID`,`deleted`,`systemID`,`destinationID`,`destinationType`,`label`,`reportID`,`seq`,`history_created_by`,`history_created_date`,`history_created_IP`,`history_modified_by`,`history_modified_date`,`history_modified_IP`) VALUES (1921513921,0,0,0,1,0,'global','[ICON]16 16 8332 Disabled[/ICON]',1392271173,0,1,'2017-11-11 20:45:25','127.0.0.1',1,'2017-11-11 20:45:37','127.0.0.1');
INSERT INTO `report_filter`          (`ID`,`archive`,`archiveID`,`deleted`,`systemID`,`destinationID`,`destinationType`,`label`,`reportID`,`seq`,`history_created_by`,`history_created_date`,`history_created_IP`,`history_modified_by`,`history_modified_date`,`history_modified_IP`) VALUES (1953470792,0,0,0,1,0,'global','Later &gt;',1392271173,0,1,'2017-11-11 20:43:47','127.0.0.1',1,'2017-11-11 20:44:57','127.0.0.1');
INSERT INTO `report_filter`          (`ID`,`archive`,`archiveID`,`deleted`,`systemID`,`destinationID`,`destinationType`,`label`,`reportID`,`seq`,`history_created_by`,`history_created_date`,`history_created_IP`,`history_modified_by`,`history_modified_date`,`history_modified_IP`) VALUES (2098764799,0,0,0,1,0,'global','[ICON]13 13 6611 Marked as Important - No[/ICON]',1392271173,0,1,'2011-05-13 20:29:05','127.0.0.1',1,'2012-08-02 19:34:48','127.0.0.1');
INSERT INTO `report_filter`          (`ID`,`archive`,`archiveID`,`deleted`,`systemID`,`destinationID`,`destinationType`,`label`,`reportID`,`seq`,`history_created_by`,`history_created_date`,`history_created_IP`,`history_modified_by`,`history_modified_date`,`history_modified_IP`) VALUES (2124534734,0,0,0,1,0,'global','[ICON]21 21 7359 Modified This Week[/ICON]',1392271173,0,1,'2012-08-03 11:32:23','127.0.0.1',1,'2012-08-03 11:33:15','127.0.0.1');
INSERT INTO `report_filter_criteria` (`ID`,`archive`,`archiveID`,`deleted`,`systemID`,`filterID`,`filter_criterion`,`filter_matchmodeID`,`filter_seq`,`filter_value`,`history_created_by`,`history_created_date`,`history_created_IP`,`history_modified_by`,`history_modified_date`,`history_modified_IP`) VALUES (10499307,0,0,0,1,1697591555,'234234121','3',1,'2010',1,'2009-04-23 21:57:25','127.0.0.1',0,'0000-00-00 00:00:00','');
INSERT INTO `report_filter_criteria` (`ID`,`archive`,`archiveID`,`deleted`,`systemID`,`filterID`,`filter_criterion`,`filter_matchmodeID`,`filter_seq`,`filter_value`,`history_created_by`,`history_created_date`,`history_created_IP`,`history_modified_by`,`history_modified_date`,`history_modified_IP`) VALUES (62068418,0,0,0,1,250102005,'1430054037','1',1,'1',1,'2017-11-11 20:45:14','127.0.0.1',0,'0000-00-00 00:00:00','');
INSERT INTO `report_filter_criteria` (`ID`,`archive`,`archiveID`,`deleted`,`systemID`,`filterID`,`filter_criterion`,`filter_matchmodeID`,`filter_seq`,`filter_value`,`history_created_by`,`history_created_date`,`history_created_IP`,`history_modified_by`,`history_modified_date`,`history_modified_IP`) VALUES (83594199,0,0,0,1,101797514,'57057803','1',1,'1',1,'2012-08-03 11:32:59','127.0.0.1',0,'0000-00-00 00:00:00','');
INSERT INTO `report_filter_criteria` (`ID`,`archive`,`archiveID`,`deleted`,`systemID`,`filterID`,`filter_criterion`,`filter_matchmodeID`,`filter_seq`,`filter_value`,`history_created_by`,`history_created_date`,`history_created_IP`,`history_modified_by`,`history_modified_date`,`history_modified_IP`) VALUES (101631723,0,0,0,1,1826941977,'234234121','3',1,'2018',1,'2017-11-11 20:44:28','127.0.0.1',0,'0000-00-00 00:00:00','');
INSERT INTO `report_filter_criteria` (`ID`,`archive`,`archiveID`,`deleted`,`systemID`,`filterID`,`filter_criterion`,`filter_matchmodeID`,`filter_seq`,`filter_value`,`history_created_by`,`history_created_date`,`history_created_IP`,`history_modified_by`,`history_modified_date`,`history_modified_IP`) VALUES (108526977,0,0,0,1,287884329,'1455511908','1',1,'Y',1,'2011-05-13 20:28:57','127.0.0.1',0,'0000-00-00 00:00:00','');
INSERT INTO `report_filter_criteria` (`ID`,`archive`,`archiveID`,`deleted`,`systemID`,`filterID`,`filter_criterion`,`filter_matchmodeID`,`filter_seq`,`filter_value`,`history_created_by`,`history_created_date`,`history_created_IP`,`history_modified_by`,`history_modified_date`,`history_modified_IP`) VALUES (184504536,0,0,0,1,1136155406,'1114460551','2',1,'',1,'2011-05-13 20:34:18','127.0.0.1',0,'0000-00-00 00:00:00','');
INSERT INTO `report_filter_criteria` (`ID`,`archive`,`archiveID`,`deleted`,`systemID`,`filterID`,`filter_criterion`,`filter_matchmodeID`,`filter_seq`,`filter_value`,`history_created_by`,`history_created_date`,`history_created_IP`,`history_modified_by`,`history_modified_date`,`history_modified_IP`) VALUES (295554197,0,0,0,1,1554067606,'319768684','8',1,'0',1,'2009-04-23 21:57:04','127.0.0.1',0,'0000-00-00 00:00:00','');
INSERT INTO `report_filter_criteria` (`ID`,`archive`,`archiveID`,`deleted`,`systemID`,`filterID`,`filter_criterion`,`filter_matchmodeID`,`filter_seq`,`filter_value`,`history_created_by`,`history_created_date`,`history_created_IP`,`history_modified_by`,`history_modified_date`,`history_modified_IP`) VALUES (349406171,0,0,0,1,1322661817,'319768684','1',1,'0',1,'2012-08-02 19:36:33','127.0.0.1',0,'0000-00-00 00:00:00','');
INSERT INTO `report_filter_criteria` (`ID`,`archive`,`archiveID`,`deleted`,`systemID`,`filterID`,`filter_criterion`,`filter_matchmodeID`,`filter_seq`,`filter_value`,`history_created_by`,`history_created_date`,`history_created_IP`,`history_modified_by`,`history_modified_date`,`history_modified_IP`) VALUES (360706887,0,0,0,1,1835164168,'57057803','1',1,'0',1,'2012-08-03 11:33:07','127.0.0.1',0,'0000-00-00 00:00:00','');
INSERT INTO `report_filter_criteria` (`ID`,`archive`,`archiveID`,`deleted`,`systemID`,`filterID`,`filter_criterion`,`filter_matchmodeID`,`filter_seq`,`filter_value`,`history_created_by`,`history_created_date`,`history_created_IP`,`history_modified_by`,`history_modified_date`,`history_modified_IP`) VALUES (653750436,0,0,0,1,435290288,'266340564','11',1,'TODAY',1,'2008-04-26 05:54:13','',0,'0000-00-00 00:00:00','');
INSERT INTO `report_filter_criteria` (`ID`,`archive`,`archiveID`,`deleted`,`systemID`,`filterID`,`filter_criterion`,`filter_matchmodeID`,`filter_seq`,`filter_value`,`history_created_by`,`history_created_date`,`history_created_IP`,`history_modified_by`,`history_modified_date`,`history_modified_IP`) VALUES (670338403,0,0,0,1,1953470792,'234234121','8',1,'2018-12-31',1,'2017-11-11 20:43:47','127.0.0.1',0,'0000-00-00 00:00:00','');
INSERT INTO `report_filter_criteria` (`ID`,`archive`,`archiveID`,`deleted`,`systemID`,`filterID`,`filter_criterion`,`filter_matchmodeID`,`filter_seq`,`filter_value`,`history_created_by`,`history_created_date`,`history_created_IP`,`history_modified_by`,`history_modified_date`,`history_modified_IP`) VALUES (690608781,0,0,0,1,409406833,'2115260647','11',1,'TODAY',1,'2008-04-26 05:54:30','',0,'0000-00-00 00:00:00','');
INSERT INTO `report_filter_criteria` (`ID`,`archive`,`archiveID`,`deleted`,`systemID`,`filterID`,`filter_criterion`,`filter_matchmodeID`,`filter_seq`,`filter_value`,`history_created_by`,`history_created_date`,`history_created_IP`,`history_modified_by`,`history_modified_date`,`history_modified_IP`) VALUES (771074921,0,0,0,1,2124534734,'2115260647','11',1,'THIS_WEEK',1,'2012-08-03 11:32:23','127.0.0.1',0,'0000-00-00 00:00:00','');
INSERT INTO `report_filter_criteria` (`ID`,`archive`,`archiveID`,`deleted`,`systemID`,`filterID`,`filter_criterion`,`filter_matchmodeID`,`filter_seq`,`filter_value`,`history_created_by`,`history_created_date`,`history_created_IP`,`history_modified_by`,`history_modified_date`,`history_modified_IP`) VALUES (876384670,0,0,0,1,2098764799,'1455511908','1',1,'N',1,'2011-05-13 20:29:05','127.0.0.1',0,'0000-00-00 00:00:00','');
INSERT INTO `report_filter_criteria` (`ID`,`archive`,`archiveID`,`deleted`,`systemID`,`filterID`,`filter_criterion`,`filter_matchmodeID`,`filter_seq`,`filter_value`,`history_created_by`,`history_created_date`,`history_created_IP`,`history_modified_by`,`history_modified_date`,`history_modified_IP`) VALUES (904572736,0,0,0,1,354956943,'234234121','3',1,'2014',1,'2017-11-11 20:44:01','127.0.0.1',0,'0000-00-00 00:00:00','');
INSERT INTO `report_filter_criteria` (`ID`,`archive`,`archiveID`,`deleted`,`systemID`,`filterID`,`filter_criterion`,`filter_matchmodeID`,`filter_seq`,`filter_value`,`history_created_by`,`history_created_date`,`history_created_IP`,`history_modified_by`,`history_modified_date`,`history_modified_IP`) VALUES (1119034843,0,0,0,1,760855822,'234234121','9',1,'2010-01-01',1,'2012-08-02 19:39:00','127.0.0.1',0,'0000-00-00 00:00:00','');
INSERT INTO `report_filter_criteria` (`ID`,`archive`,`archiveID`,`deleted`,`systemID`,`filterID`,`filter_criterion`,`filter_matchmodeID`,`filter_seq`,`filter_value`,`history_created_by`,`history_created_date`,`history_created_IP`,`history_modified_by`,`history_modified_date`,`history_modified_IP`) VALUES (1172107632,0,0,0,1,197049264,'234234121','3',1,'2013',1,'2012-08-02 19:38:34','127.0.0.1',0,'0000-00-00 00:00:00','');
INSERT INTO `report_filter_criteria` (`ID`,`archive`,`archiveID`,`deleted`,`systemID`,`filterID`,`filter_criterion`,`filter_matchmodeID`,`filter_seq`,`filter_value`,`history_created_by`,`history_created_date`,`history_created_IP`,`history_modified_by`,`history_modified_date`,`history_modified_IP`) VALUES (1203196841,0,0,0,1,95298300,'234234121','3',1,'2017',1,'2017-11-11 20:44:21','127.0.0.1',0,'0000-00-00 00:00:00','');
INSERT INTO `report_filter_criteria` (`ID`,`archive`,`archiveID`,`deleted`,`systemID`,`filterID`,`filter_criterion`,`filter_matchmodeID`,`filter_seq`,`filter_value`,`history_created_by`,`history_created_date`,`history_created_IP`,`history_modified_by`,`history_modified_date`,`history_modified_IP`) VALUES (1245999790,0,0,0,1,299210845,'1114460551','1',1,'',1,'2012-08-02 19:35:44','127.0.0.1',0,'0000-00-00 00:00:00','');
INSERT INTO `report_filter_criteria` (`ID`,`archive`,`archiveID`,`deleted`,`systemID`,`filterID`,`filter_criterion`,`filter_matchmodeID`,`filter_seq`,`filter_value`,`history_created_by`,`history_created_date`,`history_created_IP`,`history_modified_by`,`history_modified_date`,`history_modified_IP`) VALUES (1404738511,0,0,0,1,615775069,'234234121','3',1,'2015',1,'2017-11-11 20:44:07','127.0.0.1',0,'0000-00-00 00:00:00','');
INSERT INTO `report_filter_criteria` (`ID`,`archive`,`archiveID`,`deleted`,`systemID`,`filterID`,`filter_criterion`,`filter_matchmodeID`,`filter_seq`,`filter_value`,`history_created_by`,`history_created_date`,`history_created_IP`,`history_modified_by`,`history_modified_date`,`history_modified_IP`) VALUES (1625781549,0,0,0,1,160558402,'234234121','3',1,'2012',1,'2012-08-02 19:38:28','127.0.0.1',0,'0000-00-00 00:00:00','');
INSERT INTO `report_filter_criteria` (`ID`,`archive`,`archiveID`,`deleted`,`systemID`,`filterID`,`filter_criterion`,`filter_matchmodeID`,`filter_seq`,`filter_value`,`history_created_by`,`history_created_date`,`history_created_IP`,`history_modified_by`,`history_modified_date`,`history_modified_IP`) VALUES (1703725341,0,0,0,1,546684015,'','',1,'',1,'2007-09-07 22:10:25','',0,'0000-00-00 00:00:00','');
INSERT INTO `report_filter_criteria` (`ID`,`archive`,`archiveID`,`deleted`,`systemID`,`filterID`,`filter_criterion`,`filter_matchmodeID`,`filter_seq`,`filter_value`,`history_created_by`,`history_created_date`,`history_created_IP`,`history_modified_by`,`history_modified_date`,`history_modified_IP`) VALUES (1830009568,0,0,0,1,1085467456,'266340564','11',1,'THIS_WEEK',1,'2012-08-03 11:32:13','127.0.0.1',0,'0000-00-00 00:00:00','');
INSERT INTO `report_filter_criteria` (`ID`,`archive`,`archiveID`,`deleted`,`systemID`,`filterID`,`filter_criterion`,`filter_matchmodeID`,`filter_seq`,`filter_value`,`history_created_by`,`history_created_date`,`history_created_IP`,`history_modified_by`,`history_modified_date`,`history_modified_IP`) VALUES (1852503552,0,0,0,1,574951008,'2059667261','8',1,'0',1,'2009-04-23 21:57:59','127.0.0.1',0,'0000-00-00 00:00:00','');
INSERT INTO `report_filter_criteria` (`ID`,`archive`,`archiveID`,`deleted`,`systemID`,`filterID`,`filter_criterion`,`filter_matchmodeID`,`filter_seq`,`filter_value`,`history_created_by`,`history_created_date`,`history_created_IP`,`history_modified_by`,`history_modified_date`,`history_modified_IP`) VALUES (1895457294,0,0,0,1,1792676729,'234234121','3',1,'2011',1,'2011-05-13 20:28:01','127.0.0.1',0,'0000-00-00 00:00:00','');
INSERT INTO `report_filter_criteria` (`ID`,`archive`,`archiveID`,`deleted`,`systemID`,`filterID`,`filter_criterion`,`filter_matchmodeID`,`filter_seq`,`filter_value`,`history_created_by`,`history_created_date`,`history_created_IP`,`history_modified_by`,`history_modified_date`,`history_modified_IP`) VALUES (2028083252,0,0,0,1,718745948,'2059667261','1',1,'0',1,'2012-08-02 19:37:31','127.0.0.1',0,'0000-00-00 00:00:00','');
INSERT INTO `report_filter_criteria` (`ID`,`archive`,`archiveID`,`deleted`,`systemID`,`filterID`,`filter_criterion`,`filter_matchmodeID`,`filter_seq`,`filter_value`,`history_created_by`,`history_created_date`,`history_created_IP`,`history_modified_by`,`history_modified_date`,`history_modified_IP`) VALUES (2100958916,0,0,0,1,1921513921,'1430054037','1',1,'0',1,'2017-11-11 20:45:25','127.0.0.1',0,'0000-00-00 00:00:00','');
INSERT INTO `report_filter_criteria` (`ID`,`archive`,`archiveID`,`deleted`,`systemID`,`filterID`,`filter_criterion`,`filter_matchmodeID`,`filter_seq`,`filter_value`,`history_created_by`,`history_created_date`,`history_created_IP`,`history_modified_by`,`history_modified_date`,`history_modified_IP`) VALUES (2130371084,0,0,0,1,1808700028,'234234121','3',1,'2016',1,'2017-11-11 20:44:12','127.0.0.1',0,'0000-00-00 00:00:00','');
INSERT INTO `report_settings`        (`ID`,`archive`,`archiveID`,`deleted`,`systemID`,`destinationID`,`destinationType`,`reportID`,`report_columns_csv`,`report_filters_csv`,`history_created_by`,`history_created_date`,`history_created_IP`,`history_modified_by`,`history_modified_date`,`history_modified_IP`) VALUES (758355067,0,0,0,1,0,'global',1392271173,'','546684015,435290288,1085467456,409406833,2124534734,250102005,1921513921,101797514,1835164168,574951008,718745948,1554067606,1322661817,287884329,2098764799,1136155406,299210845,760855822,1697591555,1792676729,160558402,197049264,354956943,615775069,1808700028,95298300,1826941977,1953470792',1,'2010-09-24 16:30:00','127.0.0.1',1,'2017-11-11 20:45:43','127.0.0.1');

# 12) For 'podcast-albums':                    Added filter presets for 'Enabled' and 'Disabled'
#                                              Added operations 'with selected - enable' and 'with selected - disable'
DELETE FROM `report_columns`         WHERE `ID` IN (1557783773,593811228);
INSERT INTO `report_columns`         (`ID`,`archive`,`archiveID`,`deleted`,`systemID`,`reportID`,`group_assign_csv`,`seq`,`tab`,`defaultValue`,`fieldType`,`formField`,`formFieldHeight`,`formFieldSpecial`,`formFieldTooltip`,`formFieldUnique`,`formFieldWidth`,`formLabel`,`formSelectorSQLMaster`,`formSelectorSQLMember`,`permCOMMUNITYADMIN`,`permGROUPVIEWER`,`permGROUPEDITOR`,`permMASTERADMIN`,`permPUBLIC`,`permSYSADMIN`,`permSYSAPPROVER`,`permSYSEDITOR`,`permSYSLOGON`,`permSYSMEMBER`,`permUSERADMIN`,`reportField`,`reportFieldSpecial`,`reportFilter`,`reportFilterLabel`,`reportLabel`,`reportSortBy_AZ`,`reportSortBy_a`,`reportSortBy_d`,`required_feature`,`required_feature_invert`,`history_created_by`,`history_created_date`,`history_created_IP`,`history_modified_by`,`history_modified_date`,`history_modified_IP`) VALUES (593811228,0,0,0,1,742378424,'',0,'0.','','selected_set_as_enabled','',0,'','',0,0,'','','',0,0,0,2,0,2,0,0,0,0,0,'','','','','',0,'','','',0,1,'2017-11-11 18:24:06','127.0.0.1',1,'2017-11-11 18:24:33','127.0.0.1');
INSERT INTO `report_columns`         (`ID`,`archive`,`archiveID`,`deleted`,`systemID`,`reportID`,`group_assign_csv`,`seq`,`tab`,`defaultValue`,`fieldType`,`formField`,`formFieldHeight`,`formFieldSpecial`,`formFieldTooltip`,`formFieldUnique`,`formFieldWidth`,`formLabel`,`formSelectorSQLMaster`,`formSelectorSQLMember`,`permCOMMUNITYADMIN`,`permGROUPVIEWER`,`permGROUPEDITOR`,`permMASTERADMIN`,`permPUBLIC`,`permSYSADMIN`,`permSYSAPPROVER`,`permSYSEDITOR`,`permSYSLOGON`,`permSYSMEMBER`,`permUSERADMIN`,`reportField`,`reportFieldSpecial`,`reportFilter`,`reportFilterLabel`,`reportLabel`,`reportSortBy_AZ`,`reportSortBy_a`,`reportSortBy_d`,`required_feature`,`required_feature_invert`,`history_created_by`,`history_created_date`,`history_created_IP`,`history_modified_by`,`history_modified_date`,`history_modified_IP`) VALUES (1557783773,0,0,0,1,742378424,'',0,'0.','','selected_set_as_disabled','',0,'','',0,0,'','','',0,0,0,2,0,2,0,0,0,0,0,'','','','','',0,'','','',0,1,'2017-11-11 18:24:03','127.0.0.1',1,'2017-11-11 18:24:33','127.0.0.1');

DELETE FROM `report_filter_criteria` WHERE `filterID` IN (SELECT `ID` FROM `report_filter`  WHERE `reportID` IN (742378424) AND (`destinationType`='global'));
DELETE FROM `report_filter`          WHERE `reportID` IN (742378424) AND (`destinationType`='global');
DELETE FROM `report_settings`        WHERE `reportID` IN (742378424) AND (`destinationType`='global');

INSERT INTO `report_filter`          (`ID`,`archive`,`archiveID`,`deleted`,`systemID`,`destinationID`,`destinationType`,`label`,`reportID`,`seq`,`history_created_by`,`history_created_date`,`history_created_IP`,`history_modified_by`,`history_modified_date`,`history_modified_IP`) VALUES (91941193,0,0,0,1,0,'global','2014',742378424,0,1,'2017-11-11 20:47:21','127.0.0.1',1,'2017-11-11 20:48:06','127.0.0.1');
INSERT INTO `report_filter`          (`ID`,`archive`,`archiveID`,`deleted`,`systemID`,`destinationID`,`destinationType`,`label`,`reportID`,`seq`,`history_created_by`,`history_created_date`,`history_created_IP`,`history_modified_by`,`history_modified_date`,`history_modified_IP`) VALUES (172605307,0,0,0,1,0,'global','[ICON]20 20 6987 Contains other Podcast Albums - No[/ICON]',742378424,5,1,'2010-08-18 15:39:23','127.0.0.1',1,'2012-08-03 03:13:09','127.0.0.1');
INSERT INTO `report_filter`          (`ID`,`archive`,`archiveID`,`deleted`,`systemID`,`destinationID`,`destinationType`,`label`,`reportID`,`seq`,`history_created_by`,`history_created_date`,`history_created_IP`,`history_modified_by`,`history_modified_date`,`history_modified_IP`) VALUES (272732328,0,0,0,1,0,'global','[ICON]19 19 6389 Has been Published to Groups - No[/ICON]',742378424,0,1,'2012-08-03 09:58:39','127.0.0.1',1,'2012-08-03 09:58:54','127.0.0.1');
INSERT INTO `report_filter`          (`ID`,`archive`,`archiveID`,`deleted`,`systemID`,`destinationID`,`destinationType`,`label`,`reportID`,`seq`,`history_created_by`,`history_created_date`,`history_created_IP`,`history_modified_by`,`history_modified_date`,`history_modified_IP`) VALUES (330022796,0,0,0,1,0,'global','&lt; Earlier',742378424,0,1,'2012-08-03 09:50:31','127.0.0.1',1,'2017-11-11 20:58:18','127.0.0.1');
INSERT INTO `report_filter`          (`ID`,`archive`,`archiveID`,`deleted`,`systemID`,`destinationID`,`destinationType`,`label`,`reportID`,`seq`,`history_created_by`,`history_created_date`,`history_created_IP`,`history_modified_by`,`history_modified_date`,`history_modified_IP`) VALUES (385852568,0,0,0,1,0,'global','2010',742378424,0,1,'2012-08-03 09:50:42','127.0.0.1',1,'2012-08-03 09:51:36','127.0.0.1');
INSERT INTO `report_filter`          (`ID`,`archive`,`archiveID`,`deleted`,`systemID`,`destinationID`,`destinationType`,`label`,`reportID`,`seq`,`history_created_by`,`history_created_date`,`history_created_IP`,`history_modified_by`,`history_modified_date`,`history_modified_IP`) VALUES (409960452,0,0,0,1,0,'global','[ICON]11 11 6587 Has Categories - No[/ICON]',742378424,0,1,'2012-08-03 10:00:20','127.0.0.1',1,'2012-08-03 10:00:31','127.0.0.1');
INSERT INTO `report_filter`          (`ID`,`archive`,`archiveID`,`deleted`,`systemID`,`destinationID`,`destinationType`,`label`,`reportID`,`seq`,`history_created_by`,`history_created_date`,`history_created_IP`,`history_modified_by`,`history_modified_date`,`history_modified_IP`) VALUES (415510325,0,0,0,1,0,'global','2011',742378424,0,1,'2012-08-03 09:50:54','127.0.0.1',1,'2012-08-03 09:51:39','127.0.0.1');
INSERT INTO `report_filter`          (`ID`,`archive`,`archiveID`,`deleted`,`systemID`,`destinationID`,`destinationType`,`label`,`reportID`,`seq`,`history_created_by`,`history_created_date`,`history_created_IP`,`history_modified_by`,`history_modified_date`,`history_modified_IP`) VALUES (544287159,0,0,0,1,0,'global','[ICON]13 13 6598 Marked as Important - Yes[/ICON]',742378424,0,1,'2011-05-13 20:38:40','127.0.0.1',1,'2012-08-03 03:06:48','127.0.0.1');
INSERT INTO `report_filter`          (`ID`,`archive`,`archiveID`,`deleted`,`systemID`,`destinationID`,`destinationType`,`label`,`reportID`,`seq`,`history_created_by`,`history_created_date`,`history_created_IP`,`history_modified_by`,`history_modified_date`,`history_modified_IP`) VALUES (559181224,0,0,0,1,0,'global','[ICON]21 21 7527 Has been Published to Public - No[/ICON]',742378424,0,1,'2012-08-03 11:37:01','127.0.0.1',1,'2012-08-03 11:37:13','127.0.0.1');
INSERT INTO `report_filter`          (`ID`,`archive`,`archiveID`,`deleted`,`systemID`,`destinationID`,`destinationType`,`label`,`reportID`,`seq`,`history_created_by`,`history_created_date`,`history_created_IP`,`history_modified_by`,`history_modified_date`,`history_modified_IP`) VALUES (568467585,0,0,0,1,0,'global','[ICON]13 13 6611 Marked as Important - No[/ICON]',742378424,0,1,'2011-05-13 20:38:49','127.0.0.1',1,'2012-08-03 03:06:58','127.0.0.1');
INSERT INTO `report_filter`          (`ID`,`archive`,`archiveID`,`deleted`,`systemID`,`destinationID`,`destinationType`,`label`,`reportID`,`seq`,`history_created_by`,`history_created_date`,`history_created_IP`,`history_modified_by`,`history_modified_date`,`history_modified_IP`) VALUES (710812041,0,0,0,1,0,'global','2013',742378424,0,1,'2012-08-03 09:51:15','127.0.0.1',1,'2012-08-03 09:51:45','127.0.0.1');
INSERT INTO `report_filter`          (`ID`,`archive`,`archiveID`,`deleted`,`systemID`,`destinationID`,`destinationType`,`label`,`reportID`,`seq`,`history_created_by`,`history_created_date`,`history_created_IP`,`history_modified_by`,`history_modified_date`,`history_modified_IP`) VALUES (755439597,0,0,0,1,0,'global','2017',742378424,0,1,'2017-11-11 20:47:40','127.0.0.1',1,'2017-11-11 20:48:21','127.0.0.1');
INSERT INTO `report_filter`          (`ID`,`archive`,`archiveID`,`deleted`,`systemID`,`destinationID`,`destinationType`,`label`,`reportID`,`seq`,`history_created_by`,`history_created_date`,`history_created_IP`,`history_modified_by`,`history_modified_date`,`history_modified_IP`) VALUES (761765913,0,0,0,1,0,'global','[ICON]21 21 7041 Is a Podcast Root Folder[/ICON]',742378424,4,1,'2010-08-18 17:48:17','127.0.0.1',1,'2012-08-03 09:48:59','127.0.0.1');
INSERT INTO `report_filter`          (`ID`,`archive`,`archiveID`,`deleted`,`systemID`,`destinationID`,`destinationType`,`label`,`reportID`,`seq`,`history_created_by`,`history_created_date`,`history_created_IP`,`history_modified_by`,`history_modified_date`,`history_modified_IP`) VALUES (807128949,0,0,0,1,0,'global','[ICON]11 11 6576 Has Categories - Yes[/ICON]',742378424,0,1,'2012-08-03 10:00:03','127.0.0.1',1,'2012-08-03 10:00:26','127.0.0.1');
INSERT INTO `report_filter`          (`ID`,`archive`,`archiveID`,`deleted`,`systemID`,`destinationID`,`destinationType`,`label`,`reportID`,`seq`,`history_created_by`,`history_created_date`,`history_created_IP`,`history_modified_by`,`history_modified_date`,`history_modified_IP`) VALUES (843312237,0,0,0,1,0,'global','2012',742378424,0,1,'2012-08-03 09:51:07','127.0.0.1',1,'2012-08-03 09:51:42','127.0.0.1');
INSERT INTO `report_filter`          (`ID`,`archive`,`archiveID`,`deleted`,`systemID`,`destinationID`,`destinationType`,`label`,`reportID`,`seq`,`history_created_by`,`history_created_date`,`history_created_IP`,`history_modified_by`,`history_modified_date`,`history_modified_IP`) VALUES (867516149,0,0,0,1,0,'global','[ICON]19 19 6370 Has been Published to Groups - Yes[/ICON]',742378424,0,1,'2012-08-03 09:58:29','127.0.0.1',1,'2012-08-03 09:58:49','127.0.0.1');
INSERT INTO `report_filter`          (`ID`,`archive`,`archiveID`,`deleted`,`systemID`,`destinationID`,`destinationType`,`label`,`reportID`,`seq`,`history_created_by`,`history_created_date`,`history_created_IP`,`history_modified_by`,`history_modified_date`,`history_modified_IP`) VALUES (1030437170,0,0,0,1,0,'global','[ICON]17 17 6768 Modified Today[/ICON]',742378424,3,1,'2010-08-17 18:28:30','127.0.0.1',1,'2012-08-03 03:06:29','127.0.0.1');
INSERT INTO `report_filter`          (`ID`,`archive`,`archiveID`,`deleted`,`systemID`,`destinationID`,`destinationType`,`label`,`reportID`,`seq`,`history_created_by`,`history_created_date`,`history_created_IP`,`history_modified_by`,`history_modified_date`,`history_modified_IP`) VALUES (1099644248,0,0,0,1,0,'global','[ICON]14 14 6912 (All Records - Unfiltered View)[/ICON](All)',742378424,1,1,'2010-08-17 18:28:03','127.0.0.1',1,'2012-08-03 04:21:57','127.0.0.1');
INSERT INTO `report_filter`          (`ID`,`archive`,`archiveID`,`deleted`,`systemID`,`destinationID`,`destinationType`,`label`,`reportID`,`seq`,`history_created_by`,`history_created_date`,`history_created_IP`,`history_modified_by`,`history_modified_date`,`history_modified_IP`) VALUES (1243081846,0,0,0,1,0,'global','[ICON]21 21 7338 Created This Week[/ICON]',742378424,0,1,'2012-08-03 11:36:16','127.0.0.1',1,'2012-08-03 11:37:05','127.0.0.1');
INSERT INTO `report_filter`          (`ID`,`archive`,`archiveID`,`deleted`,`systemID`,`destinationID`,`destinationType`,`label`,`reportID`,`seq`,`history_created_by`,`history_created_date`,`history_created_IP`,`history_modified_by`,`history_modified_date`,`history_modified_IP`) VALUES (1351613743,0,0,0,1,0,'global','[ICON]23 23 7062 Is a Podcast Sub Folder[/ICON]',742378424,0,1,'2011-05-13 20:38:05','127.0.0.1',1,'2012-08-03 09:49:13','127.0.0.1');
INSERT INTO `report_filter`          (`ID`,`archive`,`archiveID`,`deleted`,`systemID`,`destinationID`,`destinationType`,`label`,`reportID`,`seq`,`history_created_by`,`history_created_date`,`history_created_IP`,`history_modified_by`,`history_modified_date`,`history_modified_IP`) VALUES (1560927070,0,0,0,1,0,'global','[ICON]17 17 7007 Contains Podcasts - Yes[/ICON]',742378424,8,1,'2010-08-18 15:40:47','127.0.0.1',1,'2012-08-03 03:15:54','127.0.0.1');
INSERT INTO `report_filter`          (`ID`,`archive`,`archiveID`,`deleted`,`systemID`,`destinationID`,`destinationType`,`label`,`reportID`,`seq`,`history_created_by`,`history_created_date`,`history_created_IP`,`history_modified_by`,`history_modified_date`,`history_modified_IP`) VALUES (1619738239,0,0,0,1,0,'global','2015',742378424,0,1,'2017-11-11 20:47:28','127.0.0.1',1,'2017-11-11 20:48:14','127.0.0.1');
INSERT INTO `report_filter`          (`ID`,`archive`,`archiveID`,`deleted`,`systemID`,`destinationID`,`destinationType`,`label`,`reportID`,`seq`,`history_created_by`,`history_created_date`,`history_created_IP`,`history_modified_by`,`history_modified_date`,`history_modified_IP`) VALUES (1643967070,0,0,0,1,0,'global','2018',742378424,0,1,'2017-11-11 20:47:54','127.0.0.1',1,'2017-11-11 20:48:25','127.0.0.1');
INSERT INTO `report_filter`          (`ID`,`archive`,`archiveID`,`deleted`,`systemID`,`destinationID`,`destinationType`,`label`,`reportID`,`seq`,`history_created_by`,`history_created_date`,`history_created_IP`,`history_modified_by`,`history_modified_date`,`history_modified_IP`) VALUES (1666538651,0,0,0,1,0,'global','[ICON]16 16 8332 Disabled[/ICON]',742378424,0,1,'2017-11-11 20:48:52','127.0.0.1',1,'2017-11-11 20:49:03','127.0.0.1');
INSERT INTO `report_filter`          (`ID`,`archive`,`archiveID`,`deleted`,`systemID`,`destinationID`,`destinationType`,`label`,`reportID`,`seq`,`history_created_by`,`history_created_date`,`history_created_IP`,`history_modified_by`,`history_modified_date`,`history_modified_IP`) VALUES (1747115348,0,0,0,1,0,'global','[ICON]21 21 7506 Has been Published to Public - Yes[/ICON]',742378424,0,1,'2012-08-03 11:36:51','127.0.0.1',1,'2012-08-03 11:37:11','127.0.0.1');
INSERT INTO `report_filter`          (`ID`,`archive`,`archiveID`,`deleted`,`systemID`,`destinationID`,`destinationType`,`label`,`reportID`,`seq`,`history_created_by`,`history_created_date`,`history_created_IP`,`history_modified_by`,`history_modified_date`,`history_modified_IP`) VALUES (1814206752,0,0,0,1,0,'global','[ICON]17 17 6751 Created Today[/ICON]',742378424,2,1,'2010-08-17 18:28:20','127.0.0.1',1,'2012-08-03 03:06:14','127.0.0.1');
INSERT INTO `report_filter`          (`ID`,`archive`,`archiveID`,`deleted`,`systemID`,`destinationID`,`destinationType`,`label`,`reportID`,`seq`,`history_created_by`,`history_created_date`,`history_created_IP`,`history_modified_by`,`history_modified_date`,`history_modified_IP`) VALUES (1825165141,0,0,0,1,0,'global','[ICON]21 21 7359 Modified This Week[/ICON]',742378424,0,1,'2012-08-03 11:36:27','127.0.0.1',1,'2012-08-03 11:37:09','127.0.0.1');
INSERT INTO `report_filter`          (`ID`,`archive`,`archiveID`,`deleted`,`systemID`,`destinationID`,`destinationType`,`label`,`reportID`,`seq`,`history_created_by`,`history_created_date`,`history_created_IP`,`history_modified_by`,`history_modified_date`,`history_modified_IP`) VALUES (2006792553,0,0,0,1,0,'global','2016',742378424,0,1,'2017-11-11 20:47:34','127.0.0.1',1,'2017-11-11 20:48:17','127.0.0.1');
INSERT INTO `report_filter`          (`ID`,`archive`,`archiveID`,`deleted`,`systemID`,`destinationID`,`destinationType`,`label`,`reportID`,`seq`,`history_created_by`,`history_created_date`,`history_created_IP`,`history_modified_by`,`history_modified_date`,`history_modified_IP`) VALUES (2037364244,0,0,0,1,0,'global','[ICON]20 20 6967 Contains other Podcast Albums - Yes[/ICON]',742378424,6,1,'2010-08-18 15:39:58','127.0.0.1',1,'2012-08-03 03:12:47','127.0.0.1');
INSERT INTO `report_filter`          (`ID`,`archive`,`archiveID`,`deleted`,`systemID`,`destinationID`,`destinationType`,`label`,`reportID`,`seq`,`history_created_by`,`history_created_date`,`history_created_IP`,`history_modified_by`,`history_modified_date`,`history_modified_IP`) VALUES (2063193845,0,0,0,1,0,'global','[ICON]16 16 8316 Enabled[/ICON]',742378424,0,1,'2017-11-11 20:48:43','127.0.0.1',1,'2017-11-11 20:48:59','127.0.0.1');
INSERT INTO `report_filter`          (`ID`,`archive`,`archiveID`,`deleted`,`systemID`,`destinationID`,`destinationType`,`label`,`reportID`,`seq`,`history_created_by`,`history_created_date`,`history_created_IP`,`history_modified_by`,`history_modified_date`,`history_modified_IP`) VALUES (2073266473,0,0,0,1,0,'global','Later &gt;',742378424,0,1,'2017-11-11 20:47:05','127.0.0.1',1,'2017-11-11 20:48:29','127.0.0.1');
INSERT INTO `report_filter`          (`ID`,`archive`,`archiveID`,`deleted`,`systemID`,`destinationID`,`destinationType`,`label`,`reportID`,`seq`,`history_created_by`,`history_created_date`,`history_created_IP`,`history_modified_by`,`history_modified_date`,`history_modified_IP`) VALUES (2101367751,0,0,0,1,0,'global','[ICON]17 17 7024 Contains Podcasts - No[/ICON]',742378424,7,1,'2010-08-18 15:40:33','127.0.0.1',1,'2012-08-03 03:16:08','127.0.0.1');
INSERT INTO `report_filter_criteria` (`ID`,`archive`,`archiveID`,`deleted`,`systemID`,`filterID`,`filter_criterion`,`filter_matchmodeID`,`filter_seq`,`filter_value`,`history_created_by`,`history_created_date`,`history_created_IP`,`history_modified_by`,`history_modified_date`,`history_modified_IP`) VALUES (12497489,0,0,0,1,1243081846,'1229069591','11',1,'THIS_WEEK',1,'2012-08-03 11:36:16','127.0.0.1',0,'0000-00-00 00:00:00','');
INSERT INTO `report_filter_criteria` (`ID`,`archive`,`archiveID`,`deleted`,`systemID`,`filterID`,`filter_criterion`,`filter_matchmodeID`,`filter_seq`,`filter_value`,`history_created_by`,`history_created_date`,`history_created_IP`,`history_modified_by`,`history_modified_date`,`history_modified_IP`) VALUES (75672322,0,0,0,1,710812041,'1396000403','3',1,'2013',1,'2012-08-03 09:51:15','127.0.0.1',0,'0000-00-00 00:00:00','');
INSERT INTO `report_filter_criteria` (`ID`,`archive`,`archiveID`,`deleted`,`systemID`,`filterID`,`filter_criterion`,`filter_matchmodeID`,`filter_seq`,`filter_value`,`history_created_by`,`history_created_date`,`history_created_IP`,`history_modified_by`,`history_modified_date`,`history_modified_IP`) VALUES (146463918,0,0,0,1,559181224,'1117334433','1',1,'0',1,'2012-08-03 11:37:01','127.0.0.1',0,'0000-00-00 00:00:00','');
INSERT INTO `report_filter_criteria` (`ID`,`archive`,`archiveID`,`deleted`,`systemID`,`filterID`,`filter_criterion`,`filter_matchmodeID`,`filter_seq`,`filter_value`,`history_created_by`,`history_created_date`,`history_created_IP`,`history_modified_by`,`history_modified_date`,`history_modified_IP`) VALUES (447588141,0,0,0,1,415510325,'1396000403','3',1,'2011',1,'2012-08-03 09:50:54','127.0.0.1',0,'0000-00-00 00:00:00','');
INSERT INTO `report_filter_criteria` (`ID`,`archive`,`archiveID`,`deleted`,`systemID`,`filterID`,`filter_criterion`,`filter_matchmodeID`,`filter_seq`,`filter_value`,`history_created_by`,`history_created_date`,`history_created_IP`,`history_modified_by`,`history_modified_date`,`history_modified_IP`) VALUES (509604905,0,0,0,1,2101367751,'1347280559','1',1,'0',1,'2010-08-18 15:40:33','127.0.0.1',0,'0000-00-00 00:00:00','');
INSERT INTO `report_filter_criteria` (`ID`,`archive`,`archiveID`,`deleted`,`systemID`,`filterID`,`filter_criterion`,`filter_matchmodeID`,`filter_seq`,`filter_value`,`history_created_by`,`history_created_date`,`history_created_IP`,`history_modified_by`,`history_modified_date`,`history_modified_IP`) VALUES (528145470,0,0,0,1,2006792553,'1396000403','3',1,'2016',1,'2017-11-11 20:47:34','127.0.0.1',0,'0000-00-00 00:00:00','');
INSERT INTO `report_filter_criteria` (`ID`,`archive`,`archiveID`,`deleted`,`systemID`,`filterID`,`filter_criterion`,`filter_matchmodeID`,`filter_seq`,`filter_value`,`history_created_by`,`history_created_date`,`history_created_IP`,`history_modified_by`,`history_modified_date`,`history_modified_IP`) VALUES (598746456,0,0,0,1,568467585,'1508842751','1',1,'N',1,'2011-05-13 20:38:49','127.0.0.1',0,'0000-00-00 00:00:00','');
INSERT INTO `report_filter_criteria` (`ID`,`archive`,`archiveID`,`deleted`,`systemID`,`filterID`,`filter_criterion`,`filter_matchmodeID`,`filter_seq`,`filter_value`,`history_created_by`,`history_created_date`,`history_created_IP`,`history_modified_by`,`history_modified_date`,`history_modified_IP`) VALUES (625069783,0,0,0,1,272732328,'1880070736','1',1,'0',1,'2012-08-03 09:58:39','127.0.0.1',0,'0000-00-00 00:00:00','');
INSERT INTO `report_filter_criteria` (`ID`,`archive`,`archiveID`,`deleted`,`systemID`,`filterID`,`filter_criterion`,`filter_matchmodeID`,`filter_seq`,`filter_value`,`history_created_by`,`history_created_date`,`history_created_IP`,`history_modified_by`,`history_modified_date`,`history_modified_IP`) VALUES (632823978,0,0,0,1,330022796,'1396000403','9',1,'2010-01-01',1,'2012-08-03 09:50:31','127.0.0.1',0,'0000-00-00 00:00:00','');
INSERT INTO `report_filter_criteria` (`ID`,`archive`,`archiveID`,`deleted`,`systemID`,`filterID`,`filter_criterion`,`filter_matchmodeID`,`filter_seq`,`filter_value`,`history_created_by`,`history_created_date`,`history_created_IP`,`history_modified_by`,`history_modified_date`,`history_modified_IP`) VALUES (703902534,0,0,0,1,2037364244,'980575205','2',1,'0',1,'2010-08-18 15:39:58','127.0.0.1',0,'0000-00-00 00:00:00','');
INSERT INTO `report_filter_criteria` (`ID`,`archive`,`archiveID`,`deleted`,`systemID`,`filterID`,`filter_criterion`,`filter_matchmodeID`,`filter_seq`,`filter_value`,`history_created_by`,`history_created_date`,`history_created_IP`,`history_modified_by`,`history_modified_date`,`history_modified_IP`) VALUES (744357795,0,0,0,1,385852568,'1396000403','3',1,'2010',1,'2012-08-03 09:50:42','127.0.0.1',0,'0000-00-00 00:00:00','');
INSERT INTO `report_filter_criteria` (`ID`,`archive`,`archiveID`,`deleted`,`systemID`,`filterID`,`filter_criterion`,`filter_matchmodeID`,`filter_seq`,`filter_value`,`history_created_by`,`history_created_date`,`history_created_IP`,`history_modified_by`,`history_modified_date`,`history_modified_IP`) VALUES (804528903,0,0,0,1,1619738239,'1396000403','3',1,'2015',1,'2017-11-11 20:47:28','127.0.0.1',0,'0000-00-00 00:00:00','');
INSERT INTO `report_filter_criteria` (`ID`,`archive`,`archiveID`,`deleted`,`systemID`,`filterID`,`filter_criterion`,`filter_matchmodeID`,`filter_seq`,`filter_value`,`history_created_by`,`history_created_date`,`history_created_IP`,`history_modified_by`,`history_modified_date`,`history_modified_IP`) VALUES (815267668,0,0,0,1,1666538651,'2111029352','1',1,'0',1,'2017-11-11 20:48:52','127.0.0.1',0,'0000-00-00 00:00:00','');
INSERT INTO `report_filter_criteria` (`ID`,`archive`,`archiveID`,`deleted`,`systemID`,`filterID`,`filter_criterion`,`filter_matchmodeID`,`filter_seq`,`filter_value`,`history_created_by`,`history_created_date`,`history_created_IP`,`history_modified_by`,`history_modified_date`,`history_modified_IP`) VALUES (837374925,0,0,0,1,755439597,'1396000403','3',1,'2017',1,'2017-11-11 20:47:40','127.0.0.1',0,'0000-00-00 00:00:00','');
INSERT INTO `report_filter_criteria` (`ID`,`archive`,`archiveID`,`deleted`,`systemID`,`filterID`,`filter_criterion`,`filter_matchmodeID`,`filter_seq`,`filter_value`,`history_created_by`,`history_created_date`,`history_created_IP`,`history_modified_by`,`history_modified_date`,`history_modified_IP`) VALUES (844516096,0,0,0,1,1747115348,'1117334433','1',1,'1',1,'2012-08-03 11:36:51','127.0.0.1',0,'0000-00-00 00:00:00','');
INSERT INTO `report_filter_criteria` (`ID`,`archive`,`archiveID`,`deleted`,`systemID`,`filterID`,`filter_criterion`,`filter_matchmodeID`,`filter_seq`,`filter_value`,`history_created_by`,`history_created_date`,`history_created_IP`,`history_modified_by`,`history_modified_date`,`history_modified_IP`) VALUES (918532573,0,0,0,1,1643967070,'1396000403','3',1,'2018',1,'2017-11-11 20:47:54','127.0.0.1',0,'0000-00-00 00:00:00','');
INSERT INTO `report_filter_criteria` (`ID`,`archive`,`archiveID`,`deleted`,`systemID`,`filterID`,`filter_criterion`,`filter_matchmodeID`,`filter_seq`,`filter_value`,`history_created_by`,`history_created_date`,`history_created_IP`,`history_modified_by`,`history_modified_date`,`history_modified_IP`) VALUES (922914017,0,0,0,1,1099644248,'','',1,'',1,'2010-08-17 18:28:03','127.0.0.1',0,'0000-00-00 00:00:00','');
INSERT INTO `report_filter_criteria` (`ID`,`archive`,`archiveID`,`deleted`,`systemID`,`filterID`,`filter_criterion`,`filter_matchmodeID`,`filter_seq`,`filter_value`,`history_created_by`,`history_created_date`,`history_created_IP`,`history_modified_by`,`history_modified_date`,`history_modified_IP`) VALUES (933391146,0,0,0,1,1825165141,'201655466','11',1,'THIS_WEEK',1,'2012-08-03 11:36:27','127.0.0.1',0,'0000-00-00 00:00:00','');
INSERT INTO `report_filter_criteria` (`ID`,`archive`,`archiveID`,`deleted`,`systemID`,`filterID`,`filter_criterion`,`filter_matchmodeID`,`filter_seq`,`filter_value`,`history_created_by`,`history_created_date`,`history_created_IP`,`history_modified_by`,`history_modified_date`,`history_modified_IP`) VALUES (1085434010,0,0,0,1,1351613743,'540280189','2',1,'',1,'2011-05-13 20:38:05','127.0.0.1',0,'0000-00-00 00:00:00','');
INSERT INTO `report_filter_criteria` (`ID`,`archive`,`archiveID`,`deleted`,`systemID`,`filterID`,`filter_criterion`,`filter_matchmodeID`,`filter_seq`,`filter_value`,`history_created_by`,`history_created_date`,`history_created_IP`,`history_modified_by`,`history_modified_date`,`history_modified_IP`) VALUES (1223426009,0,0,0,1,409960452,'368339679','1',1,'',1,'2012-08-03 10:00:20','127.0.0.1',0,'0000-00-00 00:00:00','');
INSERT INTO `report_filter_criteria` (`ID`,`archive`,`archiveID`,`deleted`,`systemID`,`filterID`,`filter_criterion`,`filter_matchmodeID`,`filter_seq`,`filter_value`,`history_created_by`,`history_created_date`,`history_created_IP`,`history_modified_by`,`history_modified_date`,`history_modified_IP`) VALUES (1352538383,0,0,0,1,843312237,'1396000403','3',1,'2012',1,'2012-08-03 09:51:07','127.0.0.1',0,'0000-00-00 00:00:00','');
INSERT INTO `report_filter_criteria` (`ID`,`archive`,`archiveID`,`deleted`,`systemID`,`filterID`,`filter_criterion`,`filter_matchmodeID`,`filter_seq`,`filter_value`,`history_created_by`,`history_created_date`,`history_created_IP`,`history_modified_by`,`history_modified_date`,`history_modified_IP`) VALUES (1353009091,0,0,0,1,91941193,'1396000403','3',1,'2014',1,'2017-11-11 20:47:21','127.0.0.1',0,'0000-00-00 00:00:00','');
INSERT INTO `report_filter_criteria` (`ID`,`archive`,`archiveID`,`deleted`,`systemID`,`filterID`,`filter_criterion`,`filter_matchmodeID`,`filter_seq`,`filter_value`,`history_created_by`,`history_created_date`,`history_created_IP`,`history_modified_by`,`history_modified_date`,`history_modified_IP`) VALUES (1371936875,0,0,0,1,2063193845,'2111029352','1',1,'1',1,'2017-11-11 20:48:43','127.0.0.1',0,'0000-00-00 00:00:00','');
INSERT INTO `report_filter_criteria` (`ID`,`archive`,`archiveID`,`deleted`,`systemID`,`filterID`,`filter_criterion`,`filter_matchmodeID`,`filter_seq`,`filter_value`,`history_created_by`,`history_created_date`,`history_created_IP`,`history_modified_by`,`history_modified_date`,`history_modified_IP`) VALUES (1458455282,0,0,0,1,1560927070,'1347280559','2',1,'0',1,'2010-08-18 15:40:47','127.0.0.1',0,'0000-00-00 00:00:00','');
INSERT INTO `report_filter_criteria` (`ID`,`archive`,`archiveID`,`deleted`,`systemID`,`filterID`,`filter_criterion`,`filter_matchmodeID`,`filter_seq`,`filter_value`,`history_created_by`,`history_created_date`,`history_created_IP`,`history_modified_by`,`history_modified_date`,`history_modified_IP`) VALUES (1463282828,0,0,0,1,2073266473,'1396000403','8',1,'2018-12-31',1,'2017-11-11 20:47:05','127.0.0.1',0,'0000-00-00 00:00:00','');
INSERT INTO `report_filter_criteria` (`ID`,`archive`,`archiveID`,`deleted`,`systemID`,`filterID`,`filter_criterion`,`filter_matchmodeID`,`filter_seq`,`filter_value`,`history_created_by`,`history_created_date`,`history_created_IP`,`history_modified_by`,`history_modified_date`,`history_modified_IP`) VALUES (1510366576,0,0,0,1,867516149,'1880070736','8',1,'0',1,'2012-08-03 09:58:29','127.0.0.1',0,'0000-00-00 00:00:00','');
INSERT INTO `report_filter_criteria` (`ID`,`archive`,`archiveID`,`deleted`,`systemID`,`filterID`,`filter_criterion`,`filter_matchmodeID`,`filter_seq`,`filter_value`,`history_created_by`,`history_created_date`,`history_created_IP`,`history_modified_by`,`history_modified_date`,`history_modified_IP`) VALUES (1653683349,0,0,0,1,1814206752,'1229069591','11',1,'TODAY',1,'2010-08-17 18:28:20','127.0.0.1',0,'0000-00-00 00:00:00','');
INSERT INTO `report_filter_criteria` (`ID`,`archive`,`archiveID`,`deleted`,`systemID`,`filterID`,`filter_criterion`,`filter_matchmodeID`,`filter_seq`,`filter_value`,`history_created_by`,`history_created_date`,`history_created_IP`,`history_modified_by`,`history_modified_date`,`history_modified_IP`) VALUES (1662026246,0,0,0,1,1030437170,'201655466','11',1,'TODAY',1,'2010-08-17 18:28:30','127.0.0.1',0,'0000-00-00 00:00:00','');
INSERT INTO `report_filter_criteria` (`ID`,`archive`,`archiveID`,`deleted`,`systemID`,`filterID`,`filter_criterion`,`filter_matchmodeID`,`filter_seq`,`filter_value`,`history_created_by`,`history_created_date`,`history_created_IP`,`history_modified_by`,`history_modified_date`,`history_modified_IP`) VALUES (1684382688,0,0,0,1,807128949,'368339679','2',1,'',1,'2012-08-03 10:00:03','127.0.0.1',0,'0000-00-00 00:00:00','');
INSERT INTO `report_filter_criteria` (`ID`,`archive`,`archiveID`,`deleted`,`systemID`,`filterID`,`filter_criterion`,`filter_matchmodeID`,`filter_seq`,`filter_value`,`history_created_by`,`history_created_date`,`history_created_IP`,`history_modified_by`,`history_modified_date`,`history_modified_IP`) VALUES (1744057629,0,0,0,1,761765913,'540280189','1',1,'',1,'2010-08-18 17:48:17','127.0.0.1',0,'0000-00-00 00:00:00','');
INSERT INTO `report_filter_criteria` (`ID`,`archive`,`archiveID`,`deleted`,`systemID`,`filterID`,`filter_criterion`,`filter_matchmodeID`,`filter_seq`,`filter_value`,`history_created_by`,`history_created_date`,`history_created_IP`,`history_modified_by`,`history_modified_date`,`history_modified_IP`) VALUES (1884523265,0,0,0,1,172605307,'980575205','1',1,'0',1,'2010-08-18 15:39:23','127.0.0.1',0,'0000-00-00 00:00:00','');
INSERT INTO `report_filter_criteria` (`ID`,`archive`,`archiveID`,`deleted`,`systemID`,`filterID`,`filter_criterion`,`filter_matchmodeID`,`filter_seq`,`filter_value`,`history_created_by`,`history_created_date`,`history_created_IP`,`history_modified_by`,`history_modified_date`,`history_modified_IP`) VALUES (2043615249,0,0,0,1,544287159,'1508842751','1',1,'Y',1,'2011-05-13 20:38:40','127.0.0.1',0,'0000-00-00 00:00:00','');
INSERT INTO `report_settings`        (`ID`,`archive`,`archiveID`,`deleted`,`systemID`,`destinationID`,`destinationType`,`reportID`,`report_columns_csv`,`report_filters_csv`,`history_created_by`,`history_created_date`,`history_created_IP`,`history_modified_by`,`history_modified_date`,`history_modified_IP`) VALUES (22417534,0,0,0,1,0,'global',742378424,'','1099644248,1814206752,1243081846,1030437170,1825165141,2063193845,1666538651,1747115348,559181224,867516149,272732328,544287159,568467585,807128949,409960452,761765913,1351613743,1560927070,2101367751,2037364244,172605307,330022796,385852568,415510325,843312237,710812041,91941193,1619738239,2006792553,755439597,1643967070,2073266473',1,'2010-09-24 16:30:00','127.0.0.1',1,'2017-11-11 20:49:10','127.0.0.1');

# 13) For 'podcast-albums-for-podcast-album':  Added filter presets for 'Enabled' and 'Disabled'
#                                              Added operations 'with selected - enable' and 'with selected - disable'
DELETE FROM `report_columns`         WHERE `ID` IN (1758625388,1528934641);
INSERT INTO `report_columns`         (`ID`,`archive`,`archiveID`,`deleted`,`systemID`,`reportID`,`group_assign_csv`,`seq`,`tab`,`defaultValue`,`fieldType`,`formField`,`formFieldHeight`,`formFieldSpecial`,`formFieldTooltip`,`formFieldUnique`,`formFieldWidth`,`formLabel`,`formSelectorSQLMaster`,`formSelectorSQLMember`,`permCOMMUNITYADMIN`,`permGROUPVIEWER`,`permGROUPEDITOR`,`permMASTERADMIN`,`permPUBLIC`,`permSYSADMIN`,`permSYSAPPROVER`,`permSYSEDITOR`,`permSYSLOGON`,`permSYSMEMBER`,`permUSERADMIN`,`reportField`,`reportFieldSpecial`,`reportFilter`,`reportFilterLabel`,`reportLabel`,`reportSortBy_AZ`,`reportSortBy_a`,`reportSortBy_d`,`required_feature`,`required_feature_invert`,`history_created_by`,`history_created_date`,`history_created_IP`,`history_modified_by`,`history_modified_date`,`history_modified_IP`) VALUES (1528934641,0,0,0,1,1271328360,'',0,'0.','','selected_set_as_enabled','',0,'','',0,0,'','','',0,0,0,2,0,2,0,0,0,0,0,'','','','','',0,'','','',0,1,'2017-11-11 18:26:21','127.0.0.1',1,'2017-11-11 18:26:35','127.0.0.1');
INSERT INTO `report_columns`         (`ID`,`archive`,`archiveID`,`deleted`,`systemID`,`reportID`,`group_assign_csv`,`seq`,`tab`,`defaultValue`,`fieldType`,`formField`,`formFieldHeight`,`formFieldSpecial`,`formFieldTooltip`,`formFieldUnique`,`formFieldWidth`,`formLabel`,`formSelectorSQLMaster`,`formSelectorSQLMember`,`permCOMMUNITYADMIN`,`permGROUPVIEWER`,`permGROUPEDITOR`,`permMASTERADMIN`,`permPUBLIC`,`permSYSADMIN`,`permSYSAPPROVER`,`permSYSEDITOR`,`permSYSLOGON`,`permSYSMEMBER`,`permUSERADMIN`,`reportField`,`reportFieldSpecial`,`reportFilter`,`reportFilterLabel`,`reportLabel`,`reportSortBy_AZ`,`reportSortBy_a`,`reportSortBy_d`,`required_feature`,`required_feature_invert`,`history_created_by`,`history_created_date`,`history_created_IP`,`history_modified_by`,`history_modified_date`,`history_modified_IP`) VALUES (1758625388,0,0,0,1,1271328360,'',0,'0.','','selected_set_as_disabled','',0,'','',0,0,'','','',0,0,0,2,0,2,0,0,0,0,0,'','','','','',0,'','','',0,1,'2017-11-11 18:26:18','127.0.0.1',1,'2017-11-11 18:26:35','127.0.0.1');

DELETE FROM `report_filter_criteria` WHERE `filterID` IN (SELECT `ID` FROM `report_filter`  WHERE `reportID` IN (1271328360) AND (`destinationType`='global'));
DELETE FROM `report_filter`          WHERE `reportID` IN (1271328360) AND (`destinationType`='global');
DELETE FROM `report_settings`        WHERE `reportID` IN (1271328360) AND (`destinationType`='global');

INSERT INTO `report_filter`          (`ID`,`archive`,`archiveID`,`deleted`,`systemID`,`destinationID`,`destinationType`,`label`,`reportID`,`seq`,`history_created_by`,`history_created_date`,`history_created_IP`,`history_modified_by`,`history_modified_date`,`history_modified_IP`) VALUES (184534702,0,0,0,1,0,'global','[ICON]16 16 8316 Enabled[/ICON]',1271328360,0,1,'2017-11-11 20:51:15','127.0.0.1',1,'2017-11-11 20:51:29','127.0.0.1');
INSERT INTO `report_filter`          (`ID`,`archive`,`archiveID`,`deleted`,`systemID`,`destinationID`,`destinationType`,`label`,`reportID`,`seq`,`history_created_by`,`history_created_date`,`history_created_IP`,`history_modified_by`,`history_modified_date`,`history_modified_IP`) VALUES (254592132,0,0,0,1,0,'global','[ICON]19 19 6370 Has been Published to Groups - Yes[/ICON]',1271328360,0,1,'2012-11-07 09:39:07','127.0.0.1',1,'2012-11-07 09:39:24','127.0.0.1');
INSERT INTO `report_filter`          (`ID`,`archive`,`archiveID`,`deleted`,`systemID`,`destinationID`,`destinationType`,`label`,`reportID`,`seq`,`history_created_by`,`history_created_date`,`history_created_IP`,`history_modified_by`,`history_modified_date`,`history_modified_IP`) VALUES (568735883,0,0,0,1,0,'global','[ICON]13 13 6598 Marked as Important - Yes[/ICON]',1271328360,0,1,'2011-08-09 10:19:19','71.40.161.82',1,'2012-11-07 09:36:45','127.0.0.1');
INSERT INTO `report_filter`          (`ID`,`archive`,`archiveID`,`deleted`,`systemID`,`destinationID`,`destinationType`,`label`,`reportID`,`seq`,`history_created_by`,`history_created_date`,`history_created_IP`,`history_modified_by`,`history_modified_date`,`history_modified_IP`) VALUES (680967099,0,0,0,1,0,'global','[ICON]13 13 6611 Marked as Important - No[/ICON]',1271328360,0,1,'2011-08-09 10:19:34','71.40.161.82',1,'2012-11-07 09:36:55','127.0.0.1');
INSERT INTO `report_filter`          (`ID`,`archive`,`archiveID`,`deleted`,`systemID`,`destinationID`,`destinationType`,`label`,`reportID`,`seq`,`history_created_by`,`history_created_date`,`history_created_IP`,`history_modified_by`,`history_modified_date`,`history_modified_IP`) VALUES (926080982,0,0,0,1,0,'global','[ICON]17 17 6768 Modified Today[/ICON]',1271328360,0,1,'2011-08-09 10:05:04','71.40.161.82',1,'2011-08-09 10:05:21','71.40.161.82');
INSERT INTO `report_filter`          (`ID`,`archive`,`archiveID`,`deleted`,`systemID`,`destinationID`,`destinationType`,`label`,`reportID`,`seq`,`history_created_by`,`history_created_date`,`history_created_IP`,`history_modified_by`,`history_modified_date`,`history_modified_IP`) VALUES (1232259336,0,0,0,1,0,'global','[ICON]20 20 6987 Contains other Podcast Albums - No[/ICON]',1271328360,0,1,'2011-08-09 10:21:00','71.40.161.82',1,'2012-11-07 09:36:22','127.0.0.1');
INSERT INTO `report_filter`          (`ID`,`archive`,`archiveID`,`deleted`,`systemID`,`destinationID`,`destinationType`,`label`,`reportID`,`seq`,`history_created_by`,`history_created_date`,`history_created_IP`,`history_modified_by`,`history_modified_date`,`history_modified_IP`) VALUES (1375608063,0,0,0,1,0,'global','[ICON]19 19 6389 Has been Published to Groups - No[/ICON]',1271328360,0,1,'2012-11-07 09:39:20','127.0.0.1',1,'2012-11-07 09:39:27','127.0.0.1');
INSERT INTO `report_filter`          (`ID`,`archive`,`archiveID`,`deleted`,`systemID`,`destinationID`,`destinationType`,`label`,`reportID`,`seq`,`history_created_by`,`history_created_date`,`history_created_IP`,`history_modified_by`,`history_modified_date`,`history_modified_IP`) VALUES (1419612256,0,0,0,1,0,'global','[ICON]17 17 7007 Contains Podcasts - Yes[/ICON]',1271328360,0,1,'2011-08-09 10:32:12','71.40.161.82',1,'2012-11-07 09:35:28','127.0.0.1');
INSERT INTO `report_filter`          (`ID`,`archive`,`archiveID`,`deleted`,`systemID`,`destinationID`,`destinationType`,`label`,`reportID`,`seq`,`history_created_by`,`history_created_date`,`history_created_IP`,`history_modified_by`,`history_modified_date`,`history_modified_IP`) VALUES (1485391447,0,0,0,1,0,'global','[ICON]11 11 6587 Has Categories - No[/ICON]',1271328360,0,1,'2012-11-07 09:39:53','127.0.0.1',1,'2012-11-07 09:40:44','127.0.0.1');
INSERT INTO `report_filter`          (`ID`,`archive`,`archiveID`,`deleted`,`systemID`,`destinationID`,`destinationType`,`label`,`reportID`,`seq`,`history_created_by`,`history_created_date`,`history_created_IP`,`history_modified_by`,`history_modified_date`,`history_modified_IP`) VALUES (1528233289,0,0,0,1,0,'global','[ICON]21 21 7338 Created This Week[/ICON]',1271328360,0,1,'2012-11-07 09:37:26','127.0.0.1',1,'2012-11-07 09:37:30','127.0.0.1');
INSERT INTO `report_filter`          (`ID`,`archive`,`archiveID`,`deleted`,`systemID`,`destinationID`,`destinationType`,`label`,`reportID`,`seq`,`history_created_by`,`history_created_date`,`history_created_IP`,`history_modified_by`,`history_modified_date`,`history_modified_IP`) VALUES (1529229579,0,0,0,1,0,'global','[ICON]14 14 6912 (All Records - Unfiltered View)[/ICON](All)',1271328360,0,1,'2011-08-09 10:04:17','71.40.161.82',1,'2011-08-09 10:05:12','71.40.161.82');
INSERT INTO `report_filter`          (`ID`,`archive`,`archiveID`,`deleted`,`systemID`,`destinationID`,`destinationType`,`label`,`reportID`,`seq`,`history_created_by`,`history_created_date`,`history_created_IP`,`history_modified_by`,`history_modified_date`,`history_modified_IP`) VALUES (1544957286,0,0,0,1,0,'global','[ICON]21 21 7527 Has been Published to Public - No[/ICON]',1271328360,0,1,'2012-11-07 09:38:32','127.0.0.1',1,'2012-11-07 09:38:40','127.0.0.1');
INSERT INTO `report_filter`          (`ID`,`archive`,`archiveID`,`deleted`,`systemID`,`destinationID`,`destinationType`,`label`,`reportID`,`seq`,`history_created_by`,`history_created_date`,`history_created_IP`,`history_modified_by`,`history_modified_date`,`history_modified_IP`) VALUES (1592326069,0,0,0,1,0,'global','[ICON]17 17 7024 Contains Podcasts - No[/ICON]',1271328360,0,1,'2011-08-09 10:32:26','71.40.161.82',1,'2012-11-07 09:35:53','127.0.0.1');
INSERT INTO `report_filter`          (`ID`,`archive`,`archiveID`,`deleted`,`systemID`,`destinationID`,`destinationType`,`label`,`reportID`,`seq`,`history_created_by`,`history_created_date`,`history_created_IP`,`history_modified_by`,`history_modified_date`,`history_modified_IP`) VALUES (1804440642,0,0,0,1,0,'global','[ICON]17 17 6751 Created Today[/ICON]',1271328360,0,1,'2011-08-09 10:04:45','71.40.161.82',1,'2011-08-09 10:05:16','71.40.161.82');
INSERT INTO `report_filter`          (`ID`,`archive`,`archiveID`,`deleted`,`systemID`,`destinationID`,`destinationType`,`label`,`reportID`,`seq`,`history_created_by`,`history_created_date`,`history_created_IP`,`history_modified_by`,`history_modified_date`,`history_modified_IP`) VALUES (1843247441,0,0,0,1,0,'global','[ICON]20 20 6967 Contains other Podcast Albums - Yes[/ICON]',1271328360,0,1,'2011-08-09 10:20:49','71.40.161.82',1,'2012-11-07 09:36:08','127.0.0.1');
INSERT INTO `report_filter`          (`ID`,`archive`,`archiveID`,`deleted`,`systemID`,`destinationID`,`destinationType`,`label`,`reportID`,`seq`,`history_created_by`,`history_created_date`,`history_created_IP`,`history_modified_by`,`history_modified_date`,`history_modified_IP`) VALUES (1922882737,0,0,0,1,0,'global','[ICON]21 21 7359 Modified This Week[/ICON]',1271328360,0,1,'2012-11-07 09:37:46','127.0.0.1',1,'2012-11-07 09:37:50','127.0.0.1');
INSERT INTO `report_filter`          (`ID`,`archive`,`archiveID`,`deleted`,`systemID`,`destinationID`,`destinationType`,`label`,`reportID`,`seq`,`history_created_by`,`history_created_date`,`history_created_IP`,`history_modified_by`,`history_modified_date`,`history_modified_IP`) VALUES (1979015744,0,0,0,1,0,'global','[ICON]11 11 6576 Has Categories - Yes[/ICON]',1271328360,0,1,'2012-11-07 09:40:37','127.0.0.1',1,'2012-11-07 09:40:41','127.0.0.1');
INSERT INTO `report_filter`          (`ID`,`archive`,`archiveID`,`deleted`,`systemID`,`destinationID`,`destinationType`,`label`,`reportID`,`seq`,`history_created_by`,`history_created_date`,`history_created_IP`,`history_modified_by`,`history_modified_date`,`history_modified_IP`) VALUES (2077672931,0,0,0,1,0,'global','[ICON]21 21 7506 Has been Published to Public - Yes[/ICON]',1271328360,0,1,'2012-11-07 09:38:19','127.0.0.1',1,'2012-11-07 09:38:36','127.0.0.1');
INSERT INTO `report_filter`          (`ID`,`archive`,`archiveID`,`deleted`,`systemID`,`destinationID`,`destinationType`,`label`,`reportID`,`seq`,`history_created_by`,`history_created_date`,`history_created_IP`,`history_modified_by`,`history_modified_date`,`history_modified_IP`) VALUES (2127384764,0,0,0,1,0,'global','[ICON]16 16 8332 Disabled[/ICON]',1271328360,0,1,'2017-11-11 20:51:26','127.0.0.1',1,'2017-11-11 20:51:33','127.0.0.1');
INSERT INTO `report_filter_criteria` (`ID`,`archive`,`archiveID`,`deleted`,`systemID`,`filterID`,`filter_criterion`,`filter_matchmodeID`,`filter_seq`,`filter_value`,`history_created_by`,`history_created_date`,`history_created_IP`,`history_modified_by`,`history_modified_date`,`history_modified_IP`) VALUES (229711753,0,0,0,1,1804440642,'854604671','11',1,'TODAY',1,'2011-08-09 10:04:45','71.40.161.82',0,'0000-00-00 00:00:00','');
INSERT INTO `report_filter_criteria` (`ID`,`archive`,`archiveID`,`deleted`,`systemID`,`filterID`,`filter_criterion`,`filter_matchmodeID`,`filter_seq`,`filter_value`,`history_created_by`,`history_created_date`,`history_created_IP`,`history_modified_by`,`history_modified_date`,`history_modified_IP`) VALUES (511097402,0,0,0,1,1529229579,'','',1,'',1,'2011-08-09 10:04:17','71.40.161.82',0,'0000-00-00 00:00:00','');
INSERT INTO `report_filter_criteria` (`ID`,`archive`,`archiveID`,`deleted`,`systemID`,`filterID`,`filter_criterion`,`filter_matchmodeID`,`filter_seq`,`filter_value`,`history_created_by`,`history_created_date`,`history_created_IP`,`history_modified_by`,`history_modified_date`,`history_modified_IP`) VALUES (544035400,0,0,0,1,1419612256,'1987146160','8',1,'0',1,'2011-08-09 10:32:12','71.40.161.82',0,'0000-00-00 00:00:00','');
INSERT INTO `report_filter_criteria` (`ID`,`archive`,`archiveID`,`deleted`,`systemID`,`filterID`,`filter_criterion`,`filter_matchmodeID`,`filter_seq`,`filter_value`,`history_created_by`,`history_created_date`,`history_created_IP`,`history_modified_by`,`history_modified_date`,`history_modified_IP`) VALUES (646540220,0,0,0,1,1544957286,'1690904619','1',1,'0',1,'2012-11-07 09:38:32','127.0.0.1',0,'0000-00-00 00:00:00','');
INSERT INTO `report_filter_criteria` (`ID`,`archive`,`archiveID`,`deleted`,`systemID`,`filterID`,`filter_criterion`,`filter_matchmodeID`,`filter_seq`,`filter_value`,`history_created_by`,`history_created_date`,`history_created_IP`,`history_modified_by`,`history_modified_date`,`history_modified_IP`) VALUES (1024159543,0,0,0,1,926080982,'2064632004','11',1,'TODAY',1,'2011-08-09 10:05:04','71.40.161.82',0,'0000-00-00 00:00:00','');
INSERT INTO `report_filter_criteria` (`ID`,`archive`,`archiveID`,`deleted`,`systemID`,`filterID`,`filter_criterion`,`filter_matchmodeID`,`filter_seq`,`filter_value`,`history_created_by`,`history_created_date`,`history_created_IP`,`history_modified_by`,`history_modified_date`,`history_modified_IP`) VALUES (1199183068,0,0,0,1,184534702,'1285208291','1',1,'1',1,'2017-11-11 20:51:15','127.0.0.1',0,'0000-00-00 00:00:00','');
INSERT INTO `report_filter_criteria` (`ID`,`archive`,`archiveID`,`deleted`,`systemID`,`filterID`,`filter_criterion`,`filter_matchmodeID`,`filter_seq`,`filter_value`,`history_created_by`,`history_created_date`,`history_created_IP`,`history_modified_by`,`history_modified_date`,`history_modified_IP`) VALUES (1330509383,0,0,0,1,1485391447,'752618734','1',1,'',1,'2012-11-07 09:39:53','127.0.0.1',0,'0000-00-00 00:00:00','');
INSERT INTO `report_filter_criteria` (`ID`,`archive`,`archiveID`,`deleted`,`systemID`,`filterID`,`filter_criterion`,`filter_matchmodeID`,`filter_seq`,`filter_value`,`history_created_by`,`history_created_date`,`history_created_IP`,`history_modified_by`,`history_modified_date`,`history_modified_IP`) VALUES (1332824253,0,0,0,1,1592326069,'1987146160','1',1,'0',1,'2011-08-09 10:32:26','71.40.161.82',0,'0000-00-00 00:00:00','');
INSERT INTO `report_filter_criteria` (`ID`,`archive`,`archiveID`,`deleted`,`systemID`,`filterID`,`filter_criterion`,`filter_matchmodeID`,`filter_seq`,`filter_value`,`history_created_by`,`history_created_date`,`history_created_IP`,`history_modified_by`,`history_modified_date`,`history_modified_IP`) VALUES (1409602939,0,0,0,1,1375608063,'964050501','1',1,'0',1,'2012-11-07 09:39:20','127.0.0.1',0,'0000-00-00 00:00:00','');
INSERT INTO `report_filter_criteria` (`ID`,`archive`,`archiveID`,`deleted`,`systemID`,`filterID`,`filter_criterion`,`filter_matchmodeID`,`filter_seq`,`filter_value`,`history_created_by`,`history_created_date`,`history_created_IP`,`history_modified_by`,`history_modified_date`,`history_modified_IP`) VALUES (1577257808,0,0,0,1,1922882737,'2064632004','11',1,'THIS_WEEK',1,'2012-11-07 09:37:46','127.0.0.1',0,'0000-00-00 00:00:00','');
INSERT INTO `report_filter_criteria` (`ID`,`archive`,`archiveID`,`deleted`,`systemID`,`filterID`,`filter_criterion`,`filter_matchmodeID`,`filter_seq`,`filter_value`,`history_created_by`,`history_created_date`,`history_created_IP`,`history_modified_by`,`history_modified_date`,`history_modified_IP`) VALUES (1625980083,0,0,0,1,2127384764,'1285208291','1',1,'0',1,'2017-11-11 20:51:26','127.0.0.1',0,'0000-00-00 00:00:00','');
INSERT INTO `report_filter_criteria` (`ID`,`archive`,`archiveID`,`deleted`,`systemID`,`filterID`,`filter_criterion`,`filter_matchmodeID`,`filter_seq`,`filter_value`,`history_created_by`,`history_created_date`,`history_created_IP`,`history_modified_by`,`history_modified_date`,`history_modified_IP`) VALUES (1677814698,0,0,0,1,1528233289,'854604671','11',1,'THIS_WEEK',1,'2012-11-07 09:37:26','127.0.0.1',0,'0000-00-00 00:00:00','');
INSERT INTO `report_filter_criteria` (`ID`,`archive`,`archiveID`,`deleted`,`systemID`,`filterID`,`filter_criterion`,`filter_matchmodeID`,`filter_seq`,`filter_value`,`history_created_by`,`history_created_date`,`history_created_IP`,`history_modified_by`,`history_modified_date`,`history_modified_IP`) VALUES (1817587627,0,0,0,1,1843247441,'677809719','8',1,'0',1,'2011-08-09 10:20:49','71.40.161.82',0,'0000-00-00 00:00:00','');
INSERT INTO `report_filter_criteria` (`ID`,`archive`,`archiveID`,`deleted`,`systemID`,`filterID`,`filter_criterion`,`filter_matchmodeID`,`filter_seq`,`filter_value`,`history_created_by`,`history_created_date`,`history_created_IP`,`history_modified_by`,`history_modified_date`,`history_modified_IP`) VALUES (1831510098,0,0,0,1,1232259336,'677809719','1',1,'0',1,'2011-08-09 10:21:00','71.40.161.82',0,'0000-00-00 00:00:00','');
INSERT INTO `report_filter_criteria` (`ID`,`archive`,`archiveID`,`deleted`,`systemID`,`filterID`,`filter_criterion`,`filter_matchmodeID`,`filter_seq`,`filter_value`,`history_created_by`,`history_created_date`,`history_created_IP`,`history_modified_by`,`history_modified_date`,`history_modified_IP`) VALUES (1949946466,0,0,0,1,1979015744,'752618734','2',1,'',1,'2012-11-07 09:40:37','127.0.0.1',0,'0000-00-00 00:00:00','');
INSERT INTO `report_filter_criteria` (`ID`,`archive`,`archiveID`,`deleted`,`systemID`,`filterID`,`filter_criterion`,`filter_matchmodeID`,`filter_seq`,`filter_value`,`history_created_by`,`history_created_date`,`history_created_IP`,`history_modified_by`,`history_modified_date`,`history_modified_IP`) VALUES (1951709178,0,0,0,1,254592132,'964050501','8',1,'0',1,'2012-11-07 09:39:07','127.0.0.1',0,'0000-00-00 00:00:00','');
INSERT INTO `report_filter_criteria` (`ID`,`archive`,`archiveID`,`deleted`,`systemID`,`filterID`,`filter_criterion`,`filter_matchmodeID`,`filter_seq`,`filter_value`,`history_created_by`,`history_created_date`,`history_created_IP`,`history_modified_by`,`history_modified_date`,`history_modified_IP`) VALUES (2053929347,0,0,0,1,2077672931,'1690904619','1',1,'1',1,'2012-11-07 09:38:19','127.0.0.1',0,'0000-00-00 00:00:00','');
INSERT INTO `report_filter_criteria` (`ID`,`archive`,`archiveID`,`deleted`,`systemID`,`filterID`,`filter_criterion`,`filter_matchmodeID`,`filter_seq`,`filter_value`,`history_created_by`,`history_created_date`,`history_created_IP`,`history_modified_by`,`history_modified_date`,`history_modified_IP`) VALUES (2072585337,0,0,0,1,680967099,'343311656','1',1,'N',1,'2011-08-09 10:19:34','71.40.161.82',0,'0000-00-00 00:00:00','');
INSERT INTO `report_filter_criteria` (`ID`,`archive`,`archiveID`,`deleted`,`systemID`,`filterID`,`filter_criterion`,`filter_matchmodeID`,`filter_seq`,`filter_value`,`history_created_by`,`history_created_date`,`history_created_IP`,`history_modified_by`,`history_modified_date`,`history_modified_IP`) VALUES (2105555257,0,0,0,1,568735883,'343311656','1',1,'Y',1,'2011-08-09 10:19:19','71.40.161.82',0,'0000-00-00 00:00:00','');
INSERT INTO `report_settings`        (`ID`,`archive`,`archiveID`,`deleted`,`systemID`,`destinationID`,`destinationType`,`reportID`,`report_columns_csv`,`report_filters_csv`,`history_created_by`,`history_created_date`,`history_created_IP`,`history_modified_by`,`history_modified_date`,`history_modified_IP`) VALUES (644297906,0,0,0,1,0,'global',1271328360,'','1529229579,1804440642,1528233289,926080982,1922882737,184534702,2127384764,2077672931,1544957286,254592132,1375608063,568735883,680967099,1979015744,1485391447,1419612256,1592326069,1843247441,1232259336',1,'2011-08-09 10:05:12','71.40.161.82',1,'2017-11-11 20:51:38','127.0.0.1');


# 14) For 'podcasts':                          Added filter presets for 'Enabled' and 'Disabled'
#                                              Added operations 'with selected - enable' and 'with selected - disable'
DELETE FROM `report_columns`         WHERE `ID` IN (1894906531,1017178614);
INSERT INTO `report_columns`         (`ID`,`archive`,`archiveID`,`deleted`,`systemID`,`reportID`,`group_assign_csv`,`seq`,`tab`,`defaultValue`,`fieldType`,`formField`,`formFieldHeight`,`formFieldSpecial`,`formFieldTooltip`,`formFieldUnique`,`formFieldWidth`,`formLabel`,`formSelectorSQLMaster`,`formSelectorSQLMember`,`permCOMMUNITYADMIN`,`permGROUPVIEWER`,`permGROUPEDITOR`,`permMASTERADMIN`,`permPUBLIC`,`permSYSADMIN`,`permSYSAPPROVER`,`permSYSEDITOR`,`permSYSLOGON`,`permSYSMEMBER`,`permUSERADMIN`,`reportField`,`reportFieldSpecial`,`reportFilter`,`reportFilterLabel`,`reportLabel`,`reportSortBy_AZ`,`reportSortBy_a`,`reportSortBy_d`,`required_feature`,`required_feature_invert`,`history_created_by`,`history_created_date`,`history_created_IP`,`history_modified_by`,`history_modified_date`,`history_modified_IP`) VALUES (1017178614,0,0,0,1,2116829793,'',0,'0.','','selected_set_as_enabled','',0,'','',0,0,'','','',0,0,0,2,0,2,0,0,0,0,0,'','','','','',0,'','','',0,1,'2017-11-11 18:26:41','127.0.0.1',1,'2017-11-11 18:27:00','127.0.0.1');
INSERT INTO `report_columns`         (`ID`,`archive`,`archiveID`,`deleted`,`systemID`,`reportID`,`group_assign_csv`,`seq`,`tab`,`defaultValue`,`fieldType`,`formField`,`formFieldHeight`,`formFieldSpecial`,`formFieldTooltip`,`formFieldUnique`,`formFieldWidth`,`formLabel`,`formSelectorSQLMaster`,`formSelectorSQLMember`,`permCOMMUNITYADMIN`,`permGROUPVIEWER`,`permGROUPEDITOR`,`permMASTERADMIN`,`permPUBLIC`,`permSYSADMIN`,`permSYSAPPROVER`,`permSYSEDITOR`,`permSYSLOGON`,`permSYSMEMBER`,`permUSERADMIN`,`reportField`,`reportFieldSpecial`,`reportFilter`,`reportFilterLabel`,`reportLabel`,`reportSortBy_AZ`,`reportSortBy_a`,`reportSortBy_d`,`required_feature`,`required_feature_invert`,`history_created_by`,`history_created_date`,`history_created_IP`,`history_modified_by`,`history_modified_date`,`history_modified_IP`) VALUES (1894906531,0,0,0,1,2116829793,'',0,'0.','','selected_set_as_disabled','',0,'','',0,0,'','','',0,0,0,2,0,2,0,0,0,0,0,'','','','','',0,'','','',0,1,'2017-11-11 18:26:39','127.0.0.1',1,'2017-11-11 18:27:00','127.0.0.1');

DELETE FROM `report_filter_criteria` WHERE `filterID` IN (SELECT `ID` FROM `report_filter`  WHERE `reportID` IN (2116829793) AND (`destinationType`='global'));
DELETE FROM `report_filter`          WHERE `reportID` IN (2116829793) AND (`destinationType`='global');
DELETE FROM `report_settings`        WHERE `reportID` IN (2116829793) AND (`destinationType`='global');

INSERT INTO `report_filter`          (`ID`,`archive`,`archiveID`,`deleted`,`systemID`,`destinationID`,`destinationType`,`label`,`reportID`,`seq`,`history_created_by`,`history_created_date`,`history_created_IP`,`history_modified_by`,`history_modified_date`,`history_modified_IP`) VALUES (18358087,0,0,0,1,0,'global','[ICON]11 11 6587 Has Categories - No[/ICON]',2116829793,0,1,'2012-08-03 03:43:07','127.0.0.1',1,'2012-08-03 03:43:11','127.0.0.1');
INSERT INTO `report_filter`          (`ID`,`archive`,`archiveID`,`deleted`,`systemID`,`destinationID`,`destinationType`,`label`,`reportID`,`seq`,`history_created_by`,`history_created_date`,`history_created_IP`,`history_modified_by`,`history_modified_date`,`history_modified_IP`) VALUES (57244002,0,0,0,1,0,'global','[ICON]19 19 6389 Has been Published to Groups - No[/ICON]',2116829793,0,1,'2012-08-03 03:46:00','127.0.0.1',1,'2012-08-03 03:46:06','127.0.0.1');
INSERT INTO `report_filter`          (`ID`,`archive`,`archiveID`,`deleted`,`systemID`,`destinationID`,`destinationType`,`label`,`reportID`,`seq`,`history_created_by`,`history_created_date`,`history_created_IP`,`history_modified_by`,`history_modified_date`,`history_modified_IP`) VALUES (84510116,0,0,0,1,0,'global','[ICON]17 17 6768 Modified Today[/ICON]',2116829793,3,1,'2008-04-26 06:48:46','',1,'2012-08-03 03:42:35','127.0.0.1');
INSERT INTO `report_filter`          (`ID`,`archive`,`archiveID`,`deleted`,`systemID`,`destinationID`,`destinationType`,`label`,`reportID`,`seq`,`history_created_by`,`history_created_date`,`history_created_IP`,`history_modified_by`,`history_modified_date`,`history_modified_IP`) VALUES (93467883,0,0,0,1,0,'global','[ICON]13 13 6598 Marked as Important - Yes[/ICON]',2116829793,0,1,'2012-08-03 03:43:43','127.0.0.1',1,'2012-08-03 03:44:03','127.0.0.1');
INSERT INTO `report_filter`          (`ID`,`archive`,`archiveID`,`deleted`,`systemID`,`destinationID`,`destinationType`,`label`,`reportID`,`seq`,`history_created_by`,`history_created_date`,`history_created_IP`,`history_modified_by`,`history_modified_date`,`history_modified_IP`) VALUES (130881607,0,0,0,1,0,'global','[ICON]16 16 8316 Enabled[/ICON]',2116829793,0,1,'2017-11-11 20:59:15','127.0.0.1',1,'2017-11-11 20:59:36','127.0.0.1');
INSERT INTO `report_filter`          (`ID`,`archive`,`archiveID`,`deleted`,`systemID`,`destinationID`,`destinationType`,`label`,`reportID`,`seq`,`history_created_by`,`history_created_date`,`history_created_IP`,`history_modified_by`,`history_modified_date`,`history_modified_IP`) VALUES (194644724,0,0,0,1,0,'global','2012',2116829793,0,1,'2012-08-03 09:54:04','127.0.0.1',1,'2012-08-03 09:54:38','127.0.0.1');
INSERT INTO `report_filter`          (`ID`,`archive`,`archiveID`,`deleted`,`systemID`,`destinationID`,`destinationType`,`label`,`reportID`,`seq`,`history_created_by`,`history_created_date`,`history_created_IP`,`history_modified_by`,`history_modified_date`,`history_modified_IP`) VALUES (271160405,0,0,0,1,0,'global','[ICON]21 21 7506 Has been Published to Public - Yes[/ICON]',2116829793,0,1,'2012-08-03 11:39:06','127.0.0.1',1,'2012-08-03 11:39:45','127.0.0.1');
INSERT INTO `report_filter`          (`ID`,`archive`,`archiveID`,`deleted`,`systemID`,`destinationID`,`destinationType`,`label`,`reportID`,`seq`,`history_created_by`,`history_created_date`,`history_created_IP`,`history_modified_by`,`history_modified_date`,`history_modified_IP`) VALUES (290800815,0,0,0,1,0,'global','[ICON]11 11 6576 Has Categories - Yes[/ICON]',2116829793,0,1,'2011-05-13 20:46:19','127.0.0.1',1,'2012-08-03 03:42:47','127.0.0.1');
INSERT INTO `report_filter`          (`ID`,`archive`,`archiveID`,`deleted`,`systemID`,`destinationID`,`destinationType`,`label`,`reportID`,`seq`,`history_created_by`,`history_created_date`,`history_created_IP`,`history_modified_by`,`history_modified_date`,`history_modified_IP`) VALUES (338006041,0,0,0,1,0,'global','2017',2116829793,0,1,'2017-11-11 20:54:55','127.0.0.1',1,'2017-11-11 20:55:19','127.0.0.1');
INSERT INTO `report_filter`          (`ID`,`archive`,`archiveID`,`deleted`,`systemID`,`destinationID`,`destinationType`,`label`,`reportID`,`seq`,`history_created_by`,`history_created_date`,`history_created_IP`,`history_modified_by`,`history_modified_date`,`history_modified_IP`) VALUES (413864793,0,0,0,1,0,'global','2015',2116829793,0,1,'2017-11-11 20:54:42','127.0.0.1',1,'2017-11-11 20:55:13','127.0.0.1');
INSERT INTO `report_filter`          (`ID`,`archive`,`archiveID`,`deleted`,`systemID`,`destinationID`,`destinationType`,`label`,`reportID`,`seq`,`history_created_by`,`history_created_date`,`history_created_IP`,`history_modified_by`,`history_modified_date`,`history_modified_IP`) VALUES (467341986,0,0,0,1,0,'global','2016',2116829793,0,1,'2017-11-11 20:54:49','127.0.0.1',1,'2017-11-11 20:55:16','127.0.0.1');
INSERT INTO `report_filter`          (`ID`,`archive`,`archiveID`,`deleted`,`systemID`,`destinationID`,`destinationType`,`label`,`reportID`,`seq`,`history_created_by`,`history_created_date`,`history_created_IP`,`history_modified_by`,`history_modified_date`,`history_modified_IP`) VALUES (485607396,0,0,0,1,0,'global','[ICON]18 18 6352 Has Received Comments - No[/ICON]',2116829793,0,1,'2012-08-03 03:45:01','127.0.0.1',1,'2012-08-03 03:45:06','127.0.0.1');
INSERT INTO `report_filter`          (`ID`,`archive`,`archiveID`,`deleted`,`systemID`,`destinationID`,`destinationType`,`label`,`reportID`,`seq`,`history_created_by`,`history_created_date`,`history_created_IP`,`history_modified_by`,`history_modified_date`,`history_modified_IP`) VALUES (515178550,0,0,0,1,0,'global','[ICON]19 19 6370 Has been Published to Groups - Yes[/ICON]',2116829793,0,1,'2011-05-13 20:47:21','127.0.0.1',1,'2012-08-03 03:45:42','127.0.0.1');
INSERT INTO `report_filter`          (`ID`,`archive`,`archiveID`,`deleted`,`systemID`,`destinationID`,`destinationType`,`label`,`reportID`,`seq`,`history_created_by`,`history_created_date`,`history_created_IP`,`history_modified_by`,`history_modified_date`,`history_modified_IP`) VALUES (592619458,0,0,0,1,0,'global','2013',2116829793,0,1,'2012-08-03 09:54:11','127.0.0.1',1,'2012-08-03 09:54:41','127.0.0.1');
INSERT INTO `report_filter`          (`ID`,`archive`,`archiveID`,`deleted`,`systemID`,`destinationID`,`destinationType`,`label`,`reportID`,`seq`,`history_created_by`,`history_created_date`,`history_created_IP`,`history_modified_by`,`history_modified_date`,`history_modified_IP`) VALUES (627421961,0,0,0,1,0,'global','2018',2116829793,0,1,'2017-11-11 20:55:02','127.0.0.1',1,'2017-11-11 20:55:26','127.0.0.1');
INSERT INTO `report_filter`          (`ID`,`archive`,`archiveID`,`deleted`,`systemID`,`destinationID`,`destinationType`,`label`,`reportID`,`seq`,`history_created_by`,`history_created_date`,`history_created_IP`,`history_modified_by`,`history_modified_date`,`history_modified_IP`) VALUES (839063960,0,0,0,1,0,'global','2011',2116829793,0,1,'2012-08-03 09:53:58','127.0.0.1',1,'2012-08-03 09:54:35','127.0.0.1');
INSERT INTO `report_filter`          (`ID`,`archive`,`archiveID`,`deleted`,`systemID`,`destinationID`,`destinationType`,`label`,`reportID`,`seq`,`history_created_by`,`history_created_date`,`history_created_IP`,`history_modified_by`,`history_modified_date`,`history_modified_IP`) VALUES (944117654,0,0,0,1,0,'global','[ICON]20 20 7105 Inside a Podcast Album - No[/ICON]',2116829793,5,1,'2010-08-17 18:47:39','127.0.0.1',1,'2012-08-03 04:00:20','127.0.0.1');
INSERT INTO `report_filter`          (`ID`,`archive`,`archiveID`,`deleted`,`systemID`,`destinationID`,`destinationType`,`label`,`reportID`,`seq`,`history_created_by`,`history_created_date`,`history_created_IP`,`history_modified_by`,`history_modified_date`,`history_modified_IP`) VALUES (1010206468,0,0,0,1,0,'global','2010',2116829793,0,1,'2012-08-03 09:53:46','127.0.0.1',1,'2012-08-03 09:54:32','127.0.0.1');
INSERT INTO `report_filter`          (`ID`,`archive`,`archiveID`,`deleted`,`systemID`,`destinationID`,`destinationType`,`label`,`reportID`,`seq`,`history_created_by`,`history_created_date`,`history_created_IP`,`history_modified_by`,`history_modified_date`,`history_modified_IP`) VALUES (1027779475,0,0,0,1,0,'global','[ICON]18 18 6334 Has Received Comments - Yes[/ICON]',2116829793,0,1,'2011-05-13 20:46:55','127.0.0.1',1,'2012-08-03 03:44:30','127.0.0.1');
INSERT INTO `report_filter`          (`ID`,`archive`,`archiveID`,`deleted`,`systemID`,`destinationID`,`destinationType`,`label`,`reportID`,`seq`,`history_created_by`,`history_created_date`,`history_created_IP`,`history_modified_by`,`history_modified_date`,`history_modified_IP`) VALUES (1051887689,0,0,0,1,0,'global','[ICON]21 21 7338 Created This Week[/ICON]',2116829793,0,1,'2012-08-03 11:38:41','127.0.0.1',1,'2012-08-03 11:39:39','127.0.0.1');
INSERT INTO `report_filter`          (`ID`,`archive`,`archiveID`,`deleted`,`systemID`,`destinationID`,`destinationType`,`label`,`reportID`,`seq`,`history_created_by`,`history_created_date`,`history_created_IP`,`history_modified_by`,`history_modified_date`,`history_modified_IP`) VALUES (1523705658,0,0,0,1,0,'global','[ICON]20 20 7085 Inside a Podcast Album - Yes[/ICON]',2116829793,4,1,'2010-08-17 18:47:57','127.0.0.1',1,'2012-08-03 10:13:06','127.0.0.1');
INSERT INTO `report_filter`          (`ID`,`archive`,`archiveID`,`deleted`,`systemID`,`destinationID`,`destinationType`,`label`,`reportID`,`seq`,`history_created_by`,`history_created_date`,`history_created_IP`,`history_modified_by`,`history_modified_date`,`history_modified_IP`) VALUES (1528990622,0,0,0,1,0,'global','&lt; Earlier',2116829793,0,1,'2012-08-03 09:53:24','127.0.0.1',1,'2017-11-11 20:55:38','127.0.0.1');
INSERT INTO `report_filter`          (`ID`,`archive`,`archiveID`,`deleted`,`systemID`,`destinationID`,`destinationType`,`label`,`reportID`,`seq`,`history_created_by`,`history_created_date`,`history_created_IP`,`history_modified_by`,`history_modified_date`,`history_modified_IP`) VALUES (1544910965,0,0,0,1,0,'global','[ICON]13 13 6611 Marked as Important - No[/ICON]',2116829793,0,1,'2012-08-03 03:43:59','127.0.0.1',1,'2012-08-03 03:44:06','127.0.0.1');
INSERT INTO `report_filter`          (`ID`,`archive`,`archiveID`,`deleted`,`systemID`,`destinationID`,`destinationType`,`label`,`reportID`,`seq`,`history_created_by`,`history_created_date`,`history_created_IP`,`history_modified_by`,`history_modified_date`,`history_modified_IP`) VALUES (1640629710,0,0,0,1,0,'global','[ICON]21 21 7527 Has been Published to Public - No[/ICON]',2116829793,0,1,'2012-08-03 11:39:16','127.0.0.1',1,'2012-08-03 11:39:50','127.0.0.1');
INSERT INTO `report_filter`          (`ID`,`archive`,`archiveID`,`deleted`,`systemID`,`destinationID`,`destinationType`,`label`,`reportID`,`seq`,`history_created_by`,`history_created_date`,`history_created_IP`,`history_modified_by`,`history_modified_date`,`history_modified_IP`) VALUES (1749515060,0,0,0,1,0,'global','2014',2116829793,0,1,'2017-11-11 20:54:36','127.0.0.1',1,'2017-11-11 20:55:09','127.0.0.1');
INSERT INTO `report_filter`          (`ID`,`archive`,`archiveID`,`deleted`,`systemID`,`destinationID`,`destinationType`,`label`,`reportID`,`seq`,`history_created_by`,`history_created_date`,`history_created_IP`,`history_modified_by`,`history_modified_date`,`history_modified_IP`) VALUES (1771419970,0,0,0,1,0,'global','Later &gt;',2116829793,0,1,'2017-11-11 20:54:21','127.0.0.1',1,'2017-11-11 20:55:30','127.0.0.1');
INSERT INTO `report_filter`          (`ID`,`archive`,`archiveID`,`deleted`,`systemID`,`destinationID`,`destinationType`,`label`,`reportID`,`seq`,`history_created_by`,`history_created_date`,`history_created_IP`,`history_modified_by`,`history_modified_date`,`history_modified_IP`) VALUES (1971816378,0,0,0,1,0,'global','[ICON]21 21 7359 Modified This Week[/ICON]',2116829793,0,1,'2012-08-03 11:38:51','127.0.0.1',1,'2012-08-03 11:39:42','127.0.0.1');
INSERT INTO `report_filter`          (`ID`,`archive`,`archiveID`,`deleted`,`systemID`,`destinationID`,`destinationType`,`label`,`reportID`,`seq`,`history_created_by`,`history_created_date`,`history_created_IP`,`history_modified_by`,`history_modified_date`,`history_modified_IP`) VALUES (1992833125,0,0,0,1,0,'global','[ICON]14 14 6912 (All Records - Unfiltered View)[/ICON](All)',2116829793,1,1,'2008-01-13 05:23:26','',1,'2012-08-03 03:42:00','127.0.0.1');
INSERT INTO `report_filter`          (`ID`,`archive`,`archiveID`,`deleted`,`systemID`,`destinationID`,`destinationType`,`label`,`reportID`,`seq`,`history_created_by`,`history_created_date`,`history_created_IP`,`history_modified_by`,`history_modified_date`,`history_modified_IP`) VALUES (2034858761,0,0,0,1,0,'global','[ICON]17 17 6751 Created Today[/ICON]',2116829793,2,1,'2008-04-26 06:48:05','',1,'2012-08-03 03:42:23','127.0.0.1');
INSERT INTO `report_filter`          (`ID`,`archive`,`archiveID`,`deleted`,`systemID`,`destinationID`,`destinationType`,`label`,`reportID`,`seq`,`history_created_by`,`history_created_date`,`history_created_IP`,`history_modified_by`,`history_modified_date`,`history_modified_IP`) VALUES (2127026606,0,0,0,1,0,'global','[ICON]16 16 8332 Disabled[/ICON]',2116829793,0,1,'2017-11-11 20:59:29','127.0.0.1',1,'2017-11-11 20:59:40','127.0.0.1');
INSERT INTO `report_filter_criteria` (`ID`,`archive`,`archiveID`,`deleted`,`systemID`,`filterID`,`filter_criterion`,`filter_matchmodeID`,`filter_seq`,`filter_value`,`history_created_by`,`history_created_date`,`history_created_IP`,`history_modified_by`,`history_modified_date`,`history_modified_IP`) VALUES (103379861,0,0,0,1,271160405,'1052514017','1',1,'1',1,'2012-08-03 11:39:06','127.0.0.1',0,'0000-00-00 00:00:00','');
INSERT INTO `report_filter_criteria` (`ID`,`archive`,`archiveID`,`deleted`,`systemID`,`filterID`,`filter_criterion`,`filter_matchmodeID`,`filter_seq`,`filter_value`,`history_created_by`,`history_created_date`,`history_created_IP`,`history_modified_by`,`history_modified_date`,`history_modified_IP`) VALUES (151678849,0,0,0,1,18358087,'1715179394','1',1,'',1,'2012-08-03 03:43:07','127.0.0.1',0,'0000-00-00 00:00:00','');
INSERT INTO `report_filter_criteria` (`ID`,`archive`,`archiveID`,`deleted`,`systemID`,`filterID`,`filter_criterion`,`filter_matchmodeID`,`filter_seq`,`filter_value`,`history_created_by`,`history_created_date`,`history_created_IP`,`history_modified_by`,`history_modified_date`,`history_modified_IP`) VALUES (240893987,0,0,0,1,485607396,'2001186830','1',1,'0',1,'2012-08-03 03:45:01','127.0.0.1',0,'0000-00-00 00:00:00','');
INSERT INTO `report_filter_criteria` (`ID`,`archive`,`archiveID`,`deleted`,`systemID`,`filterID`,`filter_criterion`,`filter_matchmodeID`,`filter_seq`,`filter_value`,`history_created_by`,`history_created_date`,`history_created_IP`,`history_modified_by`,`history_modified_date`,`history_modified_IP`) VALUES (307938301,0,0,0,1,2034858761,'1018851633','11',1,'TODAY',1,'2008-04-26 06:48:05','',0,'0000-00-00 00:00:00','');
INSERT INTO `report_filter_criteria` (`ID`,`archive`,`archiveID`,`deleted`,`systemID`,`filterID`,`filter_criterion`,`filter_matchmodeID`,`filter_seq`,`filter_value`,`history_created_by`,`history_created_date`,`history_created_IP`,`history_modified_by`,`history_modified_date`,`history_modified_IP`) VALUES (530973720,0,0,0,1,1992833125,'','',1,'',1,'2008-01-13 05:23:26','',0,'0000-00-00 00:00:00','');
INSERT INTO `report_filter_criteria` (`ID`,`archive`,`archiveID`,`deleted`,`systemID`,`filterID`,`filter_criterion`,`filter_matchmodeID`,`filter_seq`,`filter_value`,`history_created_by`,`history_created_date`,`history_created_IP`,`history_modified_by`,`history_modified_date`,`history_modified_IP`) VALUES (533123896,0,0,0,1,130881607,'1654815553','1',1,'1',1,'2017-11-11 20:59:15','127.0.0.1',0,'0000-00-00 00:00:00','');
INSERT INTO `report_filter_criteria` (`ID`,`archive`,`archiveID`,`deleted`,`systemID`,`filterID`,`filter_criterion`,`filter_matchmodeID`,`filter_seq`,`filter_value`,`history_created_by`,`history_created_date`,`history_created_IP`,`history_modified_by`,`history_modified_date`,`history_modified_IP`) VALUES (635319454,0,0,0,1,839063960,'1739878270','3',1,'2011',1,'2012-08-03 09:53:58','127.0.0.1',0,'0000-00-00 00:00:00','');
INSERT INTO `report_filter_criteria` (`ID`,`archive`,`archiveID`,`deleted`,`systemID`,`filterID`,`filter_criterion`,`filter_matchmodeID`,`filter_seq`,`filter_value`,`history_created_by`,`history_created_date`,`history_created_IP`,`history_modified_by`,`history_modified_date`,`history_modified_IP`) VALUES (783537902,0,0,0,1,338006041,'1739878270','3',1,'2017',1,'2017-11-11 20:54:55','127.0.0.1',0,'0000-00-00 00:00:00','');
INSERT INTO `report_filter_criteria` (`ID`,`archive`,`archiveID`,`deleted`,`systemID`,`filterID`,`filter_criterion`,`filter_matchmodeID`,`filter_seq`,`filter_value`,`history_created_by`,`history_created_date`,`history_created_IP`,`history_modified_by`,`history_modified_date`,`history_modified_IP`) VALUES (797564247,0,0,0,1,290800815,'1715179394','2',1,'',1,'2011-05-13 20:46:19','127.0.0.1',0,'0000-00-00 00:00:00','');
INSERT INTO `report_filter_criteria` (`ID`,`archive`,`archiveID`,`deleted`,`systemID`,`filterID`,`filter_criterion`,`filter_matchmodeID`,`filter_seq`,`filter_value`,`history_created_by`,`history_created_date`,`history_created_IP`,`history_modified_by`,`history_modified_date`,`history_modified_IP`) VALUES (802241288,0,0,0,1,1528990622,'1739878270','9',1,'2010-01-01',1,'2012-08-03 09:53:24','127.0.0.1',0,'0000-00-00 00:00:00','');
INSERT INTO `report_filter_criteria` (`ID`,`archive`,`archiveID`,`deleted`,`systemID`,`filterID`,`filter_criterion`,`filter_matchmodeID`,`filter_seq`,`filter_value`,`history_created_by`,`history_created_date`,`history_created_IP`,`history_modified_by`,`history_modified_date`,`history_modified_IP`) VALUES (863994064,0,0,0,1,1027779475,'2001186830','8',1,'0',1,'2011-05-13 20:46:55','127.0.0.1',0,'0000-00-00 00:00:00','');
INSERT INTO `report_filter_criteria` (`ID`,`archive`,`archiveID`,`deleted`,`systemID`,`filterID`,`filter_criterion`,`filter_matchmodeID`,`filter_seq`,`filter_value`,`history_created_by`,`history_created_date`,`history_created_IP`,`history_modified_by`,`history_modified_date`,`history_modified_IP`) VALUES (921294954,0,0,0,1,1749515060,'1739878270','3',1,'2014',1,'2017-11-11 20:54:36','127.0.0.1',0,'0000-00-00 00:00:00','');
INSERT INTO `report_filter_criteria` (`ID`,`archive`,`archiveID`,`deleted`,`systemID`,`filterID`,`filter_criterion`,`filter_matchmodeID`,`filter_seq`,`filter_value`,`history_created_by`,`history_created_date`,`history_created_IP`,`history_modified_by`,`history_modified_date`,`history_modified_IP`) VALUES (962332206,0,0,0,1,1051887689,'1018851633','11',1,'THIS_WEEK',1,'2012-08-03 11:38:41','127.0.0.1',0,'0000-00-00 00:00:00','');
INSERT INTO `report_filter_criteria` (`ID`,`archive`,`archiveID`,`deleted`,`systemID`,`filterID`,`filter_criterion`,`filter_matchmodeID`,`filter_seq`,`filter_value`,`history_created_by`,`history_created_date`,`history_created_IP`,`history_modified_by`,`history_modified_date`,`history_modified_IP`) VALUES (1146782978,0,0,0,1,194644724,'1739878270','3',1,'2012',1,'2012-08-03 09:54:04','127.0.0.1',0,'0000-00-00 00:00:00','');
INSERT INTO `report_filter_criteria` (`ID`,`archive`,`archiveID`,`deleted`,`systemID`,`filterID`,`filter_criterion`,`filter_matchmodeID`,`filter_seq`,`filter_value`,`history_created_by`,`history_created_date`,`history_created_IP`,`history_modified_by`,`history_modified_date`,`history_modified_IP`) VALUES (1159992395,0,0,0,1,413864793,'1739878270','3',1,'2015',1,'2017-11-11 20:54:42','127.0.0.1',0,'0000-00-00 00:00:00','');
INSERT INTO `report_filter_criteria` (`ID`,`archive`,`archiveID`,`deleted`,`systemID`,`filterID`,`filter_criterion`,`filter_matchmodeID`,`filter_seq`,`filter_value`,`history_created_by`,`history_created_date`,`history_created_IP`,`history_modified_by`,`history_modified_date`,`history_modified_IP`) VALUES (1175065332,0,0,0,1,627421961,'1739878270','3',1,'2018',1,'2017-11-11 20:55:02','127.0.0.1',0,'0000-00-00 00:00:00','');
INSERT INTO `report_filter_criteria` (`ID`,`archive`,`archiveID`,`deleted`,`systemID`,`filterID`,`filter_criterion`,`filter_matchmodeID`,`filter_seq`,`filter_value`,`history_created_by`,`history_created_date`,`history_created_IP`,`history_modified_by`,`history_modified_date`,`history_modified_IP`) VALUES (1248159917,0,0,0,1,57244002,'557790522','1',1,'0',1,'2012-08-03 03:46:00','127.0.0.1',0,'0000-00-00 00:00:00','');
INSERT INTO `report_filter_criteria` (`ID`,`archive`,`archiveID`,`deleted`,`systemID`,`filterID`,`filter_criterion`,`filter_matchmodeID`,`filter_seq`,`filter_value`,`history_created_by`,`history_created_date`,`history_created_IP`,`history_modified_by`,`history_modified_date`,`history_modified_IP`) VALUES (1256893815,0,0,0,1,592619458,'1739878270','3',1,'2013',1,'2012-08-03 09:54:11','127.0.0.1',0,'0000-00-00 00:00:00','');
INSERT INTO `report_filter_criteria` (`ID`,`archive`,`archiveID`,`deleted`,`systemID`,`filterID`,`filter_criterion`,`filter_matchmodeID`,`filter_seq`,`filter_value`,`history_created_by`,`history_created_date`,`history_created_IP`,`history_modified_by`,`history_modified_date`,`history_modified_IP`) VALUES (1368862646,0,0,0,1,1544910965,'753881966','1',1,'N',1,'2012-08-03 03:43:59','127.0.0.1',0,'0000-00-00 00:00:00','');
INSERT INTO `report_filter_criteria` (`ID`,`archive`,`archiveID`,`deleted`,`systemID`,`filterID`,`filter_criterion`,`filter_matchmodeID`,`filter_seq`,`filter_value`,`history_created_by`,`history_created_date`,`history_created_IP`,`history_modified_by`,`history_modified_date`,`history_modified_IP`) VALUES (1375905900,0,0,0,1,1640629710,'1052514017','1',1,'0',1,'2012-08-03 11:39:16','127.0.0.1',0,'0000-00-00 00:00:00','');
INSERT INTO `report_filter_criteria` (`ID`,`archive`,`archiveID`,`deleted`,`systemID`,`filterID`,`filter_criterion`,`filter_matchmodeID`,`filter_seq`,`filter_value`,`history_created_by`,`history_created_date`,`history_created_IP`,`history_modified_by`,`history_modified_date`,`history_modified_IP`) VALUES (1376013687,0,0,0,1,944117654,'719423374','1',1,'',1,'2010-08-17 18:47:39','127.0.0.1',0,'0000-00-00 00:00:00','');
INSERT INTO `report_filter_criteria` (`ID`,`archive`,`archiveID`,`deleted`,`systemID`,`filterID`,`filter_criterion`,`filter_matchmodeID`,`filter_seq`,`filter_value`,`history_created_by`,`history_created_date`,`history_created_IP`,`history_modified_by`,`history_modified_date`,`history_modified_IP`) VALUES (1388669453,0,0,0,1,1971816378,'1330327542','11',1,'THIS_WEEK',1,'2012-08-03 11:38:51','127.0.0.1',0,'0000-00-00 00:00:00','');
INSERT INTO `report_filter_criteria` (`ID`,`archive`,`archiveID`,`deleted`,`systemID`,`filterID`,`filter_criterion`,`filter_matchmodeID`,`filter_seq`,`filter_value`,`history_created_by`,`history_created_date`,`history_created_IP`,`history_modified_by`,`history_modified_date`,`history_modified_IP`) VALUES (1595694601,0,0,0,1,2127026606,'1654815553','1',1,'0',1,'2017-11-11 20:59:29','127.0.0.1',0,'0000-00-00 00:00:00','');
INSERT INTO `report_filter_criteria` (`ID`,`archive`,`archiveID`,`deleted`,`systemID`,`filterID`,`filter_criterion`,`filter_matchmodeID`,`filter_seq`,`filter_value`,`history_created_by`,`history_created_date`,`history_created_IP`,`history_modified_by`,`history_modified_date`,`history_modified_IP`) VALUES (1781622440,0,0,0,1,1771419970,'1739878270','8',1,'2018-12-31',1,'2017-11-11 20:54:21','127.0.0.1',0,'0000-00-00 00:00:00','');
INSERT INTO `report_filter_criteria` (`ID`,`archive`,`archiveID`,`deleted`,`systemID`,`filterID`,`filter_criterion`,`filter_matchmodeID`,`filter_seq`,`filter_value`,`history_created_by`,`history_created_date`,`history_created_IP`,`history_modified_by`,`history_modified_date`,`history_modified_IP`) VALUES (1848201671,0,0,0,1,467341986,'1739878270','3',1,'2016',1,'2017-11-11 20:54:49','127.0.0.1',0,'0000-00-00 00:00:00','');
INSERT INTO `report_filter_criteria` (`ID`,`archive`,`archiveID`,`deleted`,`systemID`,`filterID`,`filter_criterion`,`filter_matchmodeID`,`filter_seq`,`filter_value`,`history_created_by`,`history_created_date`,`history_created_IP`,`history_modified_by`,`history_modified_date`,`history_modified_IP`) VALUES (1931685069,0,0,0,1,515178550,'557790522','8',1,'0',1,'2011-05-13 20:47:21','127.0.0.1',0,'0000-00-00 00:00:00','');
INSERT INTO `report_filter_criteria` (`ID`,`archive`,`archiveID`,`deleted`,`systemID`,`filterID`,`filter_criterion`,`filter_matchmodeID`,`filter_seq`,`filter_value`,`history_created_by`,`history_created_date`,`history_created_IP`,`history_modified_by`,`history_modified_date`,`history_modified_IP`) VALUES (1978117915,0,0,0,1,1523705658,'719423374','2',1,'',1,'2010-08-17 18:47:57','127.0.0.1',0,'0000-00-00 00:00:00','');
INSERT INTO `report_filter_criteria` (`ID`,`archive`,`archiveID`,`deleted`,`systemID`,`filterID`,`filter_criterion`,`filter_matchmodeID`,`filter_seq`,`filter_value`,`history_created_by`,`history_created_date`,`history_created_IP`,`history_modified_by`,`history_modified_date`,`history_modified_IP`) VALUES (2017198975,0,0,0,1,93467883,'753881966','1',1,'Y',1,'2012-08-03 03:43:43','127.0.0.1',0,'0000-00-00 00:00:00','');
INSERT INTO `report_filter_criteria` (`ID`,`archive`,`archiveID`,`deleted`,`systemID`,`filterID`,`filter_criterion`,`filter_matchmodeID`,`filter_seq`,`filter_value`,`history_created_by`,`history_created_date`,`history_created_IP`,`history_modified_by`,`history_modified_date`,`history_modified_IP`) VALUES (2043235971,0,0,0,1,84510116,'1330327542','11',1,'TODAY',1,'2008-04-26 06:48:46','',0,'0000-00-00 00:00:00','');
INSERT INTO `report_filter_criteria` (`ID`,`archive`,`archiveID`,`deleted`,`systemID`,`filterID`,`filter_criterion`,`filter_matchmodeID`,`filter_seq`,`filter_value`,`history_created_by`,`history_created_date`,`history_created_IP`,`history_modified_by`,`history_modified_date`,`history_modified_IP`) VALUES (2129229134,0,0,0,1,1010206468,'1739878270','3',1,'2010',1,'2012-08-03 09:53:46','127.0.0.1',0,'0000-00-00 00:00:00','');
INSERT INTO `report_settings`        (`ID`,`archive`,`archiveID`,`deleted`,`systemID`,`destinationID`,`destinationType`,`reportID`,`report_columns_csv`,`report_filters_csv`,`history_created_by`,`history_created_date`,`history_created_IP`,`history_modified_by`,`history_modified_date`,`history_modified_IP`) VALUES (1351686714,0,0,0,1,0,'global',2116829793,'','1992833125,2034858761,1051887689,84510116,1971816378,130881607,2127026606,271160405,1640629710,515178550,57244002,1027779475,485607396,93467883,1544910965,290800815,18358087,1523705658,944117654,1528990622,1010206468,839063960,194644724,592619458,1749515060,413864793,467341986,338006041,627421961,1771419970',1,'2010-09-24 16:30:00','127.0.0.1',1,'2017-11-11 20:59:45','127.0.0.1');

# 15) For 'podcasts-for-podcast-album':        Added filter presets for 'Enabled' and 'Disabled'
#                                              Added operations 'with selected - enable' and 'with selected - disable'
DELETE FROM `report_columns`         WHERE `ID` IN (862450845,494251407);
INSERT INTO `report_columns`         (`ID`,`archive`,`archiveID`,`deleted`,`systemID`,`reportID`,`group_assign_csv`,`seq`,`tab`,`defaultValue`,`fieldType`,`formField`,`formFieldHeight`,`formFieldSpecial`,`formFieldTooltip`,`formFieldUnique`,`formFieldWidth`,`formLabel`,`formSelectorSQLMaster`,`formSelectorSQLMember`,`permCOMMUNITYADMIN`,`permGROUPVIEWER`,`permGROUPEDITOR`,`permMASTERADMIN`,`permPUBLIC`,`permSYSADMIN`,`permSYSAPPROVER`,`permSYSEDITOR`,`permSYSLOGON`,`permSYSMEMBER`,`permUSERADMIN`,`reportField`,`reportFieldSpecial`,`reportFilter`,`reportFilterLabel`,`reportLabel`,`reportSortBy_AZ`,`reportSortBy_a`,`reportSortBy_d`,`required_feature`,`required_feature_invert`,`history_created_by`,`history_created_date`,`history_created_IP`,`history_modified_by`,`history_modified_date`,`history_modified_IP`) VALUES (494251407,0,0,0,1,56401861,'',0,'0.','','selected_set_as_enabled','',0,'','',0,0,'','','',0,0,0,2,0,2,0,0,0,0,0,'','','','','',0,'','','',0,1,'2017-11-11 18:27:06','127.0.0.1',1,'2017-11-11 18:27:22','127.0.0.1');
INSERT INTO `report_columns`         (`ID`,`archive`,`archiveID`,`deleted`,`systemID`,`reportID`,`group_assign_csv`,`seq`,`tab`,`defaultValue`,`fieldType`,`formField`,`formFieldHeight`,`formFieldSpecial`,`formFieldTooltip`,`formFieldUnique`,`formFieldWidth`,`formLabel`,`formSelectorSQLMaster`,`formSelectorSQLMember`,`permCOMMUNITYADMIN`,`permGROUPVIEWER`,`permGROUPEDITOR`,`permMASTERADMIN`,`permPUBLIC`,`permSYSADMIN`,`permSYSAPPROVER`,`permSYSEDITOR`,`permSYSLOGON`,`permSYSMEMBER`,`permUSERADMIN`,`reportField`,`reportFieldSpecial`,`reportFilter`,`reportFilterLabel`,`reportLabel`,`reportSortBy_AZ`,`reportSortBy_a`,`reportSortBy_d`,`required_feature`,`required_feature_invert`,`history_created_by`,`history_created_date`,`history_created_IP`,`history_modified_by`,`history_modified_date`,`history_modified_IP`) VALUES (862450845,0,0,0,1,56401861,'',0,'0.','','selected_set_as_disabled','',0,'','',0,0,'','','',0,0,0,2,0,2,0,0,0,0,0,'','','','','',0,'','','',0,1,'2017-11-11 18:27:03','127.0.0.1',1,'2017-11-11 18:27:22','127.0.0.1');

DELETE FROM `report_filter_criteria` WHERE `filterID` IN (SELECT `ID` FROM `report_filter`  WHERE `reportID` IN (56401861) AND (`destinationType`='global'));
DELETE FROM `report_filter`          WHERE `reportID` IN (56401861) AND (`destinationType`='global');
DELETE FROM `report_settings`        WHERE `reportID` IN (56401861) AND (`destinationType`='global');

INSERT INTO `report_filter`          (`ID`,`archive`,`archiveID`,`deleted`,`systemID`,`destinationID`,`destinationType`,`label`,`reportID`,`seq`,`history_created_by`,`history_created_date`,`history_created_IP`,`history_modified_by`,`history_modified_date`,`history_modified_IP`) VALUES (413492755,0,0,0,1,0,'global','[ICON]19 19 6370 Has been Published to Groups - Yes[/ICON]',56401861,0,1,'2012-11-07 09:21:56','127.0.0.1',1,'2012-11-07 09:22:39','127.0.0.1');
INSERT INTO `report_filter`          (`ID`,`archive`,`archiveID`,`deleted`,`systemID`,`destinationID`,`destinationType`,`label`,`reportID`,`seq`,`history_created_by`,`history_created_date`,`history_created_IP`,`history_modified_by`,`history_modified_date`,`history_modified_IP`) VALUES (725144681,0,0,0,1,0,'global','[ICON]13 13 6611 Marked as Important - No[/ICON]',56401861,0,1,'2011-08-09 11:08:00','71.40.161.82',1,'2012-11-07 09:23:23','127.0.0.1');
INSERT INTO `report_filter`          (`ID`,`archive`,`archiveID`,`deleted`,`systemID`,`destinationID`,`destinationType`,`label`,`reportID`,`seq`,`history_created_by`,`history_created_date`,`history_created_IP`,`history_modified_by`,`history_modified_date`,`history_modified_IP`) VALUES (937271644,0,0,0,1,0,'global','[ICON]19 19 6389 Has been Published to Groups - No[/ICON]',56401861,0,1,'2012-11-07 09:22:23','127.0.0.1',1,'2012-11-07 09:22:53','127.0.0.1');
INSERT INTO `report_filter`          (`ID`,`archive`,`archiveID`,`deleted`,`systemID`,`destinationID`,`destinationType`,`label`,`reportID`,`seq`,`history_created_by`,`history_created_date`,`history_created_IP`,`history_modified_by`,`history_modified_date`,`history_modified_IP`) VALUES (953199693,0,0,0,1,0,'global','[ICON]21 21 7506 Has been Published to Public - Yes[/ICON]',56401861,0,1,'2012-11-07 09:21:21','127.0.0.1',1,'2012-11-07 09:22:29','127.0.0.1');
INSERT INTO `report_filter`          (`ID`,`archive`,`archiveID`,`deleted`,`systemID`,`destinationID`,`destinationType`,`label`,`reportID`,`seq`,`history_created_by`,`history_created_date`,`history_created_IP`,`history_modified_by`,`history_modified_date`,`history_modified_IP`) VALUES (1003199235,0,0,0,1,0,'global','[ICON]21 21 7527 Has been Published to Public - No[/ICON]',56401861,0,1,'2012-11-07 09:21:36','127.0.0.1',1,'2012-11-07 09:22:35','127.0.0.1');
INSERT INTO `report_filter`          (`ID`,`archive`,`archiveID`,`deleted`,`systemID`,`destinationID`,`destinationType`,`label`,`reportID`,`seq`,`history_created_by`,`history_created_date`,`history_created_IP`,`history_modified_by`,`history_modified_date`,`history_modified_IP`) VALUES (1217581654,0,0,0,1,0,'global','[ICON]16 16 8332 Disabled[/ICON]',56401861,0,1,'2017-11-11 20:53:12','127.0.0.1',1,'2017-11-11 20:53:19','127.0.0.1');
INSERT INTO `report_filter`          (`ID`,`archive`,`archiveID`,`deleted`,`systemID`,`destinationID`,`destinationType`,`label`,`reportID`,`seq`,`history_created_by`,`history_created_date`,`history_created_IP`,`history_modified_by`,`history_modified_date`,`history_modified_IP`) VALUES (1233868717,0,0,0,1,0,'global','[ICON]21 21 7359 Modified This Week[/ICON]',56401861,0,1,'2012-11-07 09:20:35','127.0.0.1',1,'2012-11-07 09:20:44','127.0.0.1');
INSERT INTO `report_filter`          (`ID`,`archive`,`archiveID`,`deleted`,`systemID`,`destinationID`,`destinationType`,`label`,`reportID`,`seq`,`history_created_by`,`history_created_date`,`history_created_IP`,`history_modified_by`,`history_modified_date`,`history_modified_IP`) VALUES (1572343187,0,0,0,1,0,'global','[ICON]17 17 6751 Created Today[/ICON]',56401861,0,1,'2011-08-09 11:08:58','71.40.161.82',1,'2011-08-09 11:09:19','71.40.161.82');
INSERT INTO `report_filter`          (`ID`,`archive`,`archiveID`,`deleted`,`systemID`,`destinationID`,`destinationType`,`label`,`reportID`,`seq`,`history_created_by`,`history_created_date`,`history_created_IP`,`history_modified_by`,`history_modified_date`,`history_modified_IP`) VALUES (1631951726,0,0,0,1,0,'global','[ICON]11 11 6576 Has Categories - Yes[/ICON]',56401861,0,1,'2012-11-07 09:23:52','127.0.0.1',1,'2012-11-07 09:24:22','127.0.0.1');
INSERT INTO `report_filter`          (`ID`,`archive`,`archiveID`,`deleted`,`systemID`,`destinationID`,`destinationType`,`label`,`reportID`,`seq`,`history_created_by`,`history_created_date`,`history_created_IP`,`history_modified_by`,`history_modified_date`,`history_modified_IP`) VALUES (1653924681,0,0,0,1,0,'global','[ICON]17 17 6768 Modified Today[/ICON]',56401861,0,1,'2011-08-09 11:09:10','71.40.161.82',1,'2011-08-09 11:09:23','71.40.161.82');
INSERT INTO `report_filter`          (`ID`,`archive`,`archiveID`,`deleted`,`systemID`,`destinationID`,`destinationType`,`label`,`reportID`,`seq`,`history_created_by`,`history_created_date`,`history_created_IP`,`history_modified_by`,`history_modified_date`,`history_modified_IP`) VALUES (1665751741,0,0,0,1,0,'global','[ICON]21 21 7338 Created This Week[/ICON]',56401861,0,1,'2012-11-07 09:20:14','127.0.0.1',1,'2012-11-07 09:20:41','127.0.0.1');
INSERT INTO `report_filter`          (`ID`,`archive`,`archiveID`,`deleted`,`systemID`,`destinationID`,`destinationType`,`label`,`reportID`,`seq`,`history_created_by`,`history_created_date`,`history_created_IP`,`history_modified_by`,`history_modified_date`,`history_modified_IP`) VALUES (1683812784,0,0,0,1,0,'global','[ICON]11 11 6587 Has Categories - No[/ICON]',56401861,0,1,'2012-11-07 09:24:10','127.0.0.1',1,'2012-11-07 09:24:31','127.0.0.1');
INSERT INTO `report_filter`          (`ID`,`archive`,`archiveID`,`deleted`,`systemID`,`destinationID`,`destinationType`,`label`,`reportID`,`seq`,`history_created_by`,`history_created_date`,`history_created_IP`,`history_modified_by`,`history_modified_date`,`history_modified_IP`) VALUES (1946783431,0,0,0,1,0,'global','[ICON]14 14 6912 (All Records - Unfiltered View)[/ICON](All)',56401861,0,1,'2011-08-09 11:07:29','71.40.161.82',1,'2011-08-09 11:08:05','71.40.161.82');
INSERT INTO `report_filter`          (`ID`,`archive`,`archiveID`,`deleted`,`systemID`,`destinationID`,`destinationType`,`label`,`reportID`,`seq`,`history_created_by`,`history_created_date`,`history_created_IP`,`history_modified_by`,`history_modified_date`,`history_modified_IP`) VALUES (2094602457,0,0,0,1,0,'global','[ICON]13 13 6598 Marked as Important - Yes[/ICON]',56401861,0,1,'2011-08-09 11:07:52','71.40.161.82',1,'2012-11-07 09:23:08','127.0.0.1');
INSERT INTO `report_filter`          (`ID`,`archive`,`archiveID`,`deleted`,`systemID`,`destinationID`,`destinationType`,`label`,`reportID`,`seq`,`history_created_by`,`history_created_date`,`history_created_IP`,`history_modified_by`,`history_modified_date`,`history_modified_IP`) VALUES (2127908597,0,0,0,1,0,'global','[ICON]16 16 8316 Enabled[/ICON]',56401861,0,1,'2017-11-11 20:53:03','127.0.0.1',1,'2017-11-11 20:53:16','127.0.0.1');
INSERT INTO `report_filter_criteria` (`ID`,`archive`,`archiveID`,`deleted`,`systemID`,`filterID`,`filter_criterion`,`filter_matchmodeID`,`filter_seq`,`filter_value`,`history_created_by`,`history_created_date`,`history_created_IP`,`history_modified_by`,`history_modified_date`,`history_modified_IP`) VALUES (94785227,0,0,0,1,2127908597,'979702943','1',1,'1',1,'2017-11-11 20:53:03','127.0.0.1',0,'0000-00-00 00:00:00','');
INSERT INTO `report_filter_criteria` (`ID`,`archive`,`archiveID`,`deleted`,`systemID`,`filterID`,`filter_criterion`,`filter_matchmodeID`,`filter_seq`,`filter_value`,`history_created_by`,`history_created_date`,`history_created_IP`,`history_modified_by`,`history_modified_date`,`history_modified_IP`) VALUES (224259397,0,0,0,1,1631951726,'1823782153','2',1,'',1,'2012-11-07 09:23:52','127.0.0.1',0,'0000-00-00 00:00:00','');
INSERT INTO `report_filter_criteria` (`ID`,`archive`,`archiveID`,`deleted`,`systemID`,`filterID`,`filter_criterion`,`filter_matchmodeID`,`filter_seq`,`filter_value`,`history_created_by`,`history_created_date`,`history_created_IP`,`history_modified_by`,`history_modified_date`,`history_modified_IP`) VALUES (426394802,0,0,0,1,937271644,'99650140','1',1,'0',1,'2012-11-07 09:22:23','127.0.0.1',0,'0000-00-00 00:00:00','');
INSERT INTO `report_filter_criteria` (`ID`,`archive`,`archiveID`,`deleted`,`systemID`,`filterID`,`filter_criterion`,`filter_matchmodeID`,`filter_seq`,`filter_value`,`history_created_by`,`history_created_date`,`history_created_IP`,`history_modified_by`,`history_modified_date`,`history_modified_IP`) VALUES (444557256,0,0,0,1,2094602457,'154186981','1',1,'Y',1,'2011-08-09 11:07:52','71.40.161.82',0,'0000-00-00 00:00:00','');
INSERT INTO `report_filter_criteria` (`ID`,`archive`,`archiveID`,`deleted`,`systemID`,`filterID`,`filter_criterion`,`filter_matchmodeID`,`filter_seq`,`filter_value`,`history_created_by`,`history_created_date`,`history_created_IP`,`history_modified_by`,`history_modified_date`,`history_modified_IP`) VALUES (562915706,0,0,0,1,1572343187,'1993996563','11',1,'TODAY',1,'2011-08-09 11:08:58','71.40.161.82',0,'0000-00-00 00:00:00','');
INSERT INTO `report_filter_criteria` (`ID`,`archive`,`archiveID`,`deleted`,`systemID`,`filterID`,`filter_criterion`,`filter_matchmodeID`,`filter_seq`,`filter_value`,`history_created_by`,`history_created_date`,`history_created_IP`,`history_modified_by`,`history_modified_date`,`history_modified_IP`) VALUES (1068088239,0,0,0,1,1683812784,'1823782153','1',1,'',1,'2012-11-07 09:24:10','127.0.0.1',0,'0000-00-00 00:00:00','');
INSERT INTO `report_filter_criteria` (`ID`,`archive`,`archiveID`,`deleted`,`systemID`,`filterID`,`filter_criterion`,`filter_matchmodeID`,`filter_seq`,`filter_value`,`history_created_by`,`history_created_date`,`history_created_IP`,`history_modified_by`,`history_modified_date`,`history_modified_IP`) VALUES (1254081446,0,0,0,1,1653924681,'1648765962','11',1,'TODAY',1,'2011-08-09 11:09:10','71.40.161.82',0,'0000-00-00 00:00:00','');
INSERT INTO `report_filter_criteria` (`ID`,`archive`,`archiveID`,`deleted`,`systemID`,`filterID`,`filter_criterion`,`filter_matchmodeID`,`filter_seq`,`filter_value`,`history_created_by`,`history_created_date`,`history_created_IP`,`history_modified_by`,`history_modified_date`,`history_modified_IP`) VALUES (1410587583,0,0,0,1,1003199235,'422740261','1',1,'0',1,'2012-11-07 09:21:36','127.0.0.1',0,'0000-00-00 00:00:00','');
INSERT INTO `report_filter_criteria` (`ID`,`archive`,`archiveID`,`deleted`,`systemID`,`filterID`,`filter_criterion`,`filter_matchmodeID`,`filter_seq`,`filter_value`,`history_created_by`,`history_created_date`,`history_created_IP`,`history_modified_by`,`history_modified_date`,`history_modified_IP`) VALUES (1466795720,0,0,0,1,1217581654,'979702943','1',1,'0',1,'2017-11-11 20:53:12','127.0.0.1',0,'0000-00-00 00:00:00','');
INSERT INTO `report_filter_criteria` (`ID`,`archive`,`archiveID`,`deleted`,`systemID`,`filterID`,`filter_criterion`,`filter_matchmodeID`,`filter_seq`,`filter_value`,`history_created_by`,`history_created_date`,`history_created_IP`,`history_modified_by`,`history_modified_date`,`history_modified_IP`) VALUES (1581824869,0,0,0,1,953199693,'422740261','1',1,'1',1,'2012-11-07 09:21:21','127.0.0.1',0,'0000-00-00 00:00:00','');
INSERT INTO `report_filter_criteria` (`ID`,`archive`,`archiveID`,`deleted`,`systemID`,`filterID`,`filter_criterion`,`filter_matchmodeID`,`filter_seq`,`filter_value`,`history_created_by`,`history_created_date`,`history_created_IP`,`history_modified_by`,`history_modified_date`,`history_modified_IP`) VALUES (1649029156,0,0,0,1,1665751741,'1993996563','11',1,'THIS_WEEK',1,'2012-11-07 09:20:14','127.0.0.1',0,'0000-00-00 00:00:00','');
INSERT INTO `report_filter_criteria` (`ID`,`archive`,`archiveID`,`deleted`,`systemID`,`filterID`,`filter_criterion`,`filter_matchmodeID`,`filter_seq`,`filter_value`,`history_created_by`,`history_created_date`,`history_created_IP`,`history_modified_by`,`history_modified_date`,`history_modified_IP`) VALUES (1730274324,0,0,0,1,413492755,'99650140','8',1,'0',1,'2012-11-07 09:21:56','127.0.0.1',0,'0000-00-00 00:00:00','');
INSERT INTO `report_filter_criteria` (`ID`,`archive`,`archiveID`,`deleted`,`systemID`,`filterID`,`filter_criterion`,`filter_matchmodeID`,`filter_seq`,`filter_value`,`history_created_by`,`history_created_date`,`history_created_IP`,`history_modified_by`,`history_modified_date`,`history_modified_IP`) VALUES (1836554077,0,0,0,1,725144681,'154186981','1',1,'N',1,'2011-08-09 11:08:00','71.40.161.82',0,'0000-00-00 00:00:00','');
INSERT INTO `report_filter_criteria` (`ID`,`archive`,`archiveID`,`deleted`,`systemID`,`filterID`,`filter_criterion`,`filter_matchmodeID`,`filter_seq`,`filter_value`,`history_created_by`,`history_created_date`,`history_created_IP`,`history_modified_by`,`history_modified_date`,`history_modified_IP`) VALUES (1932456009,0,0,0,1,1233868717,'1648765962','11',1,'THIS_WEEK',1,'2012-11-07 09:20:35','127.0.0.1',0,'0000-00-00 00:00:00','');
INSERT INTO `report_filter_criteria` (`ID`,`archive`,`archiveID`,`deleted`,`systemID`,`filterID`,`filter_criterion`,`filter_matchmodeID`,`filter_seq`,`filter_value`,`history_created_by`,`history_created_date`,`history_created_IP`,`history_modified_by`,`history_modified_date`,`history_modified_IP`) VALUES (1971766985,0,0,0,1,1946783431,'','',1,'',1,'2011-08-09 11:07:29','71.40.161.82',0,'0000-00-00 00:00:00','');
INSERT INTO `report_settings`        (`ID`,`archive`,`archiveID`,`deleted`,`systemID`,`destinationID`,`destinationType`,`reportID`,`report_columns_csv`,`report_filters_csv`,`history_created_by`,`history_created_date`,`history_created_IP`,`history_modified_by`,`history_modified_date`,`history_modified_IP`) VALUES (381150293,0,0,0,1,0,'global',56401861,'','1946783431,1572343187,1665751741,1653924681,1233868717,2127908597,1217581654,953199693,1003199235,413492755,937271644,2094602457,725144681,1631951726,1683812784',1,'2011-08-09 11:08:05','71.40.161.82',1,'2017-11-11 20:53:23','127.0.0.1');

# 16) Set version information
UPDATE `system` SET `system`.`db_version` =  '2510';
UPDATE `system` SET `system`.`db_cs_target` = 'ec599053';
UPDATE `system` SET `system`.`db_detail` =
  CONCAT(
    'action|5c7aabd2, activity|53667216, address_substitution|8bb7ffea, block_layout|d2f20bb7, case_tasks|dcadc62c, cases|c0d09a18, category_assign|5c529179, colour_scheme|fe636999, comment|24ede7fb, community|5f5268c1, community_member|5711b2f0, community_membership|21e9f8d3, component|e28212b5, content_block|2db11c9b, custom_form|f1219e6a, ecl_tags|47084f56, field_templates|9de051e9, gateway_settings|46fb07ce, gateway_type|69a90feb, geocode_cache|c7bc07c8, group_assign|dd960004, ',
    'group_members|dfd72a2, groups|4941bc7e, keyword_assign|d13eff96, keywords|810421c2, language_assign|1c07c6c7, layout|bf326523, listdata|1cd62fa9, listtype|c86f000e, mailidentity|fff16c11, mailqueue|e3d35349, mailqueue_item|45f8858b, mailtemplate|18f3a9e0, membership_rule|278776f1, navbuttons|f8af426d, navstyle|7ed4a40e, navsuite|780ee720, order_items|12f705c0, orders|15cdc87a, pages|549b37c9, payment_method|6b0332b9, person|89599ce9, poll|c548ae6e, poll_choice|d94a8f4e, postings|8ea8104f, ',
    'product|3ee4f92, product_grouping|1d772a4d, product_relationship|79204adb, push_product_assign|4dc7bcf0, qb_config|35e6dae7, qb_connection|3227a7f0, qb_ident|66d8cb44, qb_import|9fd3eca9, qb_log|9dbab1ed, qb_notify|5e20c0e, qb_queue|7a5d98f7, qb_recur|c8f7849a, qb_ticket|109cc61a, qb_user|d423153e, registerevent|84bc52c6, report|64ac2daa, report_columns|3011c7b8, report_defaults|46822bae, report_filter|4a8d798, report_filter_criteria|8ba6845b, report_settings|46cec01, scheduled_task|89340e8, ',
    'system|f2560e6a, tax_code|c777f7b7, tax_regime|51aacb43, tax_rule|a9695788, tax_zone|5c46d8d7, theme|7f2ec543, widget|4b7331c8, DB_media.media|2d9994f1');
UPDATE `system` SET `system`.`classes_cs_target` = 'a32aca91';
UPDATE `system` SET `system`.`classes_detail` =
  CONCAT(
    'class.action.php|1.0.24|23020|a6f08fd6, class.activity.php|1.0.19|7744|1a17c13d, class.ajax.php|1.0.27|18792|7494877b, class.akismet.php|0.41.f|7970|920d6584, class.array2xml.php|1.0.1|2292|76b4c130, class.article.php|1.0.43|15595|a17b027, class.backup.php|1.1.10|11389|cc614105, class.barcode.php|1.0.4|5031|eca9ae45, class.base.php|1.0.17|7174|1d0200ce, class.base_error.php|1.0.2|651|8fb940e8, class.beanstream_gateway.php|1.0.5|9725|37b53ef6, class.block_layout.php|1.0.74|37923|c1e87e08, ',
    'class.bugtracker.php|1.0.8|11121|5e3f1001, class.captcha.php|1.0.1|5527|99d91fea, class.cart.php|1.0.7|6834|480b230a, class.category.php|1.0.3|3020|4b1dcf78, class.category_assign.php|1.0.5|1346|57230d08, class.cezpdf.php|1.0.2|54973|ef0be272, class.chasepaymentech_gateway.php|1.0.7|12411|98e8b339, class.checkout.php|1.0.45|18809|e09f417c, class.ckfinder.php|1.0.6|3818|3d198b83, class.colour_scheme.php|1.0.3|4726|9a71cfb9, class.comment.php|1.0.19|24927|4c1c5efe, ',
    'class.community.php|1.0.121|31209|504d4a2e, class.community_article.php|1.0.4|869|d33c0cf8, class.community_display.php|1.0.52|110388|e09c139f, class.community_event.php|1.0.5|1238|5efacaeb, class.community_member.php|1.0.116|67284|f19aa867, class.community_member_article.php|1.0.4|892|77c26278, class.community_member_display.php|1.0.55|79822|acf1bcf8, class.community_member_event.php|1.0.4|2036|e007820a, class.community_member_news_item.php|1.0.4|897|6d90769d, ',
    'class.community_member_podcast.php|1.0.4|945|75b1ae85, class.community_member_posting.php|1.0.7|5042|da390d2e, class.community_member_resource.php|1.0.12|8421|e6c3c36a, class.community_member_summary.php|1.0.21|48700|69179469, class.community_membership.php|1.0.5|979|ce7e4fe5, class.community_news_item.php|1.0.4|868|92f8e5e, class.community_podcast.php|1.0.4|868|f608146d, class.community_posting.php|1.0.8|7647|ebbc7571, class.community_resource.php|1.0.10|8507|e7c78a73, ',
    'class.community_sponsorship_plan.php|1.0.3|923|7cb49d72, class.component.php|1.0.108|1838|50dd744b, class.component_base.php|1.0.24|2822|e335d15f, class.component_community_gallery_album.php|1.0.0|868|eaca91fd, class.component_email_to_friend.php|1.0.0|11087|3ffac8bb, class.component_event_registration.php|1.0.7|17825|99d0ea24, class.component_events_map.php|1.0.6|10030|417266f, class.component_facebook_like.php|1.0.5|2867|dbd31416, class.component_flickr.php|1.0.0|2546|d56be417, ',
    'class.component_folder_viewer.php|1.0.0|1496|86a2a83f, class.component_forgotten_password.php|1.0.1|1976|b0cf42f, class.component_form.php|1.0.0|1545|b6150d41, class.component_gallery_album.php|1.0.81|49681|f06570f6, class.component_gallery_album_gallery_image.php|1.0.3|1493|c626f759, class.component_gallery_fader.php|1.0.44|21994|430fcdb8, class.component_gallery_thumbnails.php|1.0.37|27278|491f573f, class.component_gc_weather.php|1.0.0|3618|169d1f1b, ',
    'class.component_google_map.php|1.0.0|3418|6d601124, class.component_google_plusone.php|1.0.1|1408|aa58bd45, class.component_group_member_redirector.php|1.0.1|2433|ec0b11a2, class.component_image_fader.php|1.0.2|5135|a5654a7e, class.component_image_gallery.php|1.0.2|3979|c06ff2a0, class.component_image_text.php|1.0.0|2073|fafb7e6f, class.component_importer.php|1.0.2|1084|5fad515f, class.component_jumploader.php|1.0.7|5138|d3457cc0, class.component_language_button.php|1.0.1|2264|2fe3a328, ',
    'class.component_member_search.php|1.0.13|30013|f690e66, class.component_order_detail.php|1.0.6|8774|2716b1d0, class.component_password_protect.php|1.0.4|3348|f3a11b0, class.component_paypal_return.php|1.0.1|2778|3bad72af, class.component_persons_listing.php|1.0.2|9070|c364832d, class.component_persons_map.php|1.0.2|5350|ade69cbe, class.component_poll.php|1.0.2|2208|6adce7d1, class.component_poll_archive.php|1.0.2|6877|2a685f9b, class.component_prayer_request.php|1.0.0|2918|ec7d1b95, ',
    'class.component_product_dropdown.php|1.0.2|5160|2596d391, class.component_random_news.php|1.0.1|2875|22f34d84, class.component_related_block.php|1.0.4|5695|9a9bef64, class.component_remote_page_content.php|1.0.0|1370|d95e2965, class.component_rss_headlines.php|1.0.2|2163|59810422, class.component_search_date_picker.php|1.0.0|2609|f77806be, class.component_search_tag_cloud.php|1.0.0|1655|294f51a5, class.component_secure_email.php|1.0.0|2785|4ca1ff40, ',
    'class.component_share_this.php|1.0.2|4896|adbdf122, class.component_shop.php|1.0.8|4944|12926bb6, class.component_signin.php|1.0.3|4935|d812fbd7, class.component_signup.php|1.0.2|11582|2ecaeb26, class.component_sitemap.php|1.0.4|4648|a5ff9be8, class.component_splash_page.php|1.0.0|1142|e57f991e, class.component_subscribe.php|1.0.1|2906|6138f722, class.component_survey.php|1.0.1|3319|9d020711, class.component_time_tracker.php|1.0.4|12108|66888f42, ',
    'class.component_video_player.php|1.0.1|3186|64d49857, class.contact.php|1.0.5|910|68e9b1eb, class.content_block.php|1.0.9|951|2bb73e0f, class.context_menu.php|1.0.79|116442|148c07be, class.country.php|1.0.1|837|39e46aa6, class.cpdf.php|1.0.1|100670|aa38440f, class.credit_memo.php|1.0.11|8123|7e84cfe4, class.crm_case.php|1.0.14|11791|2408a392, class.crm_case_task.php|1.0.2|6044|12e74983, class.cron.php|1.0.11|1211|40735360, class.curl.php|1.0.1|1707|f9de57b2, ',
    'class.custom_form.php|1.0.43|77112|bc48d4da, class.custom_registration.php|1.0.3|2300|daef5ff, class.displayable_item.php|1.0.163|91850|33f56b7d, class.droplib.php|2.1.0.d|53456|ed927455, class.dtd.php|1.0.0|384|a996428f, class.ecc_facebook.php|1.0.0|4565|6f282a51, class.ecl_tag.php|1.0.3|3182|76624a77, class.event.php|1.0.110|76170|da75f6de, class.event_recurrence.php|1.0.12|44204|d06fc64b, class.export.php|1.0.28|13517|8fa33477, class.fck.php|1.0.25|3470|11eced5e, ',
    'class.fdf.php|1.0.0|1752|62b82016, class.field_template.php|1.0.1|694|417ff657, class.filesystem.php|1.0.19|18706|1c841241, class.font_face.php|1.0.1|930|690325e1, class.gallery_album.php|1.0.36|19688|73bc14ff, class.gallery_image.php|1.0.27|16042|33066591, class.gateway_setting.php|1.0.4|2805|a9b30269, class.gateway_type.php|1.0.2|906|3cd3cf44, class.gc_weather.php|1.0.1|4530|ed1f3db7, class.google_map.php|1.0.48|4773|c6032914, class.group.php|1.0.30|17810|1dd0cbb1, ',
    'class.group_assign.php|1.0.3|2556|890ed72, class.group_member.php|1.0.5|1255|7c27c8f6, class.group_wizard.php|1.0.14|15904|26beb6e8, class.gwsocket.php|1.0.0|4259|af934122, class.handler.php|1.0.1|834|78583859, class.help.php|1.0.8|7089|6a8ae55, class.history.php|1.0.5|2967|c07e3f8c, class.html.php|1.0.98|71010|1ad6eef2, class.html2text.php|1.0.1|18318|217d0b8b, class.http_raw_socket.php|1.0.1|2743|bc5c864d, class.image_factory.php|1.0.10|12710|43335bdb, ',
    'class.image_template.php|1.0.2|980|fa8e93a4, class.job_posting.php|1.0.20|6474|51ce59fa, class.jsmin.php|1.0.0|7763|8aa9202b, class.jumploader.php|1.1.1|6875|7ae89e29, class.keyword.php|1.0.11|12646|14a4c320, class.keyword_assign.php|1.0.2|1683|86d9d3cd, class.language.php|1.0.3|4116|5d71387, class.language_assign.php|1.0.1|2487|8974f40c, class.layout.php|1.0.41|43915|26e052c9, class.link.php|1.0.7|16868|12943bb5, class.listdata.php|1.0.5|1041|8c3cbbfa, class.listtype.php|1.0.11|7254|3edc23bf, ',
    'class.lst_delivery_method.php|1.0.0|362|90060428, class.lst_delivery_status.php|1.0.0|401|7147e852, class.lst_effective_period_unit.php|1.0.0|397|60c1e9da, class.lst_language.php|1.0.0|343|2ba59612, class.lst_named_type.php|1.0.5|2556|37765696, class.lst_note_person_type.php|1.0.0|360|34916ccf, class.lst_payment_status.php|1.0.2|765|cf5b6db3, class.lst_persontitle.php|1.0.0|343|ccf0a81a, class.lst_product_type.php|1.0.0|347|53bcafa0, class.lst_refund_status.php|1.0.0|391|1678668a, ',
    'class.mail_queue.php|1.0.46|25894|29e7f9, class.mail_queue_item.php|1.0.16|8254|6bf6c2a8, class.mail_template.php|1.0.13|5039|f445df4f, class.media.php|1.0.3|3387|3830441c, class.media_audioplayer.php|1.0.10|1717|d5994bf9, class.media_youtube.php|1.0.7|1062|b8d7eeeb, class.membership_rule.php|1.0.2|3749|dd7c8104, class.news_item.php|1.0.25|11396|50d2ef10, class.note.php|1.0.3|9406|773e3893, class.notification.php|1.0.4|4976|8c117e0, class.order.php|1.0.71|59041|e158f6be, ',
    'class.orderitem.php|1.0.14|4193|2ef9938c, class.orders_overview.php|1.0.1|12377|67bf2cca, class.page.php|1.0.129|42635|31863517, class.page_edit.php|1.0.20|35363|620692dd, class.page_vars.php|1.0.27|23531|7a97722a, class.password.php|1.0.0|2362|66a7578e, class.payment_method.php|1.0.11|10706|20bfa6ae, class.paypal_gateway.php|1.0.24|19829|7648cd63, class.pdf.php|1.0.2|450|b03ab3a1, class.person.php|1.0.132|102179|7c235df3, class.person_merge_profiles.php|1.0.5|22039|77d722ae, ',
    'class.php_excel.php|1.0.3|1225|b56aee05, class.phpmailer.php|2.0.2|139547|2ec999d2, class.phpop3.php|1.0.4|5746|608ee4c2, class.piwik.php|1.0.3|6710|6d73328e, class.podcast.php|1.0.48|26094|525316fd, class.podcast_album.php|1.0.17|14791|dd665209, class.poll.php|1.0.11|11696|135b3c4c, class.poll_choice.php|1.0.4|1072|c918aab3, class.portal.php|1.0.41|19046|cd792785, class.posting.php|1.0.133|70601|f2e854d5, class.posting_contained.php|1.0.246|14564|92a23530, ',
    'class.posting_container.php|1.0.7|5036|5525dc30, class.prayer_request.php|1.0.0|516|7c065020, class.product.php|1.0.85|64553|be3e9001, class.product_catalogue.php|1.033|21684|e9442214, class.product_catalogue_checkout.php|1.0.5|5601|38b354ad, class.product_catalogue_credit_memo.php|1.0.2|3809|4dde8ab1, class.product_catalogue_order_history.php|1.0.5|8132|648225a9, class.product_catalogue_shop.php|1.0.6|4975|825adfc5, class.product_grouping.php|1.0.8|2784|d11c50cf, ',
    'class.product_grouping_column.php|1.0.1|2354|d009a62d, class.product_relationship.php|1.0.5|7749|40d5281e, class.push_product.php|1.0.0|1967|b8bee9cb, class.push_product_assign.php|1.0.1|1295|91df8dcd, class.qrcode.php|1.0.0|25872|9552549b, class.quickbooks.php|1.0.31|47671|adf6bf32, class.record.php|1.0.104|88936|38bfaba6, class.refunditem.php|1.0.1|436|541168c3, class.register_event.php|1.0.23|14128|3ded3e43, class.remote.php|1.0.14|4969|16557366, class.report.php|1.0.95|64350|6c08db7f, ',
    'class.report_column.php|1.0.146|176658|5f048fdf, class.report_column_download_pdf.php|1.0.2|6013|a8e3ea4c, class.report_column_report_field.php|1.0.33|46906|82d08f33, class.report_column_type.php|1.0.0|664|a52ba350, class.report_config.php|1.0.7|18829|f881457, class.report_defaults.php|1.0.3|1841|7fca07da, class.report_filter.php|1.0.17|14869|c728434f, class.report_filter_criteria.php|1.0.2|605|84f1a66e, class.report_form.php|1.0.67|53546|6ef60cb6, ',
    'class.report_form_field_lookup.php|1.0.3|8356|aaa48c7f, class.report_report.php|1.0.37|85605|531410b1, class.report_settings.php|1.0.5|4097|b42169f2, class.rss.php|1.0.32|39446|914ea1a6, class.rss_help.php|1.0.0|364|5477dd87, class.rss_proxy.php|1.0.3|2566|44b6751d, class.scheduled_task.php|1.0.4|3996|94b6eaa7, class.search.php|1.0.14|26229|b95252f4, class.services_json.php|1.0.2|34302|234ba448, class.shipping.php|1.0.6|5454|e1856dbc, class.smtp.php|2.0.1|40105|c2a5250a, ',
    'class.snoopy.php|1.2.4|38033|3da7574a, class.socketwriteread.php|1.0.0|2779|ce3717a6, class.sponsorship_plan.php|1.0.4|1789|e0b40d3c, class.state_province.php|1.0.4|1021|a8af9045, class.survey.php|1.0.19|9740|5edbd85c, class.survey_block.php|1.0.5|5735|4ff3b4d2, class.survey_response.php|1.0.1|685|355c5596, class.system.php|1.0.181|62096|1739dd34, class.system_copy.php|1.0.12|31460|58537a5b, class.system_edit.php|1.0.39|64177|6da32443, class.system_export.php|1.0.20|18157|b49880d6, ',
    'class.system_health.php|1.0.50|74127|a7529448, class.table.php|1.0.5|2581|6d770ade, class.tax_code.php|1.0.1|1319|557edda, class.tax_regime.php|1.0.16|7395|30a45da5, class.tax_rule.php|1.0.1|797|9f60a7a9, class.tax_zone.php|1.0.5|3337|77733990, class.theme.php|1.0.9|6750|1cef11b5, class.transformer.php|1.0.5|4532|d805fe7c, class.uploader.php|1.0.7|6068|68cb1cf7, class.user.php|1.0.8|7929|8c1910bc, class.widget.php|1.0.9|27502|27582a66, class.xml2array.php|1.0.1|1730|18dcc68c, ',
    'class.xml_sitemap.php|1.0.6|4874|fc029a8f, communitylisting.php|1.0.2|3001|7d2f4e0c, communitymemberlisting.php|1.0.1|3231|1d5871b4, communitymemberstats.php|1.0.0|3389|25ce535f, component/activitytabber.php|1.0.8|9218|529ed080, component/adminpersonlookup.php|1.0.6|4897|de37ee56, component/articlesrotator.php|1.0.13|15773|bef79f53, component/base.php|1.0.7|19662|9225a127, component/biblelinks.php|1.0.4|2534|13dbfdc5, component/breadcrumbs.php|1.0.7|4475|d00e3189, ',
    'component/calendarlarge.php|1.0.31|23608|bdcf0a0d, component/calendarsmall.php|1.0.6|5526|c3894668, component/calendaryearly.php|1.0.3|8110|af90b37f, component/categorystacker.php|1.0.6|10243|8a8b1a46, component/categorytabber.php|1.0.9|13086|f9f445f2, component/changepassword.php|1.0.3|5552|3a8a8d3f, component/collectionviewer.php|1.0.58|56472|23708fa1, component/combotabber.php|1.0.13|15802|f1618cc4, component/communitiesdisplay.php|1.0.11|8074|e1f653e5, ',
    'component/communitycalendar.php|1.0.4|994|c60783a5, component/communitycollectionviewer.php|1.0.2|474|d7b5d693, component/communitymembercalendar.php|1.0.4|1210|4eb5b20e, component/contentblock.php|1.0.3|4936|a4211712, component/contentgroupmembermirror.php|1.0.6|2382|331e568d, component/contentsigninmirror.php|1.0.4|1661|8bfc480f, component/customform.php|1.0.6|8052|cf8df093, component/customiserbutton.php|1.0.5|4053|bf182b7d, component/dailybibleverse.php|1.0.2|2136|b7ecf29, ',
    'component/documentcovers.php|1.0.2|4320|c2e431eb, component/documentreader.php|1.0.3|3358|d3abb1f, component/edityourprofile.php|1.0.2|3968|a50e25cc, component/emailform.php|1.0.3|7789|f1890768, component/emailnewslettersignup.php|1.0.4|13416|53ed23f7, component/emailoptin.php|1.0.2|4438|f3197c56, component/emailoptout.php|1.0.2|4479|6f7dd37c, component/emailunsubscribe.php|1.0.3|6468|70445a30, component/iconbookmark.php|1.0.2|2231|99aa440c, component/iconprintfriendly.php|1.0.2|1987|8ab1ee6a, ',
    'component/iconsitemap.php|1.0.3|1992|d23d48f5, component/iconsocial.php|1.0.6|3650|4b33c6cf, component/icontextsizer.php|1.0.2|2752|dc9c9c60, component/inlinesignin.php|1.0.4|7094|5f87b3f7, component/latestyoutube.php|1.0.3|3783|5e34265a, component/navlinks.php|1.0.3|1979|54769563, component/prevnext.php|1.0.3|6752|817633c3, component/rssdisplayer.php|1.0.3|4264|619d6f6e, component/searchcategorylist.php|1.0.3|5986|e1cd3e81, component/searchwordcloud.php|1.0.5|9555|e13d9b74, ',
    'component/twitter.php|1.0.0|2751|55692264, component/wowslider.php|1.0.17|22967|74e14e31, emailbouncechecker.php|1.0.5|7458|b0555dca, httperror.php|1.0.0|1845|1c7d9f80, lst_scrubber_data.php|1.0.0|982|b0a3dd47, mailbroadcastform.php|1.0.0|10437|ad4a2cf9, mailidentity.php|1.0.8|2716|24dd2e06, map/addresssubstitution.php|1.0.2|1306|4dccbc67, map/geocodecache.php|1.0.6|3412|a2983981, map/googlemap.php|1.0.3|32629|966c9a7, matthiasmullie/minify/css.php|1.0.0|18204|58f1b374, ',
    'matthiasmullie/minify/js.php|1.0.0|33065|435fe068, matthiasmullie/minify/minify.php|1.0.0|12435|c2626985, matthiasmullie/pathconverter/converter.php|1.0.0|5053|90533c43, nav/button.php|1.0.22|17035|cc8e96a9, nav/buttonimage.php|1.0.10|43384|d8c4bdad, nav/drawnav.php|1.0.9|15800|19375970, nav/style.php|1.0.16|4752|604e952e, nav/suite.php|1.0.44|25469|19081dc, output.php|1.0.3|4270|258841b8, pagedraw.php|1.0.2|28035|73c350e3, phpmailerexception.php|2.0.1|666|c53dc0ba, ',
    'piiscrubber.php|1.0.0|6530|b9b08858, robotstxt.php|1.0.0|2597|19d39a26, searchhandler.php|1.0.0|10122|15963cc7, ticket.php|1.0.0|1927|7f35831c');
UPDATE `system` SET `system`.`libraries_cs_target` = 'e958975a';
UPDATE `system` SET `system`.`libraries_detail` =
  CONCAT(
    '/codebase.php|5.4.2|, /db_connect.php|1.0.3|275ee15, /functions.php|1.0.22|813cdc31, /img.php|2.2.1|bd8e1d8d, /fedex/rate.php|1.0.6|f776de9a, /getid3/getid3.php|1.8.3b|4905aad0, /images/icons.gif||460db971, /images/icons-big.gif||c279ad3a, /images/labels.gif||646c2256, /js/ajaxupload.min.js|1.0.2|2b412eb, /js/ckeditor/ckeditor.js|// 4.5.3|374f2caf, /js/ckeditor/config.js|1.0.23|f838a546, /js/ckeditor/plugins/audio/plugin.js|1.0.4|2741ed91, /js/ckeditor/plugins/ecl/plugin.js|1.0.10|7a3004c8, ',
    '/js/ckeditor/plugins/more/plugin.js|1.0.4|f2b6d5fe, /js/ckeditor/plugins/video/plugin.js|1.0.4|e4fbc59, /js/ckeditor/plugins/youtube/plugin.js|1.0.4|6198442f, /js/ckeditor/plugins/zonebreak/plugin.js|1.0.3|d499229d, /js/ecc.js|1.0.9|e48831a4, /js/functions.js|1.1.272|61b6b85c, /js/member.js|1.0.154a4|4376118b, /js/jdplayer/mediaelement-and-player.min.js|2.13.1.c|4b4ede46, /js/jquery.min.js|1.11.0b|3f7a8cb1, /js/jquery-ui.min.js|1.10.4c|918dce94, /js/rss_reader.js|1.0.2|6d8fd7f3, ',
    '/js/spectrum.min.js|1.2.0.b|62a09b61, /js/treeview.js|4.3.e|599ade11, /style/breadcrumbs.css|1.0.3|5449aa5f, /style/default.css|1.0.173|814b1647, /style/community.css|1.0.5|847f835b, /style/labels.css|1.0.51|a344b4a1, /style/spectrum.min.css|1.2.0.c|481a359a, /style/pie.htc|1.0.0.b|7b7e50a2, /www/js/ckfinder/ckfinder.html|1.4.2.b|e15ec915, /www/js/ckfinder/config.php|1.4.2.G|f7a67103');
UPDATE `system` SET `system`.`reports_cs_target` = '42239cce';
UPDATE `system` SET `system`.`reports_detail` =
  CONCAT(
    'actions_for_custom_form|364098362|42173a2c||c11c2a41||66840cda, actions_for_product|1237787286|114de3e4|5aadcccf|48b293e7||7db0a042, actions_for_report|1155849835|a4704377|2acf4b9c|a71a499e|2d9fcbb8|1931936a, address-substitutions|1788081331|b072d7b||e015d45|a7ddd779|840099e5, admin_groups|1452624876|db4e7e56||||bbe0b07d, admin_manage_refunds|1961884056|a9c102e0||||854826d5, articles|1156338204|ce843c77|bdae47c3|d229b764|a318d4cd|b0bc20cb, ',
    'block_layout|531875437|b3e00c24||c9cbb445|e844e3e5|8454e45f, cases|1692352206|bb6e23e3|ed9dca9f|22da5767|32638573|4aefece1, comments|1985320706|b382d30a|5a78a4af|958ebf39|7139c7a9|39243bb7, comments_hidden|156656266|d357a0dd|3d73b18c|2eb975a||75fcc6b6, comments_pending|726654655|5fc552ea|c3bcaee6|74f0dbdb||7047249c, comments_spam|1685148626|e176b404|ab282e59|52ae3610||4f432aa6, comment_changes|888081516|715cb4a3||2cb9cba2||c75be09c, ',
    'community|1899073055|ced7a9c9|fd688f0b|9c7c3e0f|8638e08b|a582f6ca, community.articles|93810097|c0cd7ef9|5556eb5a|3d204cb3|d0883ad0|e63ff037, community.events|1304217624|5ec88da3|9e5054a9|8836dab|bf6c1d83|84f3ba8f, community.gallery-albums|522993388|d6ef516d|b922e68|cbfd7f29|c4ba32a3|5eb72c41, community.gallery-images|86967210|3845d8c1|f601a420|428fddf8|17dcad9e|166f574b, community.membership|1357442628|d298b273||8f8819ab|4aa25543|d5790de6, ',
    'community.news-items|2036787717|cbbe80a2|2602c2ff|44e0bdaf|8f0395ee|1d467651, community.podcast-albums|887489900|65a3955b|5bc9341e|882172ff|8109803b|54ca5ca8, community.podcasts|413070900|2d7beb48|9d927f8|aee9350d|9f20647b|b58b4e9f, community.sponsorship-plans|2002167964|493f0cb9|48460222|257eb42e|2b5d6801|b5b952e, community_member|1902153511|bb81eee5|7e6439fc|3d95fc3f|966359b4|c8a53d3c, community_member.admins|59838467|d7c9d366|7e0aa25|d4feed27|5510c836|96ea7a81, ',
    'community_member.articles|1897057515|645b7e39|e0fd409e|1e323f75|6a64eda3|c47cf904, community_member.contacts|546881527|c141089a|f8f8d972|e8818b74|8ddcd7c2|ef2b7610, community_member.dashboard.articles|100581518|f9009c4f|8c088bbb|4c9714e1||3e165e0, community_member.dashboard.events|778661710|821f786|7056653f|3a8bc352||d9f79213, community_member.dashboard.news-items|307302786|16edb422|4679983d|698e19fc||46ad4505, community_member.dashboard.podcasts|1958649010|cc016a85|2b78bde2|2c80f95a||e13d85da, ',
    'community_member.emails|1007955862|3a6a952a||65e2da75|6a1da247|503f9ddb, community_member.events|1653494123|d5ca5a8f|ff5a4510|4f15d11d|9666ae76|b51f1596, community_member.event_recurrences|921385375|4fbca19a|62afa26e|6fac24b4|6e3b9ff7|89df8674, community_member.gallery-albums|155055207|3400f1e8|d86ebc74|5354fa81|9b8d39fc|e8c537d0, community_member.gallery-images|2018430577|7268e9c6|53181aaf|c3b9e0e5|8e420d83|b86c351c, community_member.membership|1894826559|2efeefc1||aae07868|ae1dcadb|4de28d6c, ',
    'community_member.news-items|1641961006|10b5687|2bfe6ddf|73821501|14ec7461|60c63718, community_member.podcasts|997844663|a0b4e2fb|3131b1ff|5d405bdb|77e1fbf8|2b2f5813, community_member.podcast_albums|2033952651|32268213|3f7136b0|43501dc3|a4c9d333|377b24f2, community_member.signup|966413259|80ff28f4||4cd08e70|8a138212|e89f4d57, component|18|2700fe3c||b326fa9c|801edfde|b6de4f99, contact|455348469|65b6b21c|d41f24a4|1da3c4d8|d67e4b1e|56772b7f, Contact Lookup|1637270565|5a8e3307||9f547eea||b5d9e3d5, ',
    'content_block|520026104|ab8fcb70||ff82c311|e6e56a49|c2b1da02, credit_memo_change_history|2098763691|6ee49fff||2533ebda||10463362, credit_memo_status|1476582498|3f93eb4||c5c53b4d||f867b3a4, custom-registration|1554477889|7d31f613||c9253bc3|76571384|4a016bd6, custom_forms|2008354714|549bf021||654676f9|98c5e745|24b3cd76, dashboard_persons_pending|192989725|4df4d69b||181caf4c||bdab1101, db_export|35|ebb261e8||||cd615433, ecl_tags|436943101|5a34b106||7791396d|66bbd6c5|5be9bd72, ',
    'ecommerce_options|933478782|b1c1cbbb||||c2eae0c4, email_wizard|1762340055|718109a1||||d1689f8b, events|1|b779eba5|f808f2cb|b5693caa|9e45d149|3ecf9ec8, event_recurrences|775190392|79acd96a|9a0762e7|46ab39be|e697cd7b|e2acc4c6, event_registrants|33|1b448c61||c8056634|8d98ee4f|ae8f1044, field_templates|653541528|e7ee46d4||918b8981|90ff51ee|c80aa42f, gallery-albums|643449733|c1721585|c387d8e1|9d5dfefb|64cb9935|4b351e6b, ',
    'gallery-albums-for-gallery-album|1974205589|50e70211|ca949b6f|6c823861|135f011|be5b94e3, gallery-images|735315841|44aedff9|dd9ff45a|1a174935|2f4b62f1|84953560, gallery-images-for-gallery-album|157378518|aa3767bd|f5614a7d|a255f5a5|fe8a53ab|60248468, gateway_settings_beanstream|2100956420|584f6d1d||ab1b9de5|e4d9f2c2|677efb3f, gateway_settings_chasepaymentech|1256012063|45cf42c3||417a82b5|d0471838|837d9457, gateway_settings_paypal|1697487502|8836c53d||2f39518|cc197f37|56c58c1a, ',
    'gateway_type|1692645997|a87286d0||6bbd70f8|2e03413|3429c04a, geocode-cache|655193664|33e50add|bcfb6a54|9d74aca3|f63c040f|a390b7a6, groups|794898891|9549a9e9||9c8b14d9|51379787|17ac486e, group_members|2016217854|f6cd3140||d96c012b|164361f7|9ecdc6e6, image_template|149372726|d00b2d95||c00624c9|6760c180|b62c2297, job-postings|905005130|ab3b59dd|a04c13cc|6ce689cf|87ac688d|9ace19ea, keywords|1950810505|7b0cf843||d22b9849|c680e791|e1d1cf8d, layouts|19|ba856cae||4f4e009e|d656b1e6|715a5822, ',
    'links|624031849|adf12483|1681be13|9ae03770|a83bd828|546ca33e, links-for-link|1162752923|8541cb00|79e8ac48|4c7c0e0a|de386b71|4712f163, listdata|24|dea53221||8a340e84|e82bb0a7|1995402a, listdata_for_listtype|236636335|f4c96a32||78690420|32b45f24|363f5188, listtype|21|c9c161b1||568a7f00|dac24962|3cc16999, listtype_icon|101266328|8d55d8c5||||81cc15da, lst_column_types|13|2ad82610||8f363fa7|7920a796|1103b170, lst_country|2|dcd171fc||82d00471|724b2c90|892257e3, ',
    'lst_delivery_method|37939353|25df03a5||c0bfc6fe|cc6d4921|209364d, lst_delivery_status|418462548|c3d17aa5||5c345c47|da2763c0|9b037494, lst_effective_period_units|1208253402|5c9ec4cf||834f5b02|e8e203c5|1a6f3304, lst_font_face|23|77147cf4||f68d2e7a|839b2fe3|b09baf3e, lst_language|46236542|7dfa98fb||30abdd8a|62d61cae|9f01a345, lst_payment_status|714505724|1b50dde0||40d5a568|94d03992|eaf25f26, lst_persontitle|4|20777c8b||811b5ad5|462b2873|bfd4521d, ',
    'lst_product_grouping_columns|698451747|5d77996||24731e08|e58da73e|42a8cb80, lst_product_type|745648469|fd46a152||c93d2c3f|fa07b055|17c733c6, lst_refund_status|1216572200|7c0eb267||8a265be1|34c82d0a|7bb66666, lst_scrubber_data|335019973|1380ea70||6e9378be|de2235d3|5fdb8b88, lst_sp|5|eac6084f||e01a6613|f5e49c3a|c090eb93, mailidentity|126779465|9ecc5e5b||cc88226d|a7893236|f53fb39f, mail_broadcast|255|193726e3||||57704fd1, mail_queue|2138721438|fa7d9e44||4791e66c|6d2954de|eace705d, ',
    'mail_queue_items|553239922|4a13eeca||30bcef83|e266e780|3e2d2251, mail_templates|38|e3ec4c8c|e5dfd3e6|989c585f|38aaa75|9019da64, manage_credit_memos|10208891|311420a3||dc89ac4f|4445b355|27c03b88, manage_orders|411402082|56e84c64|63c6b14|62877845|23970647|6adbde3, manage_refunds|1681469982|bcbc1cbc||2b3f5942|25a7eaed|a32667d6, media_for_person|778735493|7eab02cc||ccceddea||f49613ed, membership-list|24752744|21a69c93||7419e64b|15d4e0de|7ad140f2, ',
    'membership_rules_for_system|1320435098|5b8e4a12||8bc2610f||1e5a7ef8, metadata|135519260|8870e53||9ba6c6f9||8ad85ce8, my_registered_events|27|581c45e||ecdafef7|edb7bf06|9f76d016, my_registration_list_for_event|32|be9f807a||273936a7||b8c7279, navbuttons|14|7a413819|df4e26ed|e0b3ceca|2f1dcd6d|be40bdc3, navbuttons_for_navsuite|387825988|6b3d151c|ae262fee|280cf3c4|41ae1748|7184bfe6, navstyle|1735323904|fd387335|9488a262|65cad30d|5e9c06c3|7064907b, ',
    'navsuite|15|1845d43d|16c02437|22356e15|8b328469|72e12b27, news-items|1392271173|be03d8a2|b2c3ef2e|942165a1|9b24c683|57f90d71, order_billing|79997869|cf9a2d92||d451941b||6837b529, order_change_history|996754020|2d1c490c||1402edbf||c7aab127, order_gateway_result|651333054|8af547b2||7c84e02a||4462582, order_shipping|848619315|7612fca9||e584ad2||2b0caeca, order_status|593231666|65dd2d5||770027ce||362d4c7e, pages|10|c429d17e|367f9a6a|1b358dd1|d57536|666d38a3, ',
    'payment_method|869930013|8fb16920||59aec872|ac602fe4|95068a9, persons_pending|12|ff2fa5ec||469d67ed|cb105e3e|8aae0dc0, person_emails|676174365|f1b044a7||62dc7a60|a2a6eaaa|de3e6134, person_groups|1159004324|3c96dba2|aa8c9176|2a363d4a|bd71ba72|6cb7caac, person_notes|1649793430|4159991f||b02b9376|5802d3b9|500178f0, person_orders|1855304946|8439bbf||68f76414|8d3d097b|33887292, person_view_for_order_1|702938128|62fea7e0||780c1827||c472ea9a, ',
    'person_view_for_order_2|377863590|b391ddbb||f20cb65d||367dccc5, podcast-albums|742378424|c99dab6a|c6345fe0|5bf1939b|28231d01|b151fcbd, podcast-albums-for-podcast-album|1271328360|468d9539|451b8663|e66b9718|f150c5a0|5ec632a1, podcasts|2116829793|26216c5f|c1b0cf61|d76f81f3|7351d9d6|3e39345f, podcasts-for-podcast-album|56401861|4a657eae|a0eb81b4|433b3634|8fba570e|d64b1e34, poll|2005713144|dc311bfc||bc39b03f|a8e6bc57|f3e25a80, poll_choice|1277341866|659e3d50||71ba9daa|5228e708|2f01c3e8, ',
    'product|458194221|6e75b346||3fba885d|9665ecc4|62c97610, product-relationships-for-gallery-album|1879544356|e5321b23||5e7f9d80|48bbcbd2|cfe2038b, product-relationships-for-gallery-image|497515852|b4a1873||c4b05768|4ae98757|53c9f890, products_for_event|47618369|2e9bd1ef|c6a3b248|da28dafa|a85cd518|31b3a108, products_for_product_grouping|1913031016|f02faeb9||9061155c|a3b50751|96f7228, products_overview|532951207|a29907fa||c19de9a9|b16c5728|568e1c8c, ',
    'product_grouping|372915493|4f45b0da||ef47ebd2|bab26f90|927e131f, registered_events|28|87c4ebad||3f72404|9683d864|2816ff68, relationships_for_product|731150601|e33948a5||ec70162e|796b32e1|3c48d6a9, report|11|87ef6e1c||ce3a33aa|580961d0|75230c4f, report_columns|7|4e8a72a5||f2ef4481|15a2fa25|ab3f166a, report_columns_for_report|1902651071|515f3dd1||80ff28|6748942|1abe5cb0, scheduler|194710800|18cba00||297405f4|c3c8c890|6e94172f, shop_manage_orders|95595756|b3d463dc||||6b5ddcd3, ',
    'shop_orders_overview|1728073570|1cff87a6||||f57d7428, signup|26|852c1063||8d465a93||ada5db75, site_icon|647162652|ec66e7c||||dcc2e8fa, sponsors-for-sponsorship-plan|1247696435|55fdb248|511a0631|e458821a|59603903|9410d8b8, survey|1348198425|24e06c56|3194eb2|40f27029|bb869569|46b1affa, survey_blocks_for_survey|2006131675|60c25b76||e32a680c|39fca07e|d2789215, survey_responses_for_survey|1345514723|3376858a||f8be2276|bbfcc933|82e4574f, system|8|b41a4771||f03310c8|fd179d1e|2b19a401, ',
    'tasks_for_case|430675239|100cb722|a2b945cd|b53c800c|3e420dea|d4f94565, tax_codes|59942561|33c1460c||4366bd0b|425d1b83|cf121f9f, tax_regime|561152653|9e93052||3d1d1dd8|9f837237|a6317bb1, tax_regimes_for_tax_zone|46991177|3e29f9d3||12754cb0|71957a65|50d08cf, tax_rules_for_tax_regime|182209916|168ed203||952da000|debe9f11|c8670884, tax_zones|2067747233|e67ffbdb||b73eafd|7e4008c8|21052d94, theme|2120608782|ae942c8e||87bc59b4|f514247d|b170d8e7, theme_accent_1|1091071801|435b0abc||9abc76ec||8b87ddb0, ',
    'theme_accent_2|582376101|e4078b1b||19f337a2||15ede43f, theme_accent_3|2134717818|41df4aab||aaac63a7||10c29841, theme_accent_4|290642889|6ba260||c7275d0||9c2cb60b, theme_accent_5|920246873|5e431c2e||4a0aba67||874b13ac, theme_banner|1242434882|84fc02ad||73da9400||b0bcb516, tickets|2119451158|d91d0049||2ec563f1|4d86006a|4d95f1a2, treb_view_listings|622536265|f4074657|9eafb08c|7ec913f7|ebfc28a8|825ebbd3, treb_view_room_listings|979751350|2315e738||a4f04e3b||eefaf240, ',
    'user|6|c175b6cc|447dddd0|4b02b208|d74bc1cc|a0d03231, User Lookup|1599889923|281d53ee||20e5b6d0||c8b7651f, user_activity_orders|1178493635|b36d6dd6||||8f87813a, view_credit_memos_for_order|118589083|2133a231||f9e5796||205c5b98, view_registered_events_for_order|1040680974|82ace8e4||fc18f7bf||4cf50b44, visitor_stats|1327825126|883bba55||||f11fa627, widget|1861367917|a1ec1ee4||9fc2dedc|c7c789d5|85a83add, your_cases|36207315|bda8af82|d3f30135|5a1db2cf|7ecea621|866be436, ',
    'your_order_history|581815015|34aabc0b||4b8ed1||19438013');
